Asset,Gold,Gold,Gold,Gold,Gold,Gold,Silver,Silver,Silver,Silver,Silver,Silver,Copper,Copper,Copper,Copper,Copper,Copper,Platinum,Platinum,Platinum,Platinum,Platinum,Platinum,WTI_Crude,WTI_Crude,WTI_Crude,WTI_Crude,WTI_Crude,WTI_Crude,Brent_Crude,Brent_Crude,Brent_Crude,Brent_Crude,Brent_Crude,Brent_Crude,S&P500,S&P500,S&P500,S&P500,S&P500,S&P500,Dow_Jones,Dow_Jones,Dow_Jones,Dow_Jones,Dow_Jones,Dow_Jones,Nasdaq,Nasdaq,Nasdaq,Nasdaq,Nasdaq,Nasdaq,Nikkei225,Nikkei225,Nikkei225,Nikkei225,Nikkei225,Nikkei225,TOPIX,TOPIX,TOPIX,TOPIX,TOPIX,TOPIX,DAX,DAX,DAX,DAX,DAX,DAX,FTSE100,FTSE100,FTSE100,FTSE100,FTSE100,FTSE100,Dollar_Index,Dollar_Index,Dollar_Index,Dollar_Index,Dollar_Index,Dollar_Index,USDJPY,USDJPY,USDJPY,USDJPY,USDJPY,USDJPY,Bitcoin,Bitcoin,Bitcoin,Bitcoin,Bitcoin,Bitcoin
Field,Adj Close,Close,High,Low,Open,Volume,Adj Close,Close,High,Low,Open,Volume,Adj Close,Close,High,Low,Open,Volume,Adj Close,Close,High,Low,Open,Volume,Adj Close,Close,High,Low,Open,Volume,Adj Close,Close,High,Low,Open,Volume,Adj Close,Close,High,Low,Open,Volume,Adj Close,Close,High,Low,Open,Volume,Adj Close,Close,High,Low,Open,Volume,Adj Close,Close,High,Low,Open,Volume,Adj Close,Close,High,Low,Open,Volume,Adj Close,Close,High,Low,Open,Volume,Adj Close,Close,High,Low,Open,Volume,Adj Close,Close,High,Low,Open,Volume,Adj Close,Close,High,Low,Open,Volume,Adj Close,Close,High,Low,Open,Volume
Date,,,,,,,,,,,,,,,,,,,,,,,,,,,,,,,,,,,,,,,,,,,,,,,,,,,,,,,,,,,,,,,,,,,,,,,,,,,,,,,,,,,,,,,,,,,,,,,,
2025-05-14,3181.39990234375,3181.39990234375,3233.0,3171.699951171875,3233.0,3518.0,32.22600173950195,32.22600173950195,32.255001068115234,32.084999084472656,32.2400016784668,57.0,4.611000061035156,4.611000061035156,4.690999984741211,4.590000152587891,4.644499778747559,940.0,980.7999877929688,980.7999877929688,983.5,980.7999877929688,982.7000122070312,10.0,63.150001525878906,63.150001525878906,63.68000030517578,62.75,63.619998931884766,225626.0,66.08999633789062,66.08999633789062,66.58999633789062,65.68000030517578,66.5199966430664,49980.0,,,,,,,,,,,,,,,,,,,,,,,,,,,,,,,23527.009765625,23527.009765625,23702.19921875,23444.41015625,23679.029296875,80368900.0,8585.0,8585.0,8616.099609375,8558.2001953125,8602.900390625,857059700.0,101.04000091552734,101.04000091552734,101.13999938964844,100.2699966430664,100.94999694824219,0.0,,,,,,,,,,,,
2025-05-15,3220.699951171875,3220.699951171875,3228.10009765625,3125.0,3151.0,652.0,32.48099899291992,32.48099899291992,32.48099899291992,32.48099899291992,32.48099899291992,2.0,4.644499778747559,4.644499778747559,4.651000022888184,4.54449987411499,4.605000019073486,737.0,996.5,996.5,996.5,996.5,996.5,10.0,61.619998931884766,61.619998931884766,62.90999984741211,60.470001220703125,62.880001068115234,258404.0,64.52999877929688,64.52999877929688,65.83999633789062,63.439998626708984,65.76000213623047,70642.0,5916.93017578125,5916.93017578125,5924.2099609375,5865.16015625,5869.81982421875,4991290000.0,42322.75,42322.75,42351.421875,41777.98046875,41777.98046875,736430000.0,19112.3203125,19112.3203125,19207.220703125,18967.779296875,19031.240234375,10546350000.0,37755.51171875,37755.51171875,37876.83984375,37633.359375,37832.359375,134800000.0,2898.625732421875,2905.5,2919.0,2899.5,2910.0,1202850.0,23695.58984375,23695.58984375,23696.6796875,23338.890625,23422.1796875,74787600.0,8633.7998046875,8633.7998046875,8634.599609375,8531.099609375,8585.0,1229933100.0,100.87999725341797,100.87999725341797,101.05999755859375,100.58999633789062,100.97000122070312,0.0,146.64999389648438,146.64999389648438,146.7209930419922,145.41600036621094,146.64999389648438,0.0,103744.640625,103744.640625,104153.6171875,101440.8125,103538.828125,50408241840.0
2025-05-16,3182.0,3182.0,3228.10009765625,3173.89990234375,3227.699951171875,199.0,32.15800094604492,32.15800094604492,32.2400016784668,31.90999984741211,32.19499969482422,100.0,4.555500030517578,4.555500030517578,4.622499942779541,4.5335001945495605,4.620999813079834,1098.0,990.2000122070312,990.2000122070312,990.2000122070312,990.2000122070312,990.2000122070312,10.0,62.4900016784668,62.4900016784668,62.709999084472656,61.25,61.70000076293945,121556.0,65.41000366210938,65.41000366210938,65.54000091552734,64.16999816894531,64.62999725341797,38629.0,5958.3798828125,5958.3798828125,5958.6201171875,5907.35986328125,5929.08984375,4850850000.0,42654.73828125,42654.73828125,42663.6796875,42232.55859375,42356.19921875,621250000.0,19211.099609375,19211.099609375,19213.419921875,19038.48046875,19151.5390625,10509820000.0,37753.71875,37753.71875,37786.4296875,37479.2109375,37748.578125,128100000.0,2903.114990234375,2910.0,2916.0,2892.5,2914.5,930250.0,23767.4296875,23767.4296875,23887.140625,23664.390625,23775.6796875,71976600.0,8684.599609375,8684.599609375,8697.0,8633.599609375,8633.7998046875,950109800.0,101.08999633789062,101.08999633789062,101.26000213623047,100.5199966430664,100.7699966430664,0.0,145.61300659179688,145.61300659179688,146.0570068359375,144.9320068359375,145.61300659179688,0.0,103489.2890625,103489.2890625,104533.484375,103137.4765625,103735.65625,44386499364.0
2025-05-17,3182.0,3182.0,3228.10009765625,3173.89990234375,3227.699951171875,199.0,32.15800094604492,32.15800094604492,32.2400016784668,31.90999984741211,32.19499969482422,100.0,4.555500030517578,4.555500030517578,4.622499942779541,4.5335001945495605,4.620999813079834,1098.0,990.2000122070312,990.2000122070312,990.2000122070312,990.2000122070312,990.2000122070312,10.0,62.4900016784668,62.4900016784668,62.709999084472656,61.25,61.70000076293945,121556.0,65.41000366210938,65.41000366210938,65.54000091552734,64.16999816894531,64.62999725341797,38629.0,5958.3798828125,5958.3798828125,5958.6201171875,5907.35986328125,5929.08984375,4850850000.0,42654.73828125,42654.73828125,42663.6796875,42232.55859375,42356.19921875,621250000.0,19211.099609375,19211.099609375,19213.419921875,19038.48046875,19151.5390625,10509820000.0,37753.71875,37753.71875,37786.4296875,37479.2109375,37748.578125,128100000.0,2903.114990234375,2910.0,2916.0,2892.5,2914.5,930250.0,23767.4296875,23767.4296875,23887.140625,23664.390625,23775.6796875,71976600.0,8684.599609375,8684.599609375,8697.0,8633.599609375,8633.7998046875,950109800.0,101.08999633789062,101.08999633789062,101.26000213623047,100.5199966430664,100.7699966430664,0.0,145.61300659179688,145.61300659179688,146.0570068359375,144.9320068359375,145.61300659179688,0.0,103191.0859375,103191.0859375,103716.9453125,102659.1796875,103489.2890625,37898552742.0
2025-05-18,3182.0,3182.0,3228.10009765625,3173.89990234375,3227.699951171875,199.0,32.15800094604492,32.15800094604492,32.2400016784668,31.90999984741211,32.19499969482422,100.0,4.555500030517578,4.555500030517578,4.622499942779541,4.5335001945495605,4.620999813079834,1098.0,990.2000122070312,990.2000122070312,990.2000122070312,990.2000122070312,990.2000122070312,10.0,62.4900016784668,62.4900016784668,62.709999084472656,61.25,61.70000076293945,121556.0,65.41000366210938,65.41000366210938,65.54000091552734,64.16999816894531,64.62999725341797,38629.0,5958.3798828125,5958.3798828125,5958.6201171875,5907.35986328125,5929.08984375,4850850000.0,42654.73828125,42654.73828125,42663.6796875,42232.55859375,42356.19921875,621250000.0,19211.099609375,19211.099609375,19213.419921875,19038.48046875,19151.5390625,10509820000.0,37753.71875,37753.71875,37786.4296875,37479.2109375,37748.578125,128100000.0,2903.114990234375,2910.0,2916.0,2892.5,2914.5,930250.0,23767.4296875,23767.4296875,23887.140625,23664.390625,23775.6796875,71976600.0,8684.599609375,8684.599609375,8697.0,8633.599609375,8633.7998046875,950109800.0,101.08999633789062,101.08999633789062,101.26000213623047,100.5199966430664,100.7699966430664,0.0,145.61300659179688,145.61300659179688,146.0570068359375,144.9320068359375,145.61300659179688,0.0,106446.0078125,106446.0078125,106597.171875,103142.6015625,103186.953125,49887082058.0
2025-05-19,3228.89990234375,3228.89990234375,3241.0,3228.300048828125,3234.39990234375,266.0,32.3129997253418,32.3129997253418,32.56999969482422,32.209999084472656,32.439998626708984,217.0,4.633500099182129,4.633500099182129,4.633999824523926,4.534999847412109,4.561999797821045,1190.0,1004.5,1004.5,1004.5,1004.5,1004.5,10.0,62.689998626708984,62.689998626708984,63.400001525878906,61.56999969482422,62.75,95570.0,65.54000091552734,65.54000091552734,66.01000213623047,64.43000030517578,65.30999755859375,43539.0,5963.60009765625,5963.60009765625,5968.60986328125,5895.68994140625,5902.8798828125,4144010000.0,42792.0703125,42792.0703125,42842.0390625,42337.7109375,42542.80859375,536830000.0,19215.4609375,19215.4609375,19227.220703125,18937.419921875,18937.419921875,13080030000.0,37498.62890625,37498.62890625,37656.23046875,37445.9296875,37572.359375,107600000.0,2901.61865234375,2908.5,2914.0,2899.5,2906.0,600940.0,23934.98046875,23934.98046875,23935.08984375,23676.349609375,23705.9296875,47854200.0,8699.2998046875,8699.2998046875,8699.2998046875,8613.5,8684.599609375,890111700.0,100.43000030517578,100.43000030517578,100.91000366210938,100.05999755859375,100.91000366210938,0.0,145.29800415039062,145.29800415039062,145.33900451660156,144.6580047607422,145.29800415039062,0.0,105606.1796875,105606.1796875,107068.71875,102112.6875,106430.53125,61761126647.0
2025-05-20,3280.300048828125,3280.300048828125,3293.199951171875,3207.5,3219.0,356.0,32.97999954223633,32.97999954223633,33.064998626708984,32.06999969482422,32.119998931884766,35.0,4.619500160217285,4.619500160217285,4.640500068664551,4.589000225067139,4.60699987411499,1081.0,1053.800048828125,1053.800048828125,1053.800048828125,1053.800048828125,1053.800048828125,10.0,62.560001373291016,62.560001373291016,63.16999816894531,62.189998626708984,62.68000030517578,250414.0,65.37999725341797,65.37999725341797,66.0,64.8499984741211,65.56999969482422,42663.0,5940.4599609375,5940.4599609375,5953.06005859375,5909.259765625,5944.66015625,4416850000.0,42677.23828125,42677.23828125,42800.0390625,42485.37109375,42735.109375,441530000.0,19142.7109375,19142.7109375,19186.689453125,19015.630859375,19132.060546875,9047100000.0,37529.48828125,37529.48828125,37921.80859375,37455.69921875,37723.6015625,125800000.0,2897.12939453125,2904.0,2931.5,2900.5,2924.5,1981190.0,24036.109375,24036.109375,24082.48046875,23898.849609375,24004.390625,66388300.0,8781.099609375,8781.099609375,8789.400390625,8698.099609375,8699.2998046875,950651400.0,100.12000274658203,100.12000274658203,100.58000183105469,100.01000213623047,100.43000030517578,0.0,144.97500610351562,144.97500610351562,145.44900512695312,144.0970001220703,144.97500610351562,0.0,106791.0859375,106791.0859375,107307.1171875,104206.515625,105605.40625,36515726122.0
2025-05-21,3309.300048828125,3309.300048828125,3317.5,3290.199951171875,3293.39990234375,979.0,33.4630012512207,33.4630012512207,33.57500076293945,33.04499816894531,33.04499816894531,217.0,4.638000011444092,4.638000011444092,4.656499862670898,4.622499942779541,4.650000095367432,1191.0,1082.5999755859375,1082.5999755859375,1082.5999755859375,1082.5999755859375,1082.5999755859375,10.0,61.56999969482422,61.56999969482422,64.19000244140625,61.279998779296875,62.27000045776367,302702.0,64.91000366210938,64.91000366210938,67.48999786376953,64.61000061035156,65.61000061035156,58658.0,5844.60986328125,5844.60986328125,5938.3701171875,5830.91015625,5910.18017578125,5254250000.0,41860.44140625,41860.44140625,42439.26953125,41785.21875,42354.4609375,607900000.0,18872.640625,18872.640625,19241.41015625,18799.19921875,19002.939453125,11112460000.0,37298.98046875,37298.98046875,37659.94140625,37298.98046875,37590.1484375,121300000.0,2894.63525390625,2901.5,2922.5,2898.5,2917.5,1352180.0,24122.400390625,24122.400390625,24152.240234375,23871.470703125,23966.419921875,58543400.0,8786.5,8786.5,8798.5,8762.0,8781.099609375,923718700.0,99.55999755859375,99.55999755859375,99.98999786376953,99.33999633789062,99.98999786376953,0.0,144.3280029296875,144.3280029296875,144.3470001220703,143.45899963378906,144.3280029296875,0.0,109678.078125,109678.078125,110724.4609375,106127.234375,106791.3125,78086364051.0
2025-05-22,3292.300048828125,3292.300048828125,3328.0,3282.699951171875,3327.300048828125,1210.0,33.047000885009766,33.047000885009766,33.57500076293945,32.84000015258789,33.57500076293945,16.0,4.648499965667725,4.648499965667725,4.649499893188477,4.564000129699707,4.579999923706055,1194.0,1078.199951171875,1078.199951171875,1078.199951171875,1078.199951171875,1078.199951171875,10.0,61.20000076293945,61.20000076293945,61.75,60.25,61.33000183105469,258549.0,64.44000244140625,64.44000244140625,65.0199966430664,63.529998779296875,64.63999938964844,45811.0,5842.009765625,5842.009765625,5878.080078125,5825.81982421875,5841.259765625,5157050000.0,41859.08984375,41859.08984375,42090.421875,41714.4296875,41763.6796875,476080000.0,18925.740234375,18925.740234375,19061.109375,18840.33984375,18888.05078125,8289710000.0,36985.87109375,36985.87109375,37100.44921875,36855.828125,36931.890625,110900000.0,2875.68017578125,2882.5,2894.0,2872.0,2880.5,776450.0,23999.169921875,23999.169921875,24040.2109375,23843.0703125,24017.060546875,56102000.0,8739.2998046875,8739.2998046875,8786.5,8689.400390625,8786.5,815431200.0,99.95999908447266,99.95999908447266,100.12000274658203,99.44000244140625,99.63999938964844,0.0,143.7550048828125,143.7550048828125,144.0449981689453,142.8280029296875,143.7550048828125,0.0,111673.28125,111673.28125,111970.171875,109285.0703125,109673.4921875,70157575642.0
2025-05-23,3363.60009765625,3363.60009765625,3363.60009765625,3323.5,3328.0,47.0,33.44200134277344,33.44200134277344,33.53499984741211,33.099998474121094,33.099998474121094,44.0,4.80649995803833,4.80649995803833,4.8420000076293945,4.644999980926514,4.659999847412109,1217.0,1087.4000244140625,1087.4000244140625,1087.4000244140625,1087.4000244140625,1087.4000244140625,10.0,61.529998779296875,61.529998779296875,61.880001068115234,60.02000045776367,60.810001373291016,273392.0,64.77999877929688,64.77999877929688,65.04000091552734,63.310001373291016,64.0199966430664,29810.0,5802.81982421875,5802.81982421875,5829.509765625,5767.41015625,5781.89013671875,4662820000.0,41603.0703125,41603.0703125,41788.609375,41354.08984375,41525.69921875,497060000.0,18737.2109375,18737.2109375,18841.51953125,18599.689453125,18622.380859375,8730370000.0,37160.46875,37160.46875,37373.91015625,37111.62890625,37161.73828125,105300000.0,2899.12451171875,2906.0,2908.0,2894.5,2897.0,1326140.0,23629.580078125,23629.580078125,24149.080078125,23274.849609375,24026.689453125,94245400.0,8718.0,8718.0,8779.400390625,8604.7998046875,8739.2998046875,1051526200.0,99.11000061035156,99.11000061035156,99.94000244140625,99.05000305175781,99.87999725341797,0.0,143.85800170898438,143.85800170898438,144.00999450683594,142.468994140625,143.85800170898438,0.0,107287.796875,107287.796875,111798.90625,106841.3046875,111679.359375,67548133399.0
2025-05-24,3363.60009765625,3363.60009765625,3363.60009765625,3323.5,3328.0,47.0,33.44200134277344,33.44200134277344,33.53499984741211,33.099998474121094,33.099998474121094,44.0,4.80649995803833,4.80649995803833,4.8420000076293945,4.644999980926514,4.659999847412109,1217.0,1087.4000244140625,1087.4000244140625,1087.4000244140625,1087.4000244140625,1087.4000244140625,10.0,61.529998779296875,61.529998779296875,61.880001068115234,60.02000045776367,60.810001373291016,273392.0,64.77999877929688,64.77999877929688,65.04000091552734,63.310001373291016,64.0199966430664,29810.0,5802.81982421875,5802.81982421875,5829.509765625,5767.41015625,5781.89013671875,4662820000.0,41603.0703125,41603.0703125,41788.609375,41354.08984375,41525.69921875,497060000.0,18737.2109375,18737.2109375,18841.51953125,18599.689453125,18622.380859375,8730370000.0,37160.46875,37160.46875,37373.91015625,37111.62890625,37161.73828125,105300000.0,2899.12451171875,2906.0,2908.0,2894.5,2897.0,1326140.0,23629.580078125,23629.580078125,24149.080078125,23274.849609375,24026.689453125,94245400.0,8718.0,8718.0,8779.400390625,8604.7998046875,8739.2998046875,1051526200.0,99.11000061035156,99.11000061035156,99.94000244140625,99.05000305175781,99.87999725341797,0.0,143.85800170898438,143.85800170898438,144.00999450683594,142.468994140625,143.85800170898438,0.0,107791.15625,107791.15625,109454.5234375,106895.2890625,107278.5078125,45903627163.0
2025-05-25,3363.60009765625,3363.60009765625,3363.60009765625,3323.5,3328.0,47.0,33.44200134277344,33.44200134277344,33.53499984741211,33.099998474121094,33.099998474121094,44.0,4.80649995803833,4.80649995803833,4.8420000076293945,4.644999980926514,4.659999847412109,1217.0,1087.4000244140625,1087.4000244140625,1087.4000244140625,1087.4000244140625,1087.4000244140625,10.0,61.529998779296875,61.529998779296875,61.880001068115234,60.02000045776367,60.810001373291016,273392.0,64.77999877929688,64.77999877929688,65.04000091552734,63.310001373291016,64.0199966430664,29810.0,5802.81982421875,5802.81982421875,5829.509765625,5767.41015625,5781.89013671875,4662820000.0,41603.0703125,41603.0703125,41788.609375,41354.08984375,41525.69921875,497060000.0,18737.2109375,18737.2109375,18841.51953125,18599.689453125,18622.380859375,8730370000.0,37160.46875,37160.46875,37373.91015625,37111.62890625,37161.73828125,105300000.0,2899.12451171875,2906.0,2908.0,2894.5,2897.0,1326140.0,23629.580078125,23629.580078125,24149.080078125,23274.849609375,24026.689453125,94245400.0,8718.0,8718.0,8779.400390625,8604.7998046875,8739.2998046875,1051526200.0,99.11000061035156,99.11000061035156,99.94000244140625,99.05000305175781,99.87999725341797,0.0,143.85800170898438,143.85800170898438,144.00999450683594,142.468994140625,143.85800170898438,0.0,109035.390625,109035.390625,109313.3046875,106683.375,107802.2734375,47518041841.0
2025-05-26,3363.60009765625,3363.60009765625,3363.60009765625,3323.5,3328.0,47.0,33.44200134277344,33.44200134277344,33.53499984741211,33.099998474121094,33.099998474121094,44.0,4.80649995803833,4.80649995803833,4.8420000076293945,4.644999980926514,4.659999847412109,1217.0,1087.4000244140625,1087.4000244140625,1087.4000244140625,1087.4000244140625,1087.4000244140625,10.0,61.529998779296875,61.529998779296875,61.880001068115234,60.02000045776367,60.810001373291016,273392.0,64.77999877929688,64.77999877929688,65.04000091552734,63.310001373291016,64.0199966430664,29810.0,5802.81982421875,5802.81982421875,5829.509765625,5767.41015625,5781.89013671875,4662820000.0,41603.0703125,41603.0703125,41788.609375,41354.08984375,41525.69921875,497060000.0,18737.2109375,18737.2109375,18841.51953125,18599.689453125,18622.380859375,8730370000.0,37531.53125,37531.53125,37531.53125,37167.01171875,37209.26171875,89900000.0,2915.086669921875,2922.0,2927.0,2907.0,2913.0,967120.0,24027.650390625,24027.650390625,24050.599609375,23932.0390625,24009.099609375,37001300.0,8718.0,8718.0,8779.400390625,8604.7998046875,8739.2998046875,1051526200.0,98.93000030517578,98.93000030517578,99.16000366210938,98.69000244140625,99.08999633789062,0.0,142.86700439453125,142.86700439453125,143.0330047607422,142.23399353027344,142.86700439453125,0.0,109440.3671875,109440.3671875,110376.8828125,108735.640625,109023.78125,45950461571.0
2025-05-27,3299.10009765625,3299.10009765625,3341.0,3296.300048828125,3332.5,189.0,33.145999908447266,33.145999908447266,33.22999954223633,32.94499969482422,33.22999954223633,203.0,4.710000038146973,4.710000038146973,4.810999870300293,4.703000068664551,4.810999870300293,983.0,1075.5999755859375,1075.5999755859375,1075.5999755859375,1075.5999755859375,1075.5999755859375,10.0,60.88999938964844,60.88999938964844,62.13999938964844,60.2599983215332,61.70000076293945,291317.0,64.08999633789062,64.08999633789062,65.41000366210938,63.470001220703125,65.0199966430664,34117.0,5921.5400390625,5921.5400390625,5924.330078125,5854.06982421875,5854.06982421875,5366380000.0,42343.6484375,42343.6484375,42350.66015625,41849.0390625,41849.0390625,501340000.0,19199.16015625,19199.16015625,19210.94921875,18961.689453125,19014.439453125,93974540000.0,37724.109375,37724.109375,37769.05078125,37411.6796875,37523.37109375,86200000.0,2937.533447265625,2944.5,2945.5,2916.0,2922.0,1315610.0,24226.490234375,24226.490234375,24300.970703125,24027.75,24054.16015625,53474100.0,8778.099609375,8778.099609375,8824.0,8718.0,8718.0,840001900.0,99.5199966430664,99.5199966430664,99.62000274658203,98.77999877929688,98.95999908447266,0.0,142.65499877929688,142.65499877929688,144.44900512695312,142.13099670410156,142.65499877929688,0.0,108994.640625,108994.640625,110744.2109375,107609.5546875,109440.40625,57450176272.0
2025-05-28,3293.60009765625,3293.60009765625,3293.60009765625,3293.60009765625,3293.60009765625,127758.0,33.0,33.0,33.14500045776367,32.95500183105469,33.14500045776367,656.0,4.644000053405762,4.644000053405762,4.739999771118164,4.636000156402588,4.71999979019165,1034.0,1070.5999755859375,1070.5999755859375,1070.5999755859375,1070.5999755859375,1070.5999755859375,60.0,61.84000015258789,61.84000015258789,62.540000915527344,60.849998474121094,61.040000915527344,260374.0,64.9000015258789,64.9000015258789,65.61000061035156,64.02999877929688,64.31999969482422,17817.0,5888.5498046875,5888.5498046875,5939.919921875,5881.8798828125,5925.5400390625,4665050000.0,42098.69921875,42098.69921875,42448.71875,42042.26171875,42361.62890625,518840000.0,19100.939453125,19100.939453125,19276.830078125,19084.380859375,19232.619140625,8087530000.0,37722.3984375,37722.3984375,38178.73046875,37709.7109375,38094.7890625,122600000.0,2938.0322265625,2945.0,2972.0,2941.0,2968.5,1718680.0,24038.189453125,24038.189453125,24325.970703125,24038.189453125,24250.990234375,57894000.0,8726.0,8726.0,8799.7998046875,8726.0,8778.099609375,816619700.0,99.87999725341797,99.87999725341797,99.95999908447266,99.44000244140625,99.52999877929688,0.0,144.177001953125,144.177001953125,145.06399536132812,143.86900329589844,144.177001953125,0.0,107802.328125,107802.328125,109298.2890625,106812.9296875,108992.171875,49155377493.0
2025-05-29,3317.10009765625,3317.10009765625,3328.800048828125,3242.39990234375,3283.699951171875,24370.0,33.28300094604492,33.28300094604492,33.439998626708984,32.65999984741211,32.90999984741211,686.0,4.653500080108643,4.653500080108643,4.66349983215332,4.644499778747559,4.66349983215332,1046.0,1074.699951171875,1074.699951171875,1080.300048828125,1074.699951171875,1079.199951171875,30.0,60.939998626708984,60.939998626708984,63.06999969482422,60.54999923706055,61.83000183105469,299859.0,64.1500015258789,64.1500015258789,66.12999725341797,63.779998779296875,65.30000305175781,10456.0,5912.169921875,5912.169921875,5943.1298828125,5873.7998046875,5939.9599609375,4569750000.0,42215.73046875,42215.73046875,42266.0,41828.3515625,42190.01953125,665310000.0,19175.869140625,19175.869140625,19389.390625,19091.5390625,19389.390625,11016850000.0,38432.98046875,38432.98046875,38454.0703125,38035.3203125,38046.96875,133200000.0,2977.438720703125,2984.5,2989.5,2961.0,2964.0,1504110.0,23933.23046875,23933.23046875,24255.009765625,23917.060546875,24255.009765625,42765200.0,8716.5,8716.5,8776.2998046875,8709.099609375,8726.0,973200900.0,99.27999877929688,99.27999877929688,100.54000091552734,99.22000122070312,100.54000091552734,0.0,145.69700622558594,145.69700622558594,146.25100708007812,144.06700134277344,145.69700622558594,0.0,105641.7578125,105641.7578125,108910.046875,105374.3984375,107795.5703125,56022752042.0
2025-05-30,3288.89990234375,3288.89990234375,3318.0,3270.89990234375,3315.10009765625,2213.0,32.891998291015625,32.891998291015625,32.974998474121094,32.891998291015625,32.974998474121094,380.0,4.652500152587891,4.652500152587891,4.699999809265137,4.632999897003174,4.647500038146973,1648.0,1051.699951171875,1051.699951171875,1051.699951171875,1051.699951171875,1051.699951171875,0.0,60.790000915527344,60.790000915527344,61.720001220703125,59.7400016784668,60.939998626708984,384927.0,63.900001525878906,63.900001525878906,64.5199966430664,63.70000076293945,63.81999969482422,63546.0,5911.68994140625,5911.68994140625,5922.14013671875,5843.66015625,5903.669921875,6378540000.0,42270.0703125,42270.0703125,42376.078125,41906.16015625,42192.3515625,796200000.0,19113.76953125,19113.76953125,19157.779296875,18847.740234375,19131.220703125,9042260000.0,37965.1015625,37965.1015625,38114.46875,37748.171875,37912.48828125,204300000.0,2965.46728515625,2972.5,2985.0,2946.0,2946.0,1192870.0,23997.48046875,23997.48046875,24181.529296875,23958.4296875,23963.490234375,110527000.0,8772.400390625,8772.400390625,8790.5,8715.599609375,8716.5,1740609200.0,99.33000183105469,99.33000183105469,99.66999816894531,99.12999725341797,99.25,0.0,143.7790069580078,143.7790069580078,144.4010009765625,143.44400024414062,143.7790069580078,0.0,103998.5703125,103998.5703125,106308.9453125,103685.7890625,105646.2109375,57655287183.0
2025-05-31,3288.89990234375,3288.89990234375,3318.0,3270.89990234375,3315.10009765625,2213.0,32.891998291015625,32.891998291015625,32.974998474121094,32.891998291015625,32.974998474121094,380.0,4.652500152587891,4.652500152587891,4.699999809265137,4.632999897003174,4.647500038146973,1648.0,1051.699951171875,1051.699951171875,1051.699951171875,1051.699951171875,1051.699951171875,0.0,60.790000915527344,60.790000915527344,61.720001220703125,59.7400016784668,60.939998626708984,384927.0,63.900001525878906,63.900001525878906,64.5199966430664,63.70000076293945,63.81999969482422,63546.0,5911.68994140625,5911.68994140625,5922.14013671875,5843.66015625,5903.669921875,6378540000.0,42270.0703125,42270.0703125,42376.078125,41906.16015625,42192.3515625,796200000.0,19113.76953125,19113.76953125,19157.779296875,18847.740234375,19131.220703125,9042260000.0,37965.1015625,37965.1015625,38114.46875,37748.171875,37912.48828125,204300000.0,2965.46728515625,2972.5,2985.0,2946.0,2946.0,1192870.0,23997.48046875,23997.48046875,24181.529296875,23958.4296875,23963.490234375,110527000.0,8772.400390625,8772.400390625,8790.5,8715.599609375,8716.5,1740609200.0,99.33000183105469,99.33000183105469,99.66999816894531,99.12999725341797,99.25,0.0,143.7790069580078,143.7790069580078,144.4010009765625,143.44400024414062,143.7790069580078,0.0,104638.09375,104638.09375,104927.1015625,103136.1171875,103994.71875,38997843858.0
2025-06-01,3288.89990234375,3288.89990234375,3318.0,3270.89990234375,3315.10009765625,2213.0,32.891998291015625,32.891998291015625,32.974998474121094,32.891998291015625,32.974998474121094,380.0,4.652500152587891,4.652500152587891,4.699999809265137,4.632999897003174,4.647500038146973,1648.0,1051.699951171875,1051.699951171875,1051.699951171875,1051.699951171875,1051.699951171875,0.0,60.790000915527344,60.790000915527344,61.720001220703125,59.7400016784668,60.939998626708984,384927.0,63.900001525878906,63.900001525878906,64.5199966430664,63.70000076293945,63.81999969482422,63546.0,5911.68994140625,5911.68994140625,5922.14013671875,5843.66015625,5903.669921875,6378540000.0,42270.0703125,42270.0703125,42376.078125,41906.16015625,42192.3515625,796200000.0,19113.76953125,19113.76953125,19157.779296875,18847.740234375,19131.220703125,9042260000.0,37965.1015625,37965.1015625,38114.46875,37748.171875,37912.48828125,204300000.0,2965.46728515625,2972.5,2985.0,2946.0,2946.0,1192870.0,23997.48046875,23997.48046875,24181.529296875,23958.4296875,23963.490234375,110527000.0,8772.400390625,8772.400390625,8790.5,8715.599609375,8716.5,1740609200.0,99.33000183105469,99.33000183105469,99.66999816894531,99.12999725341797,99.25,0.0,143.7790069580078,143.7790069580078,144.4010009765625,143.44400024414062,143.7790069580078,0.0,105652.1015625,105652.1015625,105884.546875,103826.953125,104637.296875,37397056873.0
2025-06-02,3370.60009765625,3370.60009765625,3380.800048828125,3296.89990234375,3296.89990234375,976.0,34.5629997253418,34.5629997253418,34.790000915527344,33.45000076293945,33.45000076293945,188.0,4.834499835968018,4.834499835968018,4.917500019073486,4.821499824523926,4.854499816894531,679.0,1060.300048828125,1060.300048828125,1060.300048828125,1060.300048828125,1060.300048828125,0.0,62.52000045776367,62.52000045776367,63.880001068115234,61.060001373291016,61.11000061035156,403580.0,64.62999725341797,64.62999725341797,65.70999908447266,62.970001220703125,63.040000915527344,57349.0,5935.93994140625,5935.93994140625,5937.39990234375,5861.43017578125,5896.68017578125,4832240000.0,42305.48046875,42305.48046875,42317.0,41853.62109375,42199.94140625,454680000.0,19242.609375,19242.609375,19252.7109375,18985.30078125,19063.060546875,7779940000.0,37470.671875,37470.671875,37651.1796875,37320.71875,37651.1796875,109600000.0,2941.025146484375,2948.0,2956.0,2937.5,2952.5,1176930.0,23930.669921875,23930.669921875,23993.220703125,23740.08984375,23865.380859375,53147300.0,8774.2998046875,8774.2998046875,8792.099609375,8730.599609375,8772.400390625,669303400.0,98.69999694824219,98.69999694824219,99.41999816894531,98.61000061035156,99.41000366210938,0.0,143.81500244140625,143.81500244140625,143.7969970703125,142.54600524902344,143.81500244140625,0.0,105881.53125,105881.53125,105958.3125,103727.546875,105649.8125,45819706290.0
2025-06-03,3350.199951171875,3350.199951171875,3390.0,3331.300048828125,3385.10009765625,6410.0,34.50299835205078,34.50299835205078,34.50299835205078,34.314998626708984,34.314998626708984,14.0,4.809500217437744,4.809500217437744,4.839000225067139,4.764999866485596,4.822500228881836,1484.0,1071.300048828125,1071.300048828125,1071.300048828125,1051.699951171875,1052.300048828125,54.0,63.40999984741211,63.40999984741211,63.88999938964844,62.400001525878906,63.02000045776367,291260.0,65.62999725341797,65.62999725341797,65.94000244140625,64.5199966430664,65.02999877929688,43536.0,5970.3701171875,5970.3701171875,5981.35009765625,5929.0,5938.56005859375,5026680000.0,42519.640625,42519.640625,42568.37890625,42186.44140625,42304.5,504410000.0,19398.9609375,19398.9609375,19459.279296875,19224.69921875,19288.66015625,7990230000.0,37446.80859375,37446.80859375,37729.44921875,37446.80859375,37598.30859375,109300000.0,2936.037109375,2943.0,2959.5,2942.5,2954.0,653520.0,24091.619140625,24091.619140625,24101.55078125,23826.390625,24031.9609375,50506800.0,8787.0,8787.0,8801.5,8738.5,8774.2998046875,690088000.0,99.25,99.25,99.33000183105469,98.58000183105469,98.58999633789062,0.0,142.45199584960938,142.45199584960938,143.97300720214844,142.42300415039062,142.45199584960938,0.0,105432.46875,105432.46875,106813.578125,104920.84375,105888.4765625,46196508367.0
2025-06-04,3373.5,3373.5,3380.0,3344.0,3355.0,207.0,34.51900100708008,34.51900100708008,34.51900100708008,34.38999938964844,34.38999938964844,164.0,4.864500045776367,4.864500045776367,4.879499912261963,4.829999923706055,4.8394999504089355,940.0,1088.699951171875,1088.699951171875,1089.5,1076.300048828125,1076.300048828125,120.0,62.849998474121094,62.849998474121094,63.959999084472656,62.16999816894531,63.36000061035156,321128.0,64.86000061035156,64.86000061035156,65.95999908447266,64.27999877929688,65.61000061035156,56182.0,5970.81005859375,5970.81005859375,5990.47998046875,5966.10986328125,5978.93994140625,4767050000.0,42427.73828125,42427.73828125,42645.0,42427.73828125,42574.12890625,409600000.0,19460.490234375,19460.490234375,19493.44921875,19359.08984375,19434.939453125,7695660000.0,37747.44921875,37747.44921875,37868.421875,37672.46875,37686.66015625,106700000.0,2949.00634765625,2956.0,2966.0,2954.0,2957.5,712770.0,24276.48046875,24276.48046875,24346.150390625,24129.3203125,24253.689453125,54182400.0,8801.2998046875,8801.2998046875,8821.400390625,8780.400390625,8787.0,741650200.0,98.79000091552734,98.79000091552734,99.38999938964844,98.66999816894531,99.18000030517578,0.0,143.83700561523438,143.83700561523438,144.3489990234375,142.9029998779297,143.83700561523438,0.0,104731.984375,104731.984375,105997.6953125,104232.703125,105434.3671875,44544857105.0
2025-06-05,3350.699951171875,3350.699951171875,3400.0,3343.699951171875,3371.5,731.0,35.68899917602539,35.68899917602539,36.025001525878906,35.29999923706055,35.30500030517578,55.0,4.91349983215332,4.91349983215332,5.035999774932861,4.880000114440918,4.880000114440918,541.0,1133.699951171875,1133.699951171875,1133.699951171875,1085.9000244140625,1085.9000244140625,467.0,63.369998931884766,63.369998931884766,63.97999954223633,62.5,62.7599983215332,232423.0,65.33999633789062,65.33999633789062,65.86000061035156,64.62999725341797,64.91000366210938,38658.0,5939.2998046875,5939.2998046875,5999.7001953125,5921.2001953125,5985.669921875,5091850000.0,42319.73828125,42319.73828125,42601.44921875,42211.69140625,42487.890625,532850000.0,19298.44921875,19298.44921875,19610.509765625,19226.220703125,19518.19921875,8782360000.0,37554.48828125,37554.48828125,37732.87890625,37527.87890625,37590.390625,113800000.0,2918.07958984375,2925.0,2943.5,2923.5,2940.0,831270.0,24323.580078125,24323.580078125,24479.419921875,24220.7109375,24281.2109375,53665700.0,8811.0,8811.0,8838.7998046875,8782.099609375,8801.2998046875,722917300.0,98.73999786376953,98.73999786376953,98.94000244140625,98.3499984741211,98.80000305175781,0.0,142.73199462890625,142.73199462890625,143.947998046875,142.58700561523438,142.73199462890625,0.0,101575.953125,101575.953125,105936.6875,100436.8828125,104750.78125,57479298400.0
2025-06-06,3322.699951171875,3322.699951171875,3364.300048828125,3306.0,3364.300048828125,81.0,36.025001525878906,36.025001525878906,36.35499954223633,35.6349983215332,35.654998779296875,367.0,4.829999923706055,4.829999923706055,4.920000076293945,4.814499855041504,4.890999794006348,458.0,1166.699951171875,1166.699951171875,1169.9000244140625,1155.0,1155.0,164.0,64.58000183105469,64.58000183105469,64.80000305175781,62.81999969482422,63.33000183105469,310133.0,66.47000122070312,66.47000122070312,66.66999816894531,64.81999969482422,65.19999694824219,39490.0,6000.35986328125,6000.35986328125,6016.8701171875,5978.6298828125,5987.06005859375,4355710000.0,42762.87109375,42762.87109375,42924.55859375,42582.55078125,42631.8203125,414540000.0,19529.94921875,19529.94921875,19593.1796875,19464.83984375,19526.990234375,7291590000.0,37741.609375,37741.609375,37756.1484375,37590.421875,37590.44140625,98100000.0,2935.039306640625,2942.0,2946.5,2934.0,2934.0,769260.0,24304.4609375,24304.4609375,24355.029296875,24214.529296875,24304.369140625,41235800.0,8837.900390625,8837.900390625,8851.400390625,8805.599609375,8811.0,718102200.0,99.19000244140625,99.19000244140625,99.36000061035156,98.66000366210938,98.69999694824219,0.0,143.54200744628906,143.54200744628906,145.0749969482422,143.5449981689453,143.54200744628906,0.0,104390.34375,104390.34375,105376.7734375,101169.5703125,101574.3671875,48856653697.0
2025-06-07,3322.699951171875,3322.699951171875,3364.300048828125,3306.0,3364.300048828125,81.0,36.025001525878906,36.025001525878906,36.35499954223633,35.6349983215332,35.654998779296875,367.0,4.829999923706055,4.829999923706055,4.920000076293945,4.814499855041504,4.890999794006348,458.0,1166.699951171875,1166.699951171875,1169.9000244140625,1155.0,1155.0,164.0,64.58000183105469,64.58000183105469,64.80000305175781,62.81999969482422,63.33000183105469,310133.0,66.47000122070312,66.47000122070312,66.66999816894531,64.81999969482422,65.19999694824219,39490.0,6000.35986328125,6000.35986328125,6016.8701171875,5978.6298828125,5987.06005859375,4355710000.0,42762.87109375,42762.87109375,42924.55859375,42582.55078125,42631.8203125,414540000.0,19529.94921875,19529.94921875,19593.1796875,19464.83984375,19526.990234375,7291590000.0,37741.609375,37741.609375,37756.1484375,37590.421875,37590.44140625,98100000.0,2935.039306640625,2942.0,2946.5,2934.0,2934.0,769260.0,24304.4609375,24304.4609375,24355.029296875,24214.529296875,24304.369140625,41235800.0,8837.900390625,8837.900390625,8851.400390625,8805.599609375,8811.0,718102200.0,99.19000244140625,99.19000244140625,99.36000061035156,98.66000366210938,98.69999694824219,0.0,143.54200744628906,143.54200744628906,145.0749969482422,143.5449981689453,143.54200744628906,0.0,105615.625,105615.625,105972.7578125,103987.3125,104390.6484375,38365033776.0
2025-06-08,3322.699951171875,3322.699951171875,3364.300048828125,3306.0,3364.300048828125,81.0,36.025001525878906,36.025001525878906,36.35499954223633,35.6349983215332,35.654998779296875,367.0,4.829999923706055,4.829999923706055,4.920000076293945,4.814499855041504,4.890999794006348,458.0,1166.699951171875,1166.699951171875,1169.9000244140625,1155.0,1155.0,164.0,64.58000183105469,64.58000183105469,64.80000305175781,62.81999969482422,63.33000183105469,310133.0,66.47000122070312,66.47000122070312,66.66999816894531,64.81999969482422,65.19999694824219,39490.0,6000.35986328125,6000.35986328125,6016.8701171875,5978.6298828125,5987.06005859375,4355710000.0,42762.87109375,42762.87109375,42924.55859375,42582.55078125,42631.8203125,414540000.0,19529.94921875,19529.94921875,19593.1796875,19464.83984375,19526.990234375,7291590000.0,37741.609375,37741.609375,37756.1484375,37590.421875,37590.44140625,98100000.0,2935.039306640625,2942.0,2946.5,2934.0,2934.0,769260.0,24304.4609375,24304.4609375,24355.029296875,24214.529296875,24304.369140625,41235800.0,8837.900390625,8837.900390625,8851.400390625,8805.599609375,8811.0,718102200.0,99.19000244140625,99.19000244140625,99.36000061035156,98.66000366210938,98.69999694824219,0.0,143.54200744628906,143.54200744628906,145.0749969482422,143.5449981689453,143.54200744628906,0.0,105793.6484375,105793.6484375,106497.0625,105075.328125,105617.5078125,36626232328.0
2025-06-09,3332.10009765625,3332.10009765625,3334.60009765625,3290.0,3315.60009765625,1887.0,36.6879997253418,36.6879997253418,36.6879997253418,36.6879997253418,36.6879997253418,28.0,4.9095001220703125,4.9095001220703125,4.913000106811523,4.8470001220703125,4.8470001220703125,487.0,1213.5999755859375,1213.5999755859375,1213.5999755859375,1177.0999755859375,1177.0999755859375,1.0,65.29000091552734,65.29000091552734,65.43000030517578,64.19999694824219,64.80000305175781,235900.0,67.04000091552734,67.04000091552734,67.12999725341797,66.08000183105469,66.5999984741211,35213.0,6005.8798828125,6005.8798828125,6021.31005859375,5994.18017578125,6004.6298828125,4642360000.0,42761.76171875,42761.76171875,42893.08984375,42567.55078125,42786.19140625,485780000.0,19591.240234375,19591.240234375,19637.560546875,19531.099609375,19573.140625,9538700000.0,38088.5703125,38088.5703125,38178.01171875,38018.21875,38028.7109375,85700000.0,2950.00390625,2957.0,2965.5,2954.5,2962.5,965660.0,24174.3203125,24174.3203125,24289.509765625,24097.08984375,24252.259765625,35991400.0,8832.2998046875,8832.2998046875,8850.900390625,8812.099609375,8837.900390625,573091300.0,98.94000244140625,98.94000244140625,99.2300033569336,98.81999969482422,99.19999694824219,0.0,144.6909942626953,144.6909942626953,144.9409942626953,143.98399353027344,144.6909942626953,0.0,110294.1015625,110294.1015625,110561.421875,105400.234375,105793.0234375,55903193732.0
2025-06-10,3320.89990234375,3320.89990234375,3344.300048828125,3302.0,3302.0,65.0,36.54199981689453,36.54199981689453,36.54199981689453,36.45000076293945,36.459999084472656,133.0,4.883999824523926,4.883999824523926,4.908999919891357,4.863999843597412,4.863999843597412,342.0,1209.800048828125,1209.800048828125,1225.0,1209.800048828125,1225.0,1.0,64.9800033569336,64.9800033569336,66.27999877929688,64.56999969482422,65.45999908447266,279021.0,66.87000274658203,66.87000274658203,68.0,66.4800033569336,67.11000061035156,40266.0,6038.81005859375,6038.81005859375,6043.009765625,6000.27978515625,6009.91015625,4882880000.0,42866.87109375,42866.87109375,42925.94140625,42710.08984375,42738.26953125,446850000.0,19714.990234375,19714.990234375,19730.380859375,19539.08984375,19620.109375,11221560000.0,38211.51171875,38211.51171875,38495.69921875,38139.1015625,38278.171875,106000000.0,2947.509765625,2954.5,2975.5,2951.5,2964.5,1582430.0,23987.560546875,23987.560546875,24168.58984375,23964.76953125,24156.529296875,59033500.0,8853.099609375,8853.099609375,8886.099609375,8832.2998046875,8832.2998046875,734467300.0,99.05000305175781,99.05000305175781,99.38999938964844,98.86000061035156,98.9800033569336,0.0,144.5399932861328,144.5399932861328,145.28799438476562,144.41000366210938,144.5399932861328,0.0,110257.234375,110257.234375,110380.125,108367.7109375,110295.6875,54700101509.0
2025-06-11,3321.300048828125,3321.300048828125,3356.0,3321.300048828125,3328.0,2106.0,36.16600036621094,36.16600036621094,36.27000045776367,36.09000015258789,36.09000015258789,33.0,4.801000118255615,4.801000118255615,4.832499980926514,4.79449987411499,4.820000171661377,537.0,1258.0999755859375,1258.0999755859375,1267.699951171875,1258.0999755859375,1267.199951171875,200.0,68.1500015258789,68.1500015258789,68.37000274658203,64.5999984741211,64.76000213623047,378473.0,69.7699966430664,69.7699966430664,69.95999908447266,66.47000122070312,66.56999969482422,58118.0,6022.240234375,6022.240234375,6059.39990234375,6002.31982421875,6049.3798828125,5111550000.0,42865.76953125,42865.76953125,43115.69140625,42738.62109375,42882.859375,467260000.0,19615.880859375,19615.880859375,19800.4609375,19551.349609375,19779.359375,10214190000.0,38421.19140625,38421.19140625,38529.640625,38288.28125,38431.1015625,109300000.0,2953.994384765625,2961.0,2970.0,2954.5,2969.0,972940.0,23948.900390625,23948.900390625,24151.390625,23948.5703125,23996.66015625,62192700.0,8864.400390625,8864.400390625,8885.400390625,8847.2998046875,8853.099609375,805983200.0,98.62999725341797,98.62999725341797,99.22000122070312,98.52999877929688,98.95999908447266,0.0,144.83799743652344,144.83799743652344,145.41299438476562,144.3769989013672,144.83799743652344,0.0,108686.625,108686.625,110384.21875,108086.328125,110261.796875,50842662052.0
2025-06-12,3380.89990234375,3380.89990234375,3395.89990234375,3353.39990234375,3363.0,1818.0,36.2130012512207,36.2130012512207,36.2130012512207,35.7599983215332,35.7599983215332,51.0,4.821499824523926,4.821499824523926,4.822999954223633,4.791999816894531,4.791999816894531,447.0,1272.699951171875,1272.699951171875,1272.699951171875,1272.699951171875,1272.699951171875,61.0,68.04000091552734,68.04000091552734,69.29000091552734,66.72000122070312,69.02999877929688,379394.0,69.36000061035156,69.36000061035156,70.61000061035156,68.37000274658203,70.36000061035156,60336.0,6045.259765625,6045.259765625,6045.43017578125,6003.8798828125,6009.89990234375,4669500000.0,42967.62109375,42967.62109375,42970.3984375,42606.421875,42737.359375,455760000.0,19662.490234375,19662.490234375,19690.609375,19553.560546875,19578.869140625,16308730000.0,38173.08984375,38173.08984375,38407.5703125,38102.05078125,38324.9296875,104500000.0,2947.509765625,2954.5,2967.0,2945.5,2959.0,585940.0,23771.44921875,23771.44921875,23885.060546875,23618.849609375,23768.05078125,63677900.0,8884.900390625,8884.900390625,8896.900390625,8843.599609375,8864.400390625,767509300.0,97.91999816894531,97.91999816894531,98.5199966430664,97.5999984741211,98.45999908447266,0.0,144.2030029296875,144.2030029296875,144.3249969482422,143.20599365234375,144.2030029296875,0.0,105929.0546875,105929.0546875,108780.6953125,105785.6875,108685.9140625,54843867968.0
2025-06-13,3431.199951171875,3431.199951171875,3444.0,3407.300048828125,3407.300048828125,499.0,36.28099822998047,36.28099822998047,36.314998626708984,36.20000076293945,36.20500183105469,90.0,4.802999973297119,4.802999973297119,4.821499824523926,4.735499858856201,4.821499824523926,698.0,1210.800048828125,1210.800048828125,1231.0,1210.0,1230.699951171875,4.0,72.9800033569336,72.9800033569336,77.62000274658203,68.48999786376953,68.9000015258789,715652.0,74.2300033569336,74.2300033569336,78.52999877929688,69.91999816894531,70.2699966430664,175031.0,5976.97021484375,5976.97021484375,6026.16015625,5963.2099609375,6000.56005859375,5258910000.0,42197.7890625,42197.7890625,42602.48046875,42081.08984375,42579.48046875,485930000.0,19406.830078125,19406.830078125,19591.869140625,19367.419921875,19450.9296875,9001850000.0,37834.25,37834.25,38141.58984375,37540.19921875,38130.25,143500000.0,2917.580810546875,2924.5,2948.5,2913.5,2941.5,1364300.0,23516.23046875,23516.23046875,23557.7109375,23360.16015625,23448.189453125,73193600.0,8850.599609375,8850.599609375,8898.599609375,8822.2001953125,8884.900390625,711772600.0,98.18000030517578,98.18000030517578,98.58999633789062,97.62000274658203,97.80999755859375,0.0,143.19400024414062,143.19400024414062,144.46400451660156,142.81700134277344,143.19400024414062,0.0,106090.96875,106090.96875,106182.546875,102822.0234375,105924.59375,69550440846.0
2025-06-14,3431.199951171875,3431.199951171875,3444.0,3407.300048828125,3407.300048828125,499.0,36.28099822998047,36.28099822998047,36.314998626708984,36.20000076293945,36.20500183105469,90.0,4.802999973297119,4.802999973297119,4.821499824523926,4.735499858856201,4.821499824523926,698.0,1210.800048828125,1210.800048828125,1231.0,1210.0,1230.699951171875,4.0,72.9800033569336,72.9800033569336,77.62000274658203,68.48999786376953,68.9000015258789,715652.0,74.2300033569336,74.2300033569336,78.52999877929688,69.91999816894531,70.2699966430664,175031.0,5976.97021484375,5976.97021484375,6026.16015625,5963.2099609375,6000.56005859375,5258910000.0,42197.7890625,42197.7890625,42602.48046875,42081.08984375,42579.48046875,485930000.0,19406.830078125,19406.830078125,19591.869140625,19367.419921875,19450.9296875,9001850000.0,37834.25,37834.25,38141.58984375,37540.19921875,38130.25,143500000.0,2917.580810546875,2924.5,2948.5,2913.5,2941.5,1364300.0,23516.23046875,23516.23046875,23557.7109375,23360.16015625,23448.189453125,73193600.0,8850.599609375,8850.599609375,8898.599609375,8822.2001953125,8884.900390625,711772600.0,98.18000030517578,98.18000030517578,98.58999633789062,97.62000274658203,97.80999755859375,0.0,143.19400024414062,143.19400024414062,144.46400451660156,142.81700134277344,143.19400024414062,0.0,105472.40625,105472.40625,106203.7578125,104379.3671875,106108.0859375,38007870453.0
2025-06-15,3431.199951171875,3431.199951171875,3444.0,3407.300048828125,3407.300048828125,499.0,36.28099822998047,36.28099822998047,36.314998626708984,36.20000076293945,36.20500183105469,90.0,4.802999973297119,4.802999973297119,4.821499824523926,4.735499858856201,4.821499824523926,698.0,1210.800048828125,1210.800048828125,1231.0,1210.0,1230.699951171875,4.0,72.9800033569336,72.9800033569336,77.62000274658203,68.48999786376953,68.9000015258789,715652.0,74.2300033569336,74.2300033569336,78.52999877929688,69.91999816894531,70.2699966430664,175031.0,5976.97021484375,5976.97021484375,6026.16015625,5963.2099609375,6000.56005859375,5258910000.0,42197.7890625,42197.7890625,42602.48046875,42081.08984375,42579.48046875,485930000.0,19406.830078125,19406.830078125,19591.869140625,19367.419921875,19450.9296875,9001850000.0,37834.25,37834.25,38141.58984375,37540.19921875,38130.25,143500000.0,2917.580810546875,2924.5,2948.5,2913.5,2941.5,1364300.0,23516.23046875,23516.23046875,23557.7109375,23360.16015625,23448.189453125,73193600.0,8850.599609375,8850.599609375,8898.599609375,8822.2001953125,8884.900390625,711772600.0,98.18000030517578,98.18000030517578,98.58999633789062,97.62000274658203,97.80999755859375,0.0,143.19400024414062,143.19400024414062,144.46400451660156,142.81700134277344,143.19400024414062,0.0,105552.0234375,105552.0234375,106157.1015625,104519.8828125,105464.84375,36744307742.0
2025-06-16,3396.39990234375,3396.39990234375,3442.0,3385.39990234375,3442.0,480.0,36.37900161743164,36.37900161743164,36.37900161743164,36.25,36.25,6.0,4.826499938964844,4.826499938964844,4.829500198364258,4.794000148773193,4.794000148773193,649.0,1251.5,1251.5,1251.5,1247.9000244140625,1251.5,4.0,71.7699966430664,71.7699966430664,77.48999786376953,69.37999725341797,76.54000091552734,367312.0,73.2300033569336,73.2300033569336,78.4800033569336,70.63999938964844,76.80999755859375,100509.0,6033.10986328125,6033.10986328125,6050.830078125,6004.0,6004.0,5111710000.0,42515.08984375,42515.08984375,42707.73046875,42300.12890625,42300.12890625,467040000.0,19701.2109375,19701.2109375,19733.310546875,19550.75,19550.75,9619130000.0,38311.328125,38311.328125,38342.51953125,38055.51953125,38056.859375,104700000.0,2943.0205078125,2950.0,2958.0,2936.0,2946.0,789030.0,23699.119140625,23699.119140625,23711.73046875,23505.5390625,23589.470703125,55479100.0,8875.2001953125,8875.2001953125,8902.400390625,8850.599609375,8850.599609375,842787400.0,98.0,98.0,98.37000274658203,97.69000244140625,98.26000213623047,0.0,144.09100341796875,144.09100341796875,144.5709991455078,143.66000366210938,144.09100341796875,0.0,106796.7578125,106796.7578125,108915.375,104997.625,105555.59375,50366626945.0
2025-06-17,3386.60009765625,3386.60009765625,3398.300048828125,3376.10009765625,3398.300048828125,1477.0,37.09000015258789,37.09000015258789,37.255001068115234,36.810001373291016,36.810001373291016,60.0,4.80049991607666,4.80049991607666,4.806000232696533,4.770999908447266,4.806000232696533,700.0,1260.0999755859375,1260.0999755859375,1260.0999755859375,1260.0999755859375,1260.0999755859375,0.0,74.83999633789062,74.83999633789062,75.54000091552734,71.0,71.11000061035156,154264.0,76.44999694824219,76.44999694824219,77.08000183105469,72.52999877929688,72.80999755859375,88748.0,5982.72021484375,5982.72021484375,6023.25,5974.7998046875,6012.14990234375,4955700000.0,42215.80078125,42215.80078125,42530.828125,42132.6484375,42358.62109375,423070000.0,19521.08984375,19521.08984375,19666.560546875,19485.439453125,19627.080078125,8519930000.0,38536.73828125,38536.73828125,38581.25,38333.3515625,38366.6796875,103600000.0,2947.509765625,2954.5,2960.5,2947.5,2951.5,993410.0,23434.650390625,23434.650390625,23550.990234375,23315.0703125,23495.060546875,55135600.0,8834.0,8834.0,8875.2001953125,8809.900390625,8875.2001953125,851103300.0,98.81999969482422,98.81999969482422,98.87000274658203,98.0199966430664,98.19000244140625,0.0,144.72900390625,144.72900390625,145.26300048828125,144.41400146484375,144.72900390625,0.0,104601.1171875,104601.1171875,107750.1953125,103396.53125,106794.1171875,55964092176.0
2025-06-18,3389.800048828125,3389.800048828125,3391.89990234375,3365.10009765625,3385.300048828125,0.0,36.86600112915039,36.86600112915039,37.17499923706055,36.86600112915039,37.17499923706055,0.0,4.84499979019165,4.84499979019165,4.84499979019165,4.815499782562256,4.83650016784668,0.0,1311.5,1311.5,1311.5,1311.5,1311.5,0.0,75.13999938964844,75.13999938964844,76.06999969482422,72.94000244140625,75.61000061035156,0.0,76.69999694824219,76.69999694824219,77.43000030517578,74.44000244140625,77.19000244140625,0.0,5980.8701171875,5980.8701171875,6018.25,5971.89013671875,5987.93017578125,5106470000.0,42171.66015625,42171.66015625,42510.0703125,42118.23046875,42236.03125,485440000.0,19546.26953125,19546.26953125,19660.76953125,19489.560546875,19526.919921875,7818790000.0,38885.1484375,38885.1484375,38885.1484375,38364.16015625,38364.16015625,110000000.0,2976.441162109375,2983.5,2984.5,2947.0,2948.0,962290.0,23317.810546875,23317.810546875,23502.94921875,23262.640625,23426.970703125,56994800.0,8843.5,8843.5,8858.599609375,8820.400390625,8834.0,657935000.0,98.91000366210938,98.91000366210938,99.01000213623047,98.4800033569336,98.87000274658203,0.0,145.37600708007812,145.37600708007812,145.43800354003906,144.5500030517578,145.37600708007812,0.0,104883.328125,104883.328125,105581.8515625,103602.265625,104602.0703125,47318089133.0
2025-06-19,3389.800048828125,3389.800048828125,3391.89990234375,3365.10009765625,3385.300048828125,0.0,36.86600112915039,36.86600112915039,37.17499923706055,36.86600112915039,37.17499923706055,0.0,4.84499979019165,4.84499979019165,4.84499979019165,4.815499782562256,4.83650016784668,0.0,1311.5,1311.5,1311.5,1311.5,1311.5,0.0,75.13999938964844,75.13999938964844,76.06999969482422,72.94000244140625,75.61000061035156,0.0,76.69999694824219,76.69999694824219,77.43000030517578,74.44000244140625,77.19000244140625,0.0,5980.8701171875,5980.8701171875,6018.25,5971.89013671875,5987.93017578125,5106470000.0,42171.66015625,42171.66015625,42510.0703125,42118.23046875,42236.03125,485440000.0,19546.26953125,19546.26953125,19660.76953125,19489.560546875,19526.919921875,7818790000.0,38488.33984375,38488.33984375,38870.55078125,38488.33984375,38858.51953125,89300000.0,2956.488525390625,2963.5,2981.0,2958.5,2979.0,1146710.0,23057.380859375,23057.380859375,23254.859375,23051.55078125,23178.599609375,41395300.0,8791.7998046875,8791.7998046875,8844.099609375,8788.7998046875,8843.5,481335200.0,98.91000366210938,98.91000366210938,99.01000213623047,98.4800033569336,98.87000274658203,0.0,144.9550018310547,144.9550018310547,145.76499938964844,144.7480010986328,144.9550018310547,0.0,104684.2890625,104684.2890625,105250.890625,103940.7734375,104886.7734375,37333806920.0
2025-06-20,3368.10009765625,3368.10009765625,3372.89990234375,3341.0,3350.0,709.0,35.97600173950195,35.97600173950195,35.97600173950195,35.775001525878906,35.775001525878906,2.0,4.826000213623047,4.826000213623047,4.830999851226807,4.75,4.830999851226807,854.0,1263.699951171875,1263.699951171875,1345.800048828125,1263.699951171875,1337.699951171875,5.0,74.93000030517578,74.93000030517578,77.58000183105469,74.30000305175781,74.5999984741211,678377.0,77.01000213623047,77.01000213623047,79.0199966430664,75.52999877929688,76.12000274658203,98821.0,5967.83984375,5967.83984375,6018.2001953125,5952.56005859375,5999.669921875,7451500000.0,42206.8203125,42206.8203125,42432.19140625,42089.98828125,42291.08984375,859840000.0,19447.41015625,19447.41015625,19696.109375,19380.580078125,19639.41015625,9969140000.0,38403.23046875,38403.23046875,38646.16015625,38362.5390625,38472.25,183900000.0,2937.03466796875,2944.0,2968.5,2944.0,2960.0,581630.0,23350.55078125,23350.55078125,23481.970703125,23187.48046875,23197.119140625,153406000.0,8774.7001953125,8774.7001953125,8847.2998046875,8772.2998046875,8791.7998046875,1831139500.0,98.70999908447266,98.70999908447266,98.88999938964844,98.54000091552734,98.66999816894531,0.0,145.21800231933594,145.21800231933594,145.9530029296875,145.14700317382812,145.21800231933594,0.0,103309.6015625,103309.6015625,106539.3828125,102372.2109375,104681.03125,50951862476.0
2025-06-21,3368.10009765625,3368.10009765625,3372.89990234375,3341.0,3350.0,709.0,35.97600173950195,35.97600173950195,35.97600173950195,35.775001525878906,35.775001525878906,2.0,4.826000213623047,4.826000213623047,4.830999851226807,4.75,4.830999851226807,854.0,1263.699951171875,1263.699951171875,1345.800048828125,1263.699951171875,1337.699951171875,5.0,74.93000030517578,74.93000030517578,77.58000183105469,74.30000305175781,74.5999984741211,678377.0,77.01000213623047,77.01000213623047,79.0199966430664,75.52999877929688,76.12000274658203,98821.0,5967.83984375,5967.83984375,6018.2001953125,5952.56005859375,5999.669921875,7451500000.0,42206.8203125,42206.8203125,42432.19140625,42089.98828125,42291.08984375,859840000.0,19447.41015625,19447.41015625,19696.109375,19380.580078125,19639.41015625,9969140000.0,38403.23046875,38403.23046875,38646.16015625,38362.5390625,38472.25,183900000.0,2937.03466796875,2944.0,2968.5,2944.0,2960.0,581630.0,23350.55078125,23350.55078125,23481.970703125,23187.48046875,23197.119140625,153406000.0,8774.7001953125,8774.7001953125,8847.2998046875,8772.2998046875,8791.7998046875,1831139500.0,98.70999908447266,98.70999908447266,98.88999938964844,98.54000091552734,98.66999816894531,0.0,145.21800231933594,145.21800231933594,145.9530029296875,145.14700317382812,145.21800231933594,0.0,102257.40625,102257.40625,104015.78125,100973.0625,103315.078125,38360555118.0
2025-06-22,3368.10009765625,3368.10009765625,3372.89990234375,3341.0,3350.0,709.0,35.97600173950195,35.97600173950195,35.97600173950195,35.775001525878906,35.775001525878906,2.0,4.826000213623047,4.826000213623047,4.830999851226807,4.75,4.830999851226807,854.0,1263.699951171875,1263.699951171875,1345.800048828125,1263.699951171875,1337.699951171875,5.0,74.93000030517578,74.93000030517578,77.58000183105469,74.30000305175781,74.5999984741211,678377.0,77.01000213623047,77.01000213623047,79.0199966430664,75.52999877929688,76.12000274658203,98821.0,5967.83984375,5967.83984375,6018.2001953125,5952.56005859375,5999.669921875,7451500000.0,42206.8203125,42206.8203125,42432.19140625,42089.98828125,42291.08984375,859840000.0,19447.41015625,19447.41015625,19696.109375,19380.580078125,19639.41015625,9969140000.0,38403.23046875,38403.23046875,38646.16015625,38362.5390625,38472.25,183900000.0,2937.03466796875,2944.0,2968.5,2944.0,2960.0,581630.0,23350.55078125,23350.55078125,23481.970703125,23187.48046875,23197.119140625,153406000.0,8774.7001953125,8774.7001953125,8847.2998046875,8772.2998046875,8791.7998046875,1831139500.0,98.70999908447266,98.70999908447266,98.88999938964844,98.54000091552734,98.66999816894531,0.0,145.21800231933594,145.21800231933594,145.9530029296875,145.14700317382812,145.21800231933594,0.0,100987.140625,100987.140625,103351.6328125,98286.203125,102212.03125,65536997201.0
2025-06-23,3377.699951171875,3377.699951171875,3387.89990234375,3350.0,3365.89990234375,30.0,36.15299987792969,36.15299987792969,36.165000915527344,36.15299987792969,36.15999984741211,7.0,4.8429999351501465,4.8429999351501465,4.9079999923706055,4.816500186920166,4.81850004196167,819.0,1283.4000244140625,1283.4000244140625,1283.4000244140625,1283.4000244140625,1283.4000244140625,50.0,68.51000213623047,68.51000213623047,78.4000015258789,66.5999984741211,78.0,728868.0,71.4800033569336,71.4800033569336,81.4000015258789,69.54000091552734,80.01000213623047,100475.0,6025.169921875,6025.169921875,6028.77001953125,5943.22998046875,5969.669921875,5597000000.0,42581.78125,42581.78125,42609.46875,41981.140625,42178.55078125,496750000.0,19630.970703125,19630.970703125,19643.69921875,19334.98046875,19427.009765625,9088000000.0,38354.08984375,38354.08984375,38368.21875,38026.3203125,38260.69140625,95800000.0,2924.564208984375,2931.5,2934.5,2918.0,2934.5,1124970.0,23269.009765625,23269.009765625,23385.599609375,23080.2890625,23242.900390625,50041400.0,8758.0,8758.0,8787.099609375,8741.400390625,8774.7001953125,611232900.0,98.41999816894531,98.41999816894531,99.41999816894531,98.3499984741211,99.08999633789062,0.0,146.2239990234375,146.2239990234375,148.0019989013672,146.14100646972656,146.2239990234375,0.0,105577.7734375,105577.7734375,106116.859375,99705.75,100987.4765625,65237759656.0
2025-06-24,3317.39990234375,3317.39990234375,3358.0,3301.0,3358.0,538.0,35.70100021362305,35.70100021362305,35.83000183105469,35.599998474121094,35.83000183105469,10.0,4.867000102996826,4.867000102996826,4.868500232696533,4.863500118255615,4.863500118255615,506.0,1304.199951171875,1304.199951171875,1304.199951171875,1304.199951171875,1304.199951171875,0.0,64.37000274658203,64.37000274658203,67.83000183105469,64.0,67.73999786376953,541475.0,67.13999938964844,67.13999938964844,70.7300033569336,66.80999755859375,70.5999984741211,62358.0,6092.18017578125,6092.18017578125,6101.759765625,6059.25,6061.2099609375,5443690000.0,43089.01953125,43089.01953125,43183.48046875,42794.078125,42807.12890625,516060000.0,19912.529296875,19912.529296875,19946.720703125,19795.2890625,19809.619140625,8330090000.0,38790.55859375,38790.55859375,38990.109375,38665.609375,38779.1796875,100800000.0,2944.516845703125,2951.5,2972.5,2947.0,2963.0,914790.0,23641.580078125,23641.580078125,23812.7890625,23580.2109375,23689.189453125,63913800.0,8759.0,8759.0,8831.900390625,8758.0,8758.0,1063635300.0,97.86000061035156,97.86000061035156,98.27999877929688,97.70999908447266,98.16000366210938,0.0,145.92799377441406,145.92799377441406,145.8990020751953,144.5260009765625,145.92799377441406,0.0,106045.6328125,106045.6328125,106316.828125,104740.2421875,105571.515625,48822986421.0
2025-06-25,3327.10009765625,3327.10009765625,3331.199951171875,3310.60009765625,3321.60009765625,373.0,36.084999084472656,36.084999084472656,36.084999084472656,36.084999084472656,36.084999084472656,2.0,4.913000106811523,4.913000106811523,4.913000106811523,4.889999866485596,4.890500068664551,708.0,1329.5999755859375,1329.5999755859375,1329.5999755859375,1329.5999755859375,1329.5999755859375,0.0,64.91999816894531,64.91999816894531,66.02999877929688,64.51000213623047,65.12000274658203,278504.0,67.68000030517578,67.68000030517578,68.76000213623047,67.31999969482422,67.91999816894531,23618.0,6092.16015625,6092.16015625,6108.509765625,6080.08984375,6104.22998046875,5171110000.0,42982.4296875,42982.4296875,43130.328125,42871.5,43130.328125,527460000.0,19973.55078125,19973.55078125,20052.779296875,19918.080078125,20013.94921875,8256120000.0,38942.0703125,38942.0703125,38944.76953125,38711.109375,38904.1796875,102900000.0,2946.51220703125,2953.5,2965.0,2941.0,2962.5,847760.0,23498.330078125,23498.330078125,23713.240234375,23466.73046875,23713.240234375,57280500.0,8718.7998046875,8718.7998046875,8792.400390625,8716.2001953125,8759.0,699302400.0,97.68000030517578,97.68000030517578,98.19999694824219,97.6500015258789,97.94000244140625,0.0,144.95700073242188,144.95700073242188,145.94900512695312,144.6280059814453,144.95700073242188,0.0,107361.2578125,107361.2578125,108168.3984375,105881.390625,106047.40625,51624120283.0
2025-06-26,3333.5,3333.5,3333.5,3332.39990234375,3332.39990234375,2058.0,36.58599853515625,36.58599853515625,36.58599853515625,36.310001373291016,36.310001373291016,43116.0,5.065499782562256,5.065499782562256,5.073500156402588,5.042500019073486,5.04449987411499,17008.0,1399.800048828125,1399.800048828125,1399.800048828125,1399.800048828125,1399.800048828125,12298.0,65.23999786376953,65.23999786376953,66.41999816894531,64.66000366210938,64.9800033569336,233771.0,67.7300033569336,67.7300033569336,69.04000091552734,67.38999938964844,67.75,13057.0,6141.02001953125,6141.02001953125,6146.52001953125,6107.27001953125,6112.08984375,5308140000.0,43386.83984375,43386.83984375,43430.98828125,43084.0703125,43084.0703125,536710000.0,20167.91015625,20167.91015625,20187.150390625,19982.48046875,20062.189453125,8383380000.0,39584.578125,39584.578125,39615.58984375,39056.140625,39072.140625,123600000.0,2971.453125,2978.5,2979.5,2956.5,2956.5,1372640.0,23649.30078125,23649.30078125,23710.580078125,23521.099609375,23609.30078125,51552300.0,8735.599609375,8735.599609375,8757.099609375,8707.7001953125,8718.7998046875,768435000.0,97.1500015258789,97.1500015258789,97.61000061035156,97.0,97.55000305175781,0.0,144.9040069580078,144.9040069580078,144.93499755859375,143.77099609375,144.9040069580078,0.0,106960.0,106960.0,108305.546875,106666.3515625,107375.0703125,43891990613.0
2025-06-27,3273.699951171875,3273.699951171875,3318.699951171875,3253.800048828125,3318.699951171875,284.0,36.0369987487793,36.0369987487793,36.63999938964844,35.6349983215332,36.560001373291016,7734.0,5.06850004196167,5.06850004196167,5.086999893188477,4.976500034332275,5.053500175476074,4809.0,1340.9000244140625,1340.9000244140625,1425.199951171875,1320.0,1413.199951171875,1775.0,65.5199966430664,65.5199966430664,66.08999633789062,64.80000305175781,65.30000305175781,236284.0,67.7699966430664,67.7699966430664,68.41000366210938,67.20999908447266,67.95999908447266,8218.0,6173.06982421875,6173.06982421875,6187.68017578125,6132.35009765625,6150.7001953125,7889350000.0,43819.26953125,43819.26953125,43966.37109375,43505.6015625,43505.6015625,921330000.0,20273.4609375,20273.4609375,20311.509765625,20095.05078125,20217.259765625,10951070000.0,40150.7890625,40150.7890625,40267.83984375,39847.30859375,39866.359375,156100000.0,3013.8525390625,3021.0,3025.0,2998.0,3000.0,1606340.0,24033.220703125,24033.220703125,24040.55078125,23784.619140625,23864.669921875,57584600.0,8798.900390625,8798.900390625,8798.900390625,8735.599609375,8735.599609375,711522100.0,97.4000015258789,97.4000015258789,97.5,97.0,97.33000183105469,0.0,144.69400024414062,144.69400024414062,144.93099975585938,144.1959991455078,144.69400024414062,0.0,107088.4296875,107088.4296875,107772.46875,106449.9921875,106954.921875,45353692675.0
2025-06-28,3273.699951171875,3273.699951171875,3318.699951171875,3253.800048828125,3318.699951171875,284.0,36.0369987487793,36.0369987487793,36.63999938964844,35.6349983215332,36.560001373291016,7734.0,5.06850004196167,5.06850004196167,5.086999893188477,4.976500034332275,5.053500175476074,4809.0,1340.9000244140625,1340.9000244140625,1425.199951171875,1320.0,1413.199951171875,1775.0,65.5199966430664,65.5199966430664,66.08999633789062,64.80000305175781,65.30000305175781,236284.0,67.7699966430664,67.7699966430664,68.41000366210938,67.20999908447266,67.95999908447266,8218.0,6173.06982421875,6173.06982421875,6187.68017578125,6132.35009765625,6150.7001953125,7889350000.0,43819.26953125,43819.26953125,43966.37109375,43505.6015625,43505.6015625,921330000.0,20273.4609375,20273.4609375,20311.509765625,20095.05078125,20217.259765625,10951070000.0,40150.7890625,40150.7890625,40267.83984375,39847.30859375,39866.359375,156100000.0,3013.8525390625,3021.0,3025.0,2998.0,3000.0,1606340.0,24033.220703125,24033.220703125,24040.55078125,23784.619140625,23864.669921875,57584600.0,8798.900390625,8798.900390625,8798.900390625,8735.599609375,8735.599609375,711522100.0,97.4000015258789,97.4000015258789,97.5,97.0,97.33000183105469,0.0,144.69400024414062,144.69400024414062,144.93099975585938,144.1959991455078,144.69400024414062,0.0,107327.703125,107327.703125,107567.8828125,106883.9765625,107090.546875,30037708335.0
2025-06-29,3273.699951171875,3273.699951171875,3318.699951171875,3253.800048828125,3318.699951171875,284.0,36.0369987487793,36.0369987487793,36.63999938964844,35.6349983215332,36.560001373291016,7734.0,5.06850004196167,5.06850004196167,5.086999893188477,4.976500034332275,5.053500175476074,4809.0,1340.9000244140625,1340.9000244140625,1425.199951171875,1320.0,1413.199951171875,1775.0,65.5199966430664,65.5199966430664,66.08999633789062,64.80000305175781,65.30000305175781,236284.0,67.7699966430664,67.7699966430664,68.41000366210938,67.20999908447266,67.95999908447266,8218.0,6173.06982421875,6173.06982421875,6187.68017578125,6132.35009765625,6150.7001953125,7889350000.0,43819.26953125,43819.26953125,43966.37109375,43505.6015625,43505.6015625,921330000.0,20273.4609375,20273.4609375,20311.509765625,20095.05078125,20217.259765625,10951070000.0,40150.7890625,40150.7890625,40267.83984375,39847.30859375,39866.359375,156100000.0,3013.8525390625,3021.0,3025.0,2998.0,3000.0,1606340.0,24033.220703125,24033.220703125,24040.55078125,23784.619140625,23864.669921875,57584600.0,8798.900390625,8798.900390625,8798.900390625,8735.599609375,8735.599609375,711522100.0,97.4000015258789,97.4000015258789,97.5,97.0,97.33000183105469,0.0,144.69400024414062,144.69400024414062,144.93099975585938,144.1959991455078,144.69400024414062,0.0,108385.5703125,108385.5703125,108526.3046875,107230.109375,107327.8203125,35534874438.0
2025-06-30,3294.39990234375,3294.39990234375,3306.89990234375,3262.0,3265.89990234375,1242.0,35.85200119018555,35.85200119018555,36.119998931884766,35.27000045776367,35.89500045776367,191.0,5.03000020980835,5.03000020980835,5.076000213623047,5.01200008392334,5.070499897003174,1194.0,1334.0,1334.0,1376.199951171875,1334.0,1346.0,172.0,65.11000061035156,65.11000061035156,65.81999969482422,64.5,65.1500015258789,193289.0,67.61000061035156,67.61000061035156,68.12000274658203,67.11000061035156,67.16999816894531,32957.0,6204.9501953125,6204.9501953125,6215.080078125,6174.97021484375,6193.35986328125,5782900000.0,44094.76953125,44094.76953125,44138.69140625,43889.16015625,44020.66015625,623630000.0,20369.73046875,20369.73046875,20418.310546875,20266.359375,20360.150390625,8220420000.0,40487.390625,40487.390625,40852.5390625,40322.5390625,40550.7890625,143900000.0,3022.831298828125,3030.0,3051.0,3024.0,3047.0,1552340.0,23909.609375,23909.609375,24120.8203125,23854.310546875,24109.150390625,70772100.0,8761.0,8761.0,8818.400390625,8761.0,8798.900390625,713304300.0,96.87999725341797,96.87999725341797,97.31999969482422,96.7699966430664,97.19000244140625,0.0,144.51699829101562,144.51699829101562,144.7259979248047,143.79800415039062,144.51699829101562,0.0,107135.3359375,107135.3359375,108798.7890625,106759.6484375,108383.4375,42064804590.0
2025-07-01,3336.699951171875,3336.699951171875,3354.10009765625,3310.10009765625,3310.10009765625,371.0,36.082000732421875,36.082000732421875,36.5,35.845001220703125,36.060001373291016,74.0,5.047999858856201,5.047999858856201,5.122000217437744,5.031499862670898,5.031499862670898,1003.0,1345.9000244140625,1345.9000244140625,1365.800048828125,1343.699951171875,1363.0,172.0,65.44999694824219,65.44999694824219,65.9800033569336,64.66999816894531,64.95999908447266,193162.0,67.11000061035156,67.11000061035156,67.4800033569336,66.33999633789062,66.58999633789062,29256.0,6198.009765625,6198.009765625,6210.77978515625,6177.97021484375,6187.25,6275310000.0,44494.94140625,44494.94140625,44604.1484375,44013.5390625,44061.48828125,593600000.0,20202.890625,20202.890625,20339.05078125,20105.41015625,20290.609375,8631710000.0,39986.328125,39986.328125,40345.87109375,39885.37890625,40340.640625,124000000.0,3001.880859375,3009.0,3029.0,3004.0,3027.0,1424140.0,23673.2890625,23673.2890625,23978.30078125,23671.26953125,23966.94921875,61850200.0,8785.2998046875,8785.2998046875,8790.7998046875,8726.900390625,8761.0,766020100.0,96.81999969482422,96.81999969482422,96.94999694824219,96.37999725341797,96.77999877929688,0.0,143.8000030517578,143.8000030517578,143.9239959716797,142.69500732421875,143.8000030517578,0.0,105698.28125,105698.28125,107550.6796875,105270.2265625,107144.3828125,44110692247.0
2025-07-02,3348.0,3348.0,3357.5,3329.0,3329.0,39.0,36.42599868774414,36.42599868774414,36.45000076293945,35.97999954223633,35.97999954223633,512.0,5.14900016784668,5.14900016784668,5.161499977111816,5.034999847412109,5.046500205993652,792.0,1421.0,1421.0,1428.5999755859375,1367.9000244140625,1367.9000244140625,95.0,67.44999694824219,67.44999694824219,67.58000183105469,65.2300033569336,65.55999755859375,265200.0,69.11000061035156,69.11000061035156,69.19999694824219,66.94000244140625,67.20999908447266,50268.0,6227.419921875,6227.419921875,6227.60009765625,6188.2900390625,6193.8798828125,5645710000.0,44484.421875,44484.421875,44557.8203125,44354.01171875,44455.66015625,499870000.0,20393.130859375,20393.130859375,20397.220703125,20181.740234375,20184.369140625,8378750000.0,39762.48046875,39762.48046875,39943.62109375,39444.69921875,39631.171875,127600000.0,2992.902099609375,3000.0,3015.0,2989.5,2993.0,1028780.0,23790.109375,23790.109375,23824.5,23620.419921875,23789.060546875,53388000.0,8774.7001953125,8774.7001953125,8828.2001953125,8739.0,8785.2998046875,1097788200.0,96.77999877929688,96.77999877929688,97.1500015258789,96.62000274658203,96.63999938964844,0.0,143.40199279785156,143.40199279785156,144.2209930419922,143.375,143.40199279785156,0.0,108859.3203125,108859.3203125,109763.65625,105157.3984375,105703.1015625,56248657737.0
2025-07-03,3331.60009765625,3331.60009765625,3362.0,3322.300048828125,3362.0,0.0,36.784000396728516,36.784000396728516,36.939998626708984,36.349998474121094,36.40999984741211,0.0,5.0970001220703125,5.0970001220703125,5.1519999504089355,5.084499835968018,5.1519999504089355,0.0,1372.0,1372.0,1418.0,1351.699951171875,1418.0,0.0,67.0,67.0,67.58000183105469,66.52999877929688,67.5,0.0,68.80000305175781,68.80000305175781,69.12999725341797,68.30999755859375,69.0199966430664,0.0,6279.35009765625,6279.35009765625,6284.64990234375,6246.4599609375,6246.4599609375,3378110000.0,44828.53125,44828.53125,44885.828125,44550.421875,44565.75,346620000.0,20601.099609375,20601.099609375,20624.509765625,20480.220703125,20497.66015625,6177910000.0,39785.8984375,39785.8984375,39865.890625,39667.8203125,39796.75,135400000.0,2996.892578125,3004.0,3006.0,2993.0,3000.0,1022850.0,23934.130859375,23934.130859375,23944.099609375,23762.419921875,23884.80078125,46650200.0,8823.2001953125,8823.2001953125,8837.7998046875,8774.7001953125,8774.7001953125,651280900.0,97.18000030517578,97.18000030517578,97.41999816894531,96.69000244140625,96.75,0.0,143.5260009765625,143.5260009765625,145.21600341796875,143.4550018310547,143.5260009765625,0.0,109647.9765625,109647.9765625,110541.4609375,108605.796875,108845.015625,50494742270.0
2025-07-04,3332.5,3332.5,3342.0,3332.5,3342.0,0.0,36.775001525878906,36.775001525878906,36.775001525878906,36.775001525878906,36.775001525878906,0.0,5.018499851226807,5.018499851226807,5.084499835968018,5.0,5.084499835968018,0.0,1382.5,1382.5,1385.800048828125,1382.5,1385.800048828125,0.0,66.5,66.5,67.18000030517578,66.04000091552734,67.12999725341797,0.0,68.29000091552734,68.29000091552734,68.91000366210938,67.75,68.80999755859375,0.0,6279.35009765625,6279.35009765625,6284.64990234375,6246.4599609375,6246.4599609375,3378110000.0,44828.53125,44828.53125,44885.828125,44550.421875,44565.75,346620000.0,20601.099609375,20601.099609375,20624.509765625,20480.220703125,20497.66015625,6177910000.0,39810.87890625,39810.87890625,40012.66015625,39693.3984375,39994.640625,96600000.0,3000.88330078125,3008.0,3024.0,2997.5,3023.0,1543540.0,23787.44921875,23787.44921875,23868.9296875,23702.650390625,23833.140625,34239700.0,8822.900390625,8822.900390625,8830.900390625,8782.099609375,8823.2001953125,444807000.0,97.18000030517578,97.18000030517578,97.41999816894531,96.69000244140625,96.75,0.0,144.6820068359375,144.6820068359375,144.77999877929688,144.1929931640625,144.6820068359375,0.0,108034.3359375,108034.3359375,109751.984375,107296.3828125,109635.65625,42616442656.0
2025-07-05,3332.5,3332.5,3342.0,3332.5,3342.0,0.0,36.775001525878906,36.775001525878906,36.775001525878906,36.775001525878906,36.775001525878906,0.0,5.018499851226807,5.018499851226807,5.084499835968018,5.0,5.084499835968018,0.0,1382.5,1382.5,1385.800048828125,1382.5,1385.800048828125,0.0,66.5,66.5,67.18000030517578,66.04000091552734,67.12999725341797,0.0,68.29000091552734,68.29000091552734,68.91000366210938,67.75,68.80999755859375,0.0,6279.35009765625,6279.35009765625,6284.64990234375,6246.4599609375,6246.4599609375,3378110000.0,44828.53125,44828.53125,44885.828125,44550.421875,44565.75,346620000.0,20601.099609375,20601.099609375,20624.509765625,20480.220703125,20497.66015625,6177910000.0,39810.87890625,39810.87890625,40012.66015625,39693.3984375,39994.640625,96600000.0,3000.88330078125,3008.0,3024.0,2997.5,3023.0,1543540.0,23787.44921875,23787.44921875,23868.9296875,23702.650390625,23833.140625,34239700.0,8822.900390625,8822.900390625,8830.900390625,8782.099609375,8823.2001953125,444807000.0,97.18000030517578,97.18000030517578,97.41999816894531,96.69000244140625,96.75,0.0,144.6820068359375,144.6820068359375,144.77999877929688,144.1929931640625,144.6820068359375,0.0,108231.1796875,108231.1796875,108381.34375,107842.2734375,108015.8359375,30615537520.0
2025-07-06,3332.5,3332.5,3342.0,3332.5,3342.0,0.0,36.775001525878906,36.775001525878906,36.775001525878906,36.775001525878906,36.775001525878906,0.0,5.018499851226807,5.018499851226807,5.084499835968018,5.0,5.084499835968018,0.0,1382.5,1382.5,1385.800048828125,1382.5,1385.800048828125,0.0,66.5,66.5,67.18000030517578,66.04000091552734,67.12999725341797,0.0,68.29000091552734,68.29000091552734,68.91000366210938,67.75,68.80999755859375,0.0,6279.35009765625,6279.35009765625,6284.64990234375,6246.4599609375,6246.4599609375,3378110000.0,44828.53125,44828.53125,44885.828125,44550.421875,44565.75,346620000.0,20601.099609375,20601.099609375,20624.509765625,20480.220703125,20497.66015625,6177910000.0,39810.87890625,39810.87890625,40012.66015625,39693.3984375,39994.640625,96600000.0,3000.88330078125,3008.0,3024.0,2997.5,3023.0,1543540.0,23787.44921875,23787.44921875,23868.9296875,23702.650390625,23833.140625,34239700.0,8822.900390625,8822.900390625,8830.900390625,8782.099609375,8823.2001953125,444807000.0,97.18000030517578,97.18000030517578,97.41999816894531,96.69000244140625,96.75,0.0,144.6820068359375,144.6820068359375,144.77999877929688,144.1929931640625,144.6820068359375,0.0,109232.0703125,109232.0703125,109731.625,107847.015625,108231.1875,36746020463.0
2025-07-07,3332.199951171875,3332.199951171875,3333.300048828125,3299.199951171875,3305.5,254.0,36.6150016784668,36.6150016784668,37.09000015258789,36.125,37.09000015258789,362.0,4.984499931335449,4.984499931335449,5.002999782562256,4.956500053405762,5.002999782562256,718.0,1361.800048828125,1361.800048828125,1389.300048828125,1351.699951171875,1387.0,97.0,67.93000030517578,67.93000030517578,68.31999969482422,65.4000015258789,65.69999694824219,332949.0,69.58000183105469,69.58000183105469,69.93000030517578,67.36000061035156,67.61000061035156,59456.0,6229.97998046875,6229.97998046875,6262.06982421875,6201.0,6259.0400390625,5236740000.0,44406.359375,44406.359375,44803.359375,44160.3203125,44803.359375,442350000.0,20412.51953125,20412.51953125,20511.8203125,20323.01953125,20490.55078125,8345710000.0,39587.6796875,39587.6796875,39829.37890625,39524.25,39729.55859375,93400000.0,2977.937744140625,2985.0,3009.0,2982.0,3006.0,1925620.0,24073.669921875,24073.669921875,24073.669921875,23836.580078125,23845.880859375,39606000.0,8806.5,8806.5,8836.900390625,8798.7001953125,8822.900390625,580213300.0,97.4800033569336,97.4800033569336,97.66999816894531,96.88999938964844,96.95999908447266,0.0,144.4980010986328,144.4980010986328,145.88800048828125,144.23399353027344,144.4980010986328,0.0,108299.8515625,108299.8515625,109710.25,107527.0546875,109235.328125,45415696597.0
2025-07-08,3307.0,3307.0,3334.5,3287.60009765625,3330.39990234375,909.0,36.47200012207031,36.47200012207031,36.685001373291016,36.2599983215332,36.685001373291016,463.0,5.644999980926514,5.644999980926514,5.644999980926514,4.94950008392334,4.9679999351501465,922.0,1376.5999755859375,1376.5999755859375,1384.5999755859375,1354.300048828125,1374.9000244140625,102.0,68.33000183105469,68.33000183105469,68.91000366210938,67.33000183105469,67.95999908447266,219882.0,70.1500015258789,70.1500015258789,70.66000366210938,69.05000305175781,69.54000091552734,34109.0,6225.52001953125,6225.52001953125,6242.7001953125,6217.75,6234.02978515625,5739030000.0,44240.76171875,44240.76171875,44436.9609375,44201.37109375,44378.578125,445670000.0,20418.4609375,20418.4609375,20480.890625,20377.359375,20466.9296875,8437480000.0,39688.80859375,39688.80859375,39816.26953125,39510.48046875,39542.0703125,136600000.0,2988.412841796875,2995.5,2997.5,2982.0,2983.5,1790650.0,24206.91015625,24206.91015625,24244.08984375,24063.419921875,24135.740234375,60796000.0,8854.2001953125,8854.2001953125,8854.2001953125,8803.2998046875,8806.5,698144300.0,97.51000213623047,97.51000213623047,97.83999633789062,97.18000030517578,97.36000061035156,0.0,145.89199829101562,145.89199829101562,146.96400451660156,145.85000610351562,145.89199829101562,0.0,108950.2734375,108950.2734375,109198.96875,107499.5546875,108298.2265625,44282204127.0
2025-07-09,3311.60009765625,3311.60009765625,3314.0,3282.0,3289.39990234375,114.0,36.35100173950195,36.35100173950195,36.3849983215332,36.27000045776367,36.3849983215332,34.0,5.44350004196167,5.44350004196167,5.682000160217285,5.397500038146973,5.4670000076293945,857.0,1370.5999755859375,1370.5999755859375,1370.5999755859375,1362.9000244140625,1362.9000244140625,12.0,68.37999725341797,68.37999725341797,68.94000244140625,67.69999694824219,68.18000030517578,223945.0,70.19000244140625,70.19000244140625,70.69999694824219,69.61000061035156,69.9000015258789,42186.0,6263.259765625,6263.259765625,6269.16015625,6231.43017578125,6243.330078125,4813340000.0,44458.30078125,44458.30078125,44556.6796875,44225.87890625,44327.12890625,531790000.0,20611.33984375,20611.33984375,20645.41015625,20486.380859375,20522.08984375,9978310000.0,39821.28125,39821.28125,39971.05859375,39573.33984375,39942.80078125,129000000.0,2930.550048828125,2937.5,2944.5,2926.5,2942.0,1182850.0,24549.560546875,24549.560546875,24609.150390625,24261.009765625,24278.890625,60620400.0,8867.0,8867.0,8887.7001953125,8854.2001953125,8854.2001953125,707584400.0,97.47000122070312,97.47000122070312,97.75,97.45999908447266,97.55000305175781,0.0,146.8489990234375,146.8489990234375,147.1719970703125,146.27099609375,146.8489990234375,0.0,111326.5546875,111326.5546875,111925.375,108357.6796875,108950.2734375,57927418065.0
2025-07-10,3317.39990234375,3317.39990234375,3330.5,3311.60009765625,3323.60009765625,209.0,37.03799819946289,37.03799819946289,37.40999984741211,36.63999938964844,36.63999938964844,746.0,5.547999858856201,5.547999858856201,5.5929999351501465,5.543499946594238,5.579999923706055,756.0,1394.9000244140625,1394.9000244140625,1409.800048828125,1394.800048828125,1409.800048828125,157.0,66.56999969482422,66.56999969482422,68.6500015258789,66.44999694824219,68.29000091552734,258654.0,68.63999938964844,68.63999938964844,70.48999786376953,68.52999877929688,70.19000244140625,52295.0,6280.4599609375,6280.4599609375,6290.22021484375,6251.43994140625,6266.7998046875,5367350000.0,44650.640625,44650.640625,44775.46875,44372.921875,44427.75,452340000.0,20630.66015625,20630.66015625,20655.390625,20495.140625,20636.48046875,9781380000.0,39646.359375,39646.359375,39795.75,39530.94921875,39795.75,129300000.0,2915.0,2915.0,2933.5,2909.0,2933.0,4759690.0,24456.810546875,24456.810546875,24639.099609375,24450.970703125,24638.580078125,58767400.0,8975.7001953125,8975.7001953125,8979.400390625,8867.0,8867.0,750104900.0,97.6500015258789,97.6500015258789,97.91999816894531,97.2699966430664,97.44000244140625,0.0,146.11399841308594,146.11399841308594,146.76300048828125,145.76499938964844,146.11399841308594,0.0,115987.203125,115987.203125,116608.78125,110660.75,111329.1953125,95911605728.0
2025-07-11,3356.0,3356.0,3370.0,3330.5,3330.5,776.0,38.67599868774414,38.67599868774414,38.93000030517578,37.45000076293945,37.45000076293945,687.0,5.561999797821045,5.561999797821045,5.585000038146973,5.449999809265137,5.585000038146973,1082.0,1452.0,1452.0,1457.0999755859375,1393.800048828125,1395.4000244140625,16.0,68.44999694824219,68.44999694824219,68.7699966430664,66.5,66.8499984741211,226297.0,70.36000061035156,70.36000061035156,70.69000244140625,68.55999755859375,68.98999786376953,40262.0,6259.75,6259.75,6269.43994140625,6237.60009765625,6255.68017578125,4656210000.0,44371.51171875,44371.51171875,44480.76953125,44275.25,44480.76953125,474090000.0,20585.529296875,20585.529296875,20647.970703125,20509.75,20562.880859375,8135800000.0,39569.6796875,39569.6796875,39957.80078125,39497.69921875,39886.5390625,115900000.0,2932.5,2932.5,2951.5,2924.0,2934.5,1355320.0,24255.310546875,24255.310546875,24369.05078125,24166.630859375,24333.109375,45562600.0,8941.099609375,8941.099609375,8984.099609375,8918.5,8975.7001953125,685521300.0,97.8499984741211,97.8499984741211,97.95999908447266,97.55999755859375,97.56999969482422,0.0,146.28799438476562,146.28799438476562,147.49200439453125,146.26199340820312,146.28799438476562,0.0,117516.9921875,117516.9921875,118856.4765625,115245.6875,115986.234375,86928361085.0
2025-07-12,3356.0,3356.0,3370.0,3330.5,3330.5,776.0,38.67599868774414,38.67599868774414,38.93000030517578,37.45000076293945,37.45000076293945,687.0,5.561999797821045,5.561999797821045,5.585000038146973,5.449999809265137,5.585000038146973,1082.0,1452.0,1452.0,1457.0999755859375,1393.800048828125,1395.4000244140625,16.0,68.44999694824219,68.44999694824219,68.7699966430664,66.5,66.8499984741211,226297.0,70.36000061035156,70.36000061035156,70.69000244140625,68.55999755859375,68.98999786376953,40262.0,6259.75,6259.75,6269.43994140625,6237.60009765625,6255.68017578125,4656210000.0,44371.51171875,44371.51171875,44480.76953125,44275.25,44480.76953125,474090000.0,20585.529296875,20585.529296875,20647.970703125,20509.75,20562.880859375,8135800000.0,39569.6796875,39569.6796875,39957.80078125,39497.69921875,39886.5390625,115900000.0,2932.5,2932.5,2951.5,2924.0,2934.5,1355320.0,24255.310546875,24255.310546875,24369.05078125,24166.630859375,24333.109375,45562600.0,8941.099609375,8941.099609375,8984.099609375,8918.5,8975.7001953125,685521300.0,97.8499984741211,97.8499984741211,97.95999908447266,97.55999755859375,97.56999969482422,0.0,146.28799438476562,146.28799438476562,147.49200439453125,146.26199340820312,146.28799438476562,0.0,117435.2265625,117435.2265625,118219.8984375,116977.0234375,117530.7109375,45524560304.0
2025-07-13,3356.0,3356.0,3370.0,3330.5,3330.5,776.0,38.67599868774414,38.67599868774414,38.93000030517578,37.45000076293945,37.45000076293945,687.0,5.561999797821045,5.561999797821045,5.585000038146973,5.449999809265137,5.585000038146973,1082.0,1452.0,1452.0,1457.0999755859375,1393.800048828125,1395.4000244140625,16.0,68.44999694824219,68.44999694824219,68.7699966430664,66.5,66.8499984741211,226297.0,70.36000061035156,70.36000061035156,70.69000244140625,68.55999755859375,68.98999786376953,40262.0,6259.75,6259.75,6269.43994140625,6237.60009765625,6255.68017578125,4656210000.0,44371.51171875,44371.51171875,44480.76953125,44275.25,44480.76953125,474090000.0,20585.529296875,20585.529296875,20647.970703125,20509.75,20562.880859375,8135800000.0,39569.6796875,39569.6796875,39957.80078125,39497.69921875,39886.5390625,115900000.0,2932.5,2932.5,2951.5,2924.0,2934.5,1355320.0,24255.310546875,24255.310546875,24369.05078125,24166.630859375,24333.109375,45562600.0,8941.099609375,8941.099609375,8984.099609375,8918.5,8975.7001953125,685521300.0,97.8499984741211,97.8499984741211,97.95999908447266,97.55999755859375,97.56999969482422,0.0,146.28799438476562,146.28799438476562,147.49200439453125,146.26199340820312,146.28799438476562,0.0,119116.1171875,119116.1171875,119449.5703125,117265.4375,117432.203125,49021091807.0
2025-07-14,3351.5,3351.5,3375.5,3350.0,3367.0,583.0,38.46200180053711,38.46200180053711,39.13999938964844,38.36000061035156,39.099998474121094,103.0,5.514999866485596,5.514999866485596,5.514999866485596,5.44950008392334,5.47599983215332,1093.0,1399.699951171875,1399.699951171875,1431.0,1398.5,1431.0,112.0,66.9800033569336,66.9800033569336,69.6500015258789,66.80000305175781,68.68000030517578,263877.0,69.20999908447266,69.20999908447266,71.51000213623047,69.0199966430664,70.52999877929688,62179.0,6268.56005859375,6268.56005859375,6273.31005859375,6239.22021484375,6255.14990234375,4722250000.0,44459.6484375,44459.6484375,44472.12890625,44237.28125,44346.1484375,410250000.0,20640.330078125,20640.330078125,20672.33984375,20492.630859375,20592.560546875,8010060000.0,39459.62109375,39459.62109375,39608.01953125,39288.8984375,39416.1015625,91500000.0,2933.0,2933.0,2941.5,2917.0,2925.5,1158570.0,24160.640625,24160.640625,24168.140625,23975.4609375,24038.2890625,42197100.0,8998.099609375,8998.099609375,8999.2001953125,8931.099609375,8941.099609375,514090200.0,98.08000183105469,98.08000183105469,98.13999938964844,97.7699966430664,97.95999908447266,0.0,147.2949981689453,147.2949981689453,147.70799255371094,146.88099670410156,147.2949981689453,0.0,119849.703125,119849.703125,123091.609375,118959.1953125,119115.7890625,181746419401.0
2025-07-15,3329.800048828125,3329.800048828125,3341.0,3329.800048828125,3341.0,210.0,37.83399963378906,37.83399963378906,38.33000183105469,37.67499923706055,38.279998779296875,183.0,5.546000003814697,5.546000003814697,5.546000003814697,5.482999801635742,5.486000061035156,1621.0,1395.0,1395.0,1395.0,1395.0,1395.0,17.0,66.5199966430664,66.5199966430664,67.12999725341797,66.22000122070312,66.86000061035156,252724.0,68.70999908447266,68.70999908447266,69.4000015258789,68.55999755859375,69.0999984741211,51233.0,6243.759765625,6243.759765625,6302.0400390625,6241.68017578125,6295.2900390625,5133670000.0,44023.2890625,44023.2890625,44504.26953125,44002.390625,44459.83984375,496270000.0,20677.80078125,20677.80078125,20836.0390625,20670.580078125,20822.759765625,8399060000.0,39678.01953125,39678.01953125,39678.01953125,39379.3203125,39525.828125,98800000.0,2934.0,2934.0,2947.0,2926.0,2940.5,923570.0,24060.2890625,24060.2890625,24266.810546875,24060.2890625,24220.51953125,41804800.0,8938.2998046875,8938.2998046875,9017.0,8938.2998046875,8998.099609375,688056100.0,98.62000274658203,98.62000274658203,98.69999694824219,97.93000030517578,98.13999938964844,0.0,147.79200744628906,147.79200744628906,149.01300048828125,147.552001953125,147.79200744628906,0.0,117777.1875,117777.1875,119935.5625,115765.6875,119853.8515625,98321661181.0
2025-07-16,3352.5,3352.5,3352.89990234375,3329.5,3341.199951171875,10.0,37.85300064086914,37.85300064086914,38.05500030517578,37.790000915527344,37.970001220703125,218.0,5.496500015258789,5.496500015258789,5.513999938964844,5.445000171661377,5.489999771118164,1152.0,1417.0999755859375,1417.0999755859375,1417.0999755859375,1417.0999755859375,1417.0999755859375,30.0,66.37999725341797,66.37999725341797,67.01000213623047,65.41999816894531,66.7300033569336,248346.0,68.5199966430664,68.5199966430664,69.06999969482422,67.70999908447266,68.9000015258789,55511.0,6263.7001953125,6263.7001953125,6268.1201171875,6201.58984375,6254.5,5177460000.0,44254.78125,44254.78125,44260.19140625,43758.98046875,44152.73828125,450190000.0,20730.490234375,20730.490234375,20751.05078125,20507.060546875,20717.810546875,9056640000.0,39663.3984375,39663.3984375,39923.609375,39520.9609375,39734.73828125,96400000.0,2927.5,2927.5,2939.5,2921.5,2936.0,506270.0,24009.380859375,24009.380859375,24207.810546875,23968.94921875,24011.990234375,51694600.0,8926.599609375,8926.599609375,8972.2998046875,8926.599609375,8938.2998046875,633643300.0,98.38999938964844,98.38999938964844,98.91000366210938,97.70999908447266,98.58000183105469,0.0,148.76100158691406,148.76100158691406,149.16700744628906,146.9669952392578,148.76100158691406,0.0,118738.5078125,118738.5078125,120065.515625,117064.8203125,117777.1875,72162029070.0
2025-07-17,3340.10009765625,3340.10009765625,3340.800048828125,3313.800048828125,3313.800048828125,667.0,38.055999755859375,38.055999755859375,38.19499969482422,37.84000015258789,37.84000015258789,147.0,5.486000061035156,5.486000061035156,5.490499973297119,5.456999778747559,5.4679999351501465,866.0,1454.4000244140625,1454.4000244140625,1471.9000244140625,1415.300048828125,1422.300048828125,159.0,67.54000091552734,67.54000091552734,67.69000244140625,66.29000091552734,66.5999984741211,188802.0,69.5199966430664,69.5199966430664,69.62000274658203,68.29000091552734,68.69000244140625,50817.0,6297.35986328125,6297.35986328125,6304.68994140625,6262.27001953125,6263.39990234375,5512290000.0,44484.48828125,44484.48828125,44558.05078125,44200.0390625,44229.87890625,455310000.0,20885.650390625,20885.650390625,20911.830078125,20735.55078125,20760.3203125,9994550000.0,39901.19140625,39901.19140625,39910.9609375,39370.4296875,39492.01953125,101500000.0,2950.0,2950.0,2951.0,2917.5,2920.0,854540.0,24370.9296875,24370.9296875,24374.5,24174.759765625,24227.5390625,47542100.0,8972.599609375,8972.599609375,8982.7998046875,8926.599609375,8926.599609375,566360500.0,98.7300033569336,98.7300033569336,98.94999694824219,98.33999633789062,98.3499984741211,0.0,148.0030059814453,148.0030059814453,149.01400756835938,148.00599670410156,148.0030059814453,0.0,119289.84375,119289.84375,120999.609375,117508.21875,118738.5078125,72363841798.0
2025-07-18,3353.0,3353.0,3353.0,3338.199951171875,3338.199951171875,602.0,38.222999572753906,38.222999572753906,38.51499938964844,38.222999572753906,38.51499938964844,52.0,5.578000068664551,5.578000068664551,5.578999996185303,5.488999843597412,5.488999843597412,521.0,1438.5,1438.5,1487.300048828125,1438.5,1472.0,636.0,67.33999633789062,67.33999633789062,68.95999908447266,67.19999694824219,67.5999984741211,107628.0,69.27999877929688,69.27999877929688,70.77999877929688,69.13999938964844,69.55999755859375,52366.0,6296.7900390625,6296.7900390625,6315.60986328125,6285.27001953125,6312.9501953125,5184700000.0,44342.19140625,44342.19140625,44571.6796875,44224.58984375,44571.6796875,497800000.0,20895.650390625,20895.650390625,20980.560546875,20846.119140625,20959.5703125,9354580000.0,39819.109375,39819.109375,40087.58984375,39745.421875,40072.390625,92000000.0,2944.0,2944.0,2960.0,2941.0,2958.5,1699470.0,24289.509765625,24289.509765625,24494.880859375,24251.359375,24483.66015625,47707700.0,8992.099609375,8992.099609375,9016.400390625,8969.099609375,8972.599609375,678409600.0,98.4800033569336,98.4800033569336,98.58000183105469,98.0999984741211,98.48999786376953,0.0,148.44200134277344,148.44200134277344,148.88299560546875,148.21400451660156,148.44200134277344,0.0,118003.2265625,118003.2265625,120851.9140625,116925.984375,119284.109375,77945799785.0
2025-07-19,3353.0,3353.0,3353.0,3338.199951171875,3338.199951171875,602.0,38.222999572753906,38.222999572753906,38.51499938964844,38.222999572753906,38.51499938964844,52.0,5.578000068664551,5.578000068664551,5.578999996185303,5.488999843597412,5.488999843597412,521.0,1438.5,1438.5,1487.300048828125,1438.5,1472.0,636.0,67.33999633789062,67.33999633789062,68.95999908447266,67.19999694824219,67.5999984741211,107628.0,69.27999877929688,69.27999877929688,70.77999877929688,69.13999938964844,69.55999755859375,52366.0,6296.7900390625,6296.7900390625,6315.60986328125,6285.27001953125,6312.9501953125,5184700000.0,44342.19140625,44342.19140625,44571.6796875,44224.58984375,44571.6796875,497800000.0,20895.650390625,20895.650390625,20980.560546875,20846.119140625,20959.5703125,9354580000.0,39819.109375,39819.109375,40087.58984375,39745.421875,40072.390625,92000000.0,2944.0,2944.0,2960.0,2941.0,2958.5,1699470.0,24289.509765625,24289.509765625,24494.880859375,24251.359375,24483.66015625,47707700.0,8992.099609375,8992.099609375,9016.400390625,8969.099609375,8972.599609375,678409600.0,98.4800033569336,98.4800033569336,98.58000183105469,98.0999984741211,98.48999786376953,0.0,148.44200134277344,148.44200134277344,148.88299560546875,148.21400451660156,148.44200134277344,0.0,117939.9765625,117939.9765625,118541.3984375,117388.4140625,117998.125,47564562765.0
2025-07-20,3353.0,3353.0,3353.0,3338.199951171875,3338.199951171875,602.0,38.222999572753906,38.222999572753906,38.51499938964844,38.222999572753906,38.51499938964844,52.0,5.578000068664551,5.578000068664551,5.578999996185303,5.488999843597412,5.488999843597412,521.0,1438.5,1438.5,1487.300048828125,1438.5,1472.0,636.0,67.33999633789062,67.33999633789062,68.95999908447266,67.19999694824219,67.5999984741211,107628.0,69.27999877929688,69.27999877929688,70.77999877929688,69.13999938964844,69.55999755859375,52366.0,6296.7900390625,6296.7900390625,6315.60986328125,6285.27001953125,6312.9501953125,5184700000.0,44342.19140625,44342.19140625,44571.6796875,44224.58984375,44571.6796875,497800000.0,20895.650390625,20895.650390625,20980.560546875,20846.119140625,20959.5703125,9354580000.0,39819.109375,39819.109375,40087.58984375,39745.421875,40072.390625,92000000.0,2944.0,2944.0,2960.0,2941.0,2958.5,1699470.0,24289.509765625,24289.509765625,24494.880859375,24251.359375,24483.66015625,47707700.0,8992.099609375,8992.099609375,9016.400390625,8969.099609375,8972.599609375,678409600.0,98.4800033569336,98.4800033569336,98.58000183105469,98.0999984741211,98.48999786376953,0.0,148.44200134277344,148.44200134277344,148.88299560546875,148.21400451660156,148.44200134277344,0.0,117300.7890625,117300.7890625,118865.03125,116550.1328125,117944.109375,57515447231.0
2025-07-21,3401.89990234375,3401.89990234375,3411.699951171875,3350.300048828125,3350.300048828125,53.0,39.10100173950195,39.10100173950195,39.125,38.994998931884766,38.994998931884766,73.0,5.610499858856201,5.610499858856201,5.617000102996826,5.55049991607666,5.55049991607666,583.0,1477.699951171875,1477.699951171875,1491.199951171875,1477.699951171875,1491.199951171875,3.0,67.19999694824219,67.19999694824219,67.76000213623047,66.45999908447266,67.31999969482422,81194.0,69.20999908447266,69.20999908447266,69.62000274658203,68.41999816894531,69.22000122070312,41204.0,6305.60009765625,6305.60009765625,6336.080078125,6303.7900390625,6304.740234375,5010840000.0,44323.0703125,44323.0703125,44601.8515625,44311.421875,44368.3984375,446590000.0,20974.1796875,20974.1796875,21077.369140625,20957.439453125,20960.330078125,12046970000.0,39819.109375,39819.109375,40087.58984375,39745.421875,40072.390625,92000000.0,2944.0,2944.0,2960.0,2941.0,2958.5,1699470.0,24307.80078125,24307.80078125,24335.259765625,24191.630859375,24309.390625,42777100.0,9013.0,9013.0,9013.0,8975.2001953125,8992.099609375,770772700.0,97.8499984741211,97.8499984741211,98.51000213623047,97.69999694824219,98.36000061035156,0.0,148.43099975585938,148.43099975585938,148.55099487304688,147.2570037841797,148.43099975585938,0.0,117439.5390625,117439.5390625,119671.5625,116584.3984375,117306.46875,69820091744.0
2025-07-22,3439.199951171875,3439.199951171875,3441.0,3395.60009765625,3411.0,39.0,39.31999969482422,39.31999969482422,39.35499954223633,38.915000915527344,38.915000915527344,67.0,5.697000026702881,5.697000026702881,5.69950008392334,5.64300012588501,5.64300012588501,729.0,1465.5,1465.5,1465.5,1464.0,1464.0,3.0,66.20999908447266,66.20999908447266,67.12999725341797,65.98999786376953,67.12000274658203,269991.0,68.58999633789062,68.58999633789062,69.0999984741211,68.11000061035156,69.02999877929688,50140.0,6309.6201171875,6309.6201171875,6316.1201171875,6281.7099609375,6306.60009765625,5662040000.0,44502.44140625,44502.44140625,44542.53125,44272.6015625,44338.62109375,483560000.0,20892.689453125,20892.689453125,20985.33984375,20750.900390625,20982.2109375,10583710000.0,39774.921875,39774.921875,40275.890625,39586.53125,39864.62890625,112100000.0,2943.5,2943.5,2973.0,2929.0,2945.5,1469560.0,24041.900390625,24041.900390625,24237.41015625,23921.830078125,24236.08984375,49151300.0,9023.7998046875,9023.7998046875,9035.400390625,8995.099609375,9013.0,637414800.0,97.38999938964844,97.38999938964844,97.98999786376953,97.30999755859375,97.87000274658203,0.0,147.40899658203125,147.40899658203125,147.92999267578125,146.34500122070312,147.40899658203125,0.0,119995.4140625,119995.4140625,120269.96875,116233.2265625,117426.5,79217583118.0
2025-07-23,3394.10009765625,3394.10009765625,3433.89990234375,3388.10009765625,3430.300048828125,63.0,39.27799987792969,39.27799987792969,39.40999984741211,39.220001220703125,39.40999984741211,51.0,5.795000076293945,5.795000076293945,5.865499973297119,5.750999927520752,5.750999927520752,607.0,1437.699951171875,1437.699951171875,1463.4000244140625,1437.699951171875,1463.4000244140625,27.0,65.25,65.25,65.77999877929688,64.70999908447266,65.48999786376953,251825.0,68.51000213623047,68.51000213623047,69.08000183105469,68.0,68.72000122070312,37734.0,6358.91015625,6358.91015625,6360.64013671875,6317.490234375,6326.89990234375,5642510000.0,45010.2890625,45010.2890625,45016.7109375,44638.44140625,44661.12109375,446630000.0,21020.01953125,21020.01953125,21023.849609375,20870.669921875,20966.470703125,10972770000.0,41171.3203125,41171.3203125,41342.58984375,40087.859375,40189.1796875,221100000.0,3040.0,3040.0,3052.0,2986.0,2989.5,3750000.0,24240.8203125,24240.8203125,24310.9609375,24122.189453125,24246.80078125,80487800.0,9061.5,9061.5,9080.099609375,9023.2998046875,9023.7998046875,716780800.0,97.20999908447266,97.20999908447266,97.61000061035156,97.19000244140625,97.47000122070312,0.0,146.78500366210938,146.78500366210938,147.18499755859375,146.13600158691406,146.78500366210938,0.0,118754.9609375,118754.9609375,120113.3515625,117391.390625,119997.4453125,66608604537.0
2025-07-24,3371.0,3371.0,3371.0,3367.0,3367.0,1175.0,39.020999908447266,39.020999908447266,39.130001068115234,38.84000015258789,39.060001373291016,59.0,5.7769999504089355,5.7769999504089355,5.894999980926514,5.771999835968018,5.860499858856201,686.0,1424.5999755859375,1424.5999755859375,1424.5999755859375,1424.5999755859375,1424.5999755859375,0.0,66.02999877929688,66.02999877929688,66.38999938964844,65.33000183105469,65.41999816894531,281209.0,69.18000030517578,69.18000030517578,69.52999877929688,68.5,68.72000122070312,39597.0,6363.35009765625,6363.35009765625,6381.31005859375,6360.56982421875,6368.60009765625,5282720000.0,44693.91015625,44693.91015625,44912.26953125,44674.5703125,44776.41015625,453000000.0,21057.9609375,21057.9609375,21113.099609375,21001.6796875,21083.8203125,12741070000.0,41826.33984375,41826.33984375,42065.828125,41554.1796875,41657.98046875,149400000.0,3093.0,3093.0,3102.0,3068.0,3073.0,1644240.0,24295.9296875,24295.9296875,24514.9296875,24235.439453125,24502.990234375,78043300.0,9138.400390625,9138.400390625,9158.2001953125,9060.7001953125,9061.5,800722200.0,97.37999725341797,97.37999725341797,97.55000305175781,97.11000061035156,97.18000030517578,0.0,146.3489990234375,146.3489990234375,146.94500732421875,145.8560028076172,146.3489990234375,0.0,118368.0,118368.0,119535.453125,117247.96875,118770.984375,72627318560.0
2025-07-25,3334.0,3334.0,3345.0,3326.5,3344.0,67.0,38.16699981689453,38.16699981689453,38.93000030517578,38.040000915527344,38.93000030517578,7.0,5.763500213623047,5.763500213623047,5.78000020980835,5.728000164031982,5.775000095367432,911.0,1407.4000244140625,1407.4000244140625,1410.0999755859375,1398.0,1410.0,20.0,65.16000366210938,65.16000366210938,66.73999786376953,65.0,66.1500015258789,234283.0,68.44000244140625,68.44000244140625,69.88999938964844,68.30000305175781,69.26000213623047,27384.0,6388.64013671875,6388.64013671875,6395.81982421875,6368.52978515625,6370.009765625,4470720000.0,44901.921875,44901.921875,44944.4609375,44650.58984375,44757.28125,369500000.0,21108.3203125,21108.3203125,21159.80078125,21036.849609375,21059.939453125,11028310000.0,41456.23046875,41456.23046875,41773.69921875,41389.7890625,41760.578125,117500000.0,3062.0,3062.0,3085.0,3060.0,3082.0,843430.0,24217.5,24217.5,24252.58984375,24065.189453125,24097.330078125,54010400.0,9120.2998046875,9120.2998046875,9145.0,9094.7001953125,9138.400390625,1064163700.0,97.6500015258789,97.6500015258789,97.91000366210938,97.43000030517578,97.44999694824219,0.0,147.0050048828125,147.0050048828125,147.92300415039062,146.86399841308594,147.0050048828125,0.0,117635.8828125,117635.8828125,118486.9765625,114759.8203125,118368.0,104857024569.0
2025-07-26,3334.0,3334.0,3345.0,3326.5,3344.0,67.0,38.16699981689453,38.16699981689453,38.93000030517578,38.040000915527344,38.93000030517578,7.0,5.763500213623047,5.763500213623047,5.78000020980835,5.728000164031982,5.775000095367432,911.0,1407.4000244140625,1407.4000244140625,1410.0999755859375,1398.0,1410.0,20.0,65.16000366210938,65.16000366210938,66.73999786376953,65.0,66.1500015258789,234283.0,68.44000244140625,68.44000244140625,69.88999938964844,68.30000305175781,69.26000213623047,27384.0,6388.64013671875,6388.64013671875,6395.81982421875,6368.52978515625,6370.009765625,4470720000.0,44901.921875,44901.921875,44944.4609375,44650.58984375,44757.28125,369500000.0,21108.3203125,21108.3203125,21159.80078125,21036.849609375,21059.939453125,11028310000.0,41456.23046875,41456.23046875,41773.69921875,41389.7890625,41760.578125,117500000.0,3062.0,3062.0,3085.0,3060.0,3082.0,843430.0,24217.5,24217.5,24252.58984375,24065.189453125,24097.330078125,54010400.0,9120.2998046875,9120.2998046875,9145.0,9094.7001953125,9138.400390625,1064163700.0,97.6500015258789,97.6500015258789,97.91000366210938,97.43000030517578,97.44999694824219,0.0,147.0050048828125,147.0050048828125,147.92300415039062,146.86399841308594,147.0050048828125,0.0,117947.3671875,117947.3671875,118335.6875,117181.2265625,117644.84375,48508954046.0
2025-07-27,3334.0,3334.0,3345.0,3326.5,3344.0,67.0,38.16699981689453,38.16699981689453,38.93000030517578,38.040000915527344,38.93000030517578,7.0,5.763500213623047,5.763500213623047,5.78000020980835,5.728000164031982,5.775000095367432,911.0,1407.4000244140625,1407.4000244140625,1410.0999755859375,1398.0,1410.0,20.0,65.16000366210938,65.16000366210938,66.73999786376953,65.0,66.1500015258789,234283.0,68.44000244140625,68.44000244140625,69.88999938964844,68.30000305175781,69.26000213623047,27384.0,6388.64013671875,6388.64013671875,6395.81982421875,6368.52978515625,6370.009765625,4470720000.0,44901.921875,44901.921875,44944.4609375,44650.58984375,44757.28125,369500000.0,21108.3203125,21108.3203125,21159.80078125,21036.849609375,21059.939453125,11028310000.0,41456.23046875,41456.23046875,41773.69921875,41389.7890625,41760.578125,117500000.0,3062.0,3062.0,3085.0,3060.0,3082.0,843430.0,24217.5,24217.5,24252.58984375,24065.189453125,24097.330078125,54010400.0,9120.2998046875,9120.2998046875,9145.0,9094.7001953125,9138.400390625,1064163700.0,97.6500015258789,97.6500015258789,97.91000366210938,97.43000030517578,97.44999694824219,0.0,147.0050048828125,147.0050048828125,147.92300415039062,146.86399841308594,147.0050048828125,0.0,119448.4921875,119448.4921875,119815.59375,117859.6875,117944.7265625,54683390892.0
2025-07-28,3309.10009765625,3309.10009765625,3326.800048828125,3309.10009765625,3326.60009765625,533.0,38.0260009765625,38.0260009765625,38.189998626708984,38.02000045776367,38.130001068115234,154.0,5.59499979019165,5.59499979019165,5.748000144958496,5.498000144958496,5.747499942779541,782.0,1404.0999755859375,1404.0999755859375,1404.0999755859375,1404.0999755859375,1404.0999755859375,0.0,66.70999908447266,66.70999908447266,67.13999938964844,65.05000305175781,65.1500015258789,262038.0,70.04000091552734,70.04000091552734,70.44999694824219,68.38999938964844,68.47000122070312,31485.0,6389.77001953125,6389.77001953125,6401.06982421875,6375.7900390625,6397.68994140625,4565620000.0,44837.55859375,44837.55859375,44946.98046875,44739.9609375,44946.98046875,416510000.0,21178.580078125,21178.580078125,21202.1796875,21122.119140625,21176.400390625,10612580000.0,40998.26953125,40998.26953125,41534.2109375,40997.87109375,41515.91015625,106500000.0,3043.0,3043.0,3067.0,3041.0,3067.0,447420.0,23970.359375,23970.359375,24444.470703125,23942.119140625,24424.669921875,52660400.0,9081.400390625,9081.400390625,9169.0,9058.400390625,9120.2998046875,543629900.0,98.66000366210938,98.66000366210938,98.69000244140625,97.48999786376953,97.58000183105469,0.0,147.81300354003906,147.81300354003906,148.48399353027344,147.52499389648438,147.81300354003906,0.0,117924.4765625,117924.4765625,119819.7890625,117441.4375,119457.5234375,64822943193.0
2025-07-29,3323.39990234375,3323.39990234375,3323.39990234375,3323.39990234375,3323.39990234375,113144.0,38.08399963378906,38.08399963378906,38.130001068115234,38.060001373291016,38.130001068115234,1109.0,5.603499889373779,5.603499889373779,5.610000133514404,5.583000183105469,5.610000133514404,1039.0,1404.0,1404.0,1404.0,1404.0,1404.0,438.0,69.20999908447266,69.20999908447266,69.76000213623047,66.52999877929688,67.04000091552734,329112.0,72.51000213623047,72.51000213623047,73.06999969482422,69.88999938964844,70.38999938964844,24345.0,6370.85986328125,6370.85986328125,6409.259765625,6363.919921875,6405.6201171875,5076120000.0,44632.98828125,44632.98828125,44883.66015625,44568.828125,44833.73828125,488780000.0,21098.2890625,21098.2890625,21303.9609375,21081.689453125,21286.720703125,10040610000.0,40674.55078125,40674.55078125,40792.8515625,40563.53125,40767.76953125,101000000.0,3019.0,3019.0,3027.0,3012.0,3026.0,1836090.0,24217.369140625,24217.369140625,24310.0,24051.7109375,24051.7109375,50189600.0,9136.2998046875,9136.2998046875,9163.2001953125,9076.400390625,9081.400390625,717674800.0,98.91000366210938,98.91000366210938,99.13999938964844,98.58000183105469,98.63999938964844,0.0,148.47900390625,148.47900390625,148.7989959716797,148.1699981689453,148.47900390625,0.0,117922.1484375,117922.1484375,119273.8671875,116987.3671875,117938.5859375,68463107433.0
2025-07-30,3295.800048828125,3295.800048828125,3331.800048828125,3263.89990234375,3325.800048828125,19252.0,37.566001892089844,37.566001892089844,38.165000915527344,36.775001525878906,38.165000915527344,352.0,5.570000171661377,5.570000171661377,5.627999782562256,4.492499828338623,5.626500129699707,2823.0,1360.699951171875,1360.699951171875,1406.699951171875,1276.199951171875,1406.699951171875,352.0,70.0,70.0,70.51000213623047,68.44999694824219,69.33999633789062,345336.0,73.23999786376953,73.23999786376953,73.62999725341797,71.75,72.68000030517578,15242.0,6362.89990234375,6362.89990234375,6396.5400390625,6336.3798828125,6381.22998046875,5375070000.0,44461.28125,44461.28125,44739.53125,44261.7109375,44677.8984375,456840000.0,21129.669921875,21129.669921875,21230.880859375,21016.919921875,21140.400390625,9311770000.0,40654.69921875,40654.69921875,40744.53125,40556.609375,40744.53125,123700000.0,3033.0,3033.0,3034.0,3016.0,3020.0,864970.0,24262.220703125,24262.220703125,24302.76953125,24138.2109375,24169.259765625,51182600.0,9136.900390625,9136.900390625,9146.7998046875,9091.5,9136.2998046875,774736700.0,99.94000244140625,99.94000244140625,99.9800033569336,98.69999694824219,98.91999816894531,0.0,148.44200134277344,148.44200134277344,149.0959930419922,147.81100463867188,148.44200134277344,0.0,117831.1875,117831.1875,118780.7265625,115800.828125,117921.9921875,68896148592.0
2025-07-31,3293.199951171875,3293.199951171875,3312.0,3272.89990234375,3272.89990234375,3704.0,36.551998138427734,36.551998138427734,36.84000015258789,36.551998138427734,36.84000015258789,89.0,4.33050012588501,4.33050012588501,4.5954999923706055,4.323500156402588,4.59499979019165,1537.0,1286.4000244140625,1286.4000244140625,1303.800048828125,1286.4000244140625,1303.800048828125,2.0,69.26000213623047,69.26000213623047,70.41000366210938,68.55999755859375,70.30000305175781,247031.0,72.52999877929688,72.52999877929688,73.48999786376953,72.41999816894531,73.4000015258789,56020.0,6339.39013671875,6339.39013671875,6427.02001953125,6327.64013671875,6427.02001953125,6077080000.0,44130.98046875,44130.98046875,44665.8203125,44049.01171875,44665.8203125,689040000.0,21122.44921875,21122.44921875,21457.48046875,21078.669921875,21457.48046875,9917220000.0,41069.8203125,41069.8203125,41151.25,40639.3203125,40693.0,134800000.0,3056.0,3056.0,3060.0,3036.0,3042.0,1644940.0,24065.470703125,24065.470703125,24433.400390625,24039.919921875,24340.2109375,61019200.0,9132.7998046875,9132.7998046875,9190.7001953125,9115.7998046875,9136.900390625,926035400.0,100.02999877929688,100.02999877929688,100.0999984741211,99.5199966430664,99.80000305175781,0.0,149.2259979248047,149.2259979248047,150.62600708007812,148.6009979248047,149.2259979248047,0.0,115758.203125,115758.203125,118919.984375,115505.21875,117833.6328125,69370346018.0
2025-08-01,3347.699951171875,3347.699951171875,3360.60009765625,3281.0,3286.199951171875,3420.0,36.7869987487793,36.7869987487793,36.7869987487793,36.345001220703125,36.345001220703125,95.0,4.412499904632568,4.412499904632568,4.412499904632568,4.385000228881836,4.388999938964844,1301.0,1304.0,1304.0,1315.199951171875,1284.5,1289.0,7.0,67.33000183105469,67.33000183105469,69.58000183105469,67.05000305175781,69.3499984741211,355819.0,69.66999816894531,69.66999816894531,71.98999786376953,69.41000366210938,71.7699966430664,68855.0,6238.009765625,6238.009765625,6287.27978515625,6212.68994140625,6287.27978515625,5827150000.0,43588.578125,43588.578125,43781.76953125,43340.6796875,43781.76953125,705150000.0,20650.130859375,20650.130859375,20865.630859375,20560.169921875,20830.640625,9667420000.0,40799.6015625,40799.6015625,41064.73046875,40588.171875,41029.83984375,148400000.0,3064.0,3064.0,3076.0,3048.0,3052.0,785880.0,23425.970703125,23425.970703125,23802.73046875,23380.939453125,23786.91015625,69500600.0,9068.599609375,9068.599609375,9132.7998046875,9027.900390625,9132.7998046875,750993500.0,98.69000244140625,98.69000244140625,100.26000213623047,98.61000061035156,100.01000213623047,0.0,150.77200317382812,150.77200317382812,150.9149932861328,147.68099975585938,150.77200317382812,0.0,113320.0859375,113320.0859375,116060.7734375,112724.4453125,115738.953125,91294530181.0
2025-08-02,3347.699951171875,3347.699951171875,3360.60009765625,3281.0,3286.199951171875,3420.0,36.7869987487793,36.7869987487793,36.7869987487793,36.345001220703125,36.345001220703125,95.0,4.412499904632568,4.412499904632568,4.412499904632568,4.385000228881836,4.388999938964844,1301.0,1304.0,1304.0,1315.199951171875,1284.5,1289.0,7.0,67.33000183105469,67.33000183105469,69.58000183105469,67.05000305175781,69.3499984741211,355819.0,69.66999816894531,69.66999816894531,71.98999786376953,69.41000366210938,71.7699966430664,68855.0,6238.009765625,6238.009765625,6287.27978515625,6212.68994140625,6287.27978515625,5827150000.0,43588.578125,43588.578125,43781.76953125,43340.6796875,43781.76953125,705150000.0,20650.130859375,20650.130859375,20865.630859375,20560.169921875,20830.640625,9667420000.0,40799.6015625,40799.6015625,41064.73046875,40588.171875,41029.83984375,148400000.0,3064.0,3064.0,3076.0,3048.0,3052.0,785880.0,23425.970703125,23425.970703125,23802.73046875,23380.939453125,23786.91015625,69500600.0,9068.599609375,9068.599609375,9132.7998046875,9027.900390625,9132.7998046875,750993500.0,98.69000244140625,98.69000244140625,100.26000213623047,98.61000061035156,100.01000213623047,0.0,150.77200317382812,150.77200317382812,150.9149932861328,147.68099975585938,150.77200317382812,0.0,112526.9140625,112526.9140625,114021.6015625,112005.765625,113320.390625,56870866000.0
2025-08-03,3347.699951171875,3347.699951171875,3360.60009765625,3281.0,3286.199951171875,3420.0,36.7869987487793,36.7869987487793,36.7869987487793,36.345001220703125,36.345001220703125,95.0,4.412499904632568,4.412499904632568,4.412499904632568,4.385000228881836,4.388999938964844,1301.0,1304.0,1304.0,1315.199951171875,1284.5,1289.0,7.0,67.33000183105469,67.33000183105469,69.58000183105469,67.05000305175781,69.3499984741211,355819.0,69.66999816894531,69.66999816894531,71.98999786376953,69.41000366210938,71.7699966430664,68855.0,6238.009765625,6238.009765625,6287.27978515625,6212.68994140625,6287.27978515625,5827150000.0,43588.578125,43588.578125,43781.76953125,43340.6796875,43781.76953125,705150000.0,20650.130859375,20650.130859375,20865.630859375,20560.169921875,20830.640625,9667420000.0,40799.6015625,40799.6015625,41064.73046875,40588.171875,41029.83984375,148400000.0,3064.0,3064.0,3076.0,3048.0,3052.0,785880.0,23425.970703125,23425.970703125,23802.73046875,23380.939453125,23786.91015625,69500600.0,9068.599609375,9068.599609375,9132.7998046875,9027.900390625,9132.7998046875,750993500.0,98.69000244140625,98.69000244140625,100.26000213623047,98.61000061035156,100.01000213623047,0.0,150.77200317382812,150.77200317382812,150.9149932861328,147.68099975585938,150.77200317382812,0.0,114217.671875,114217.671875,114747.421875,111943.8046875,112525.8046875,48099615826.0
2025-08-04,3374.39990234375,3374.39990234375,3386.5,3347.39990234375,3367.60009765625,351.0,37.19200134277344,37.19200134277344,37.29999923706055,37.14500045776367,37.14500045776367,488.0,4.414999961853027,4.414999961853027,4.431000232696533,4.4145002365112305,4.423500061035156,1042.0,1326.4000244140625,1326.4000244140625,1351.199951171875,1323.4000244140625,1323.4000244140625,80.0,66.29000091552734,66.29000091552734,67.73999786376953,65.45999908447266,66.8499984741211,277375.0,68.76000213623047,68.76000213623047,69.9800033569336,67.98999786376953,69.0,41788.0,6329.93994140625,6329.93994140625,6330.68994140625,6271.7099609375,6271.7099609375,4842580000.0,44173.640625,44173.640625,44188.359375,43724.01953125,43724.01953125,514180000.0,21053.580078125,21053.580078125,21055.240234375,20833.859375,20853.91015625,7355970000.0,40290.69921875,40290.69921875,40332.25,39850.51953125,40118.80859375,130800000.0,3028.0,3028.0,3031.0,2990.5,2997.5,1500330.0,23757.689453125,23757.689453125,23783.7890625,23521.609375,23523.240234375,50796000.0,9128.2998046875,9128.2998046875,9129.099609375,9068.099609375,9068.599609375,1259903600.0,98.77999877929688,98.77999877929688,98.9800033569336,98.58999633789062,98.6500015258789,0.0,147.34300231933594,147.34300231933594,148.06700134277344,146.8780059814453,147.34300231933594,0.0,115071.8828125,115071.8828125,115729.46875,114130.40625,114223.921875,35783028986.0
2025-08-05,3381.89990234375,3381.89990234375,3387.199951171875,3351.199951171875,3378.5,915.0,37.6870002746582,37.6870002746582,37.6870002746582,37.60499954223633,37.60499954223633,3.0,4.363999843597412,4.363999843597412,4.401000022888184,4.355000019073486,4.388000011444092,831.0,1317.199951171875,1317.199951171875,1317.9000244140625,1317.199951171875,1317.9000244140625,4.0,65.16000366210938,65.16000366210938,66.38999938964844,65.02999877929688,66.20999908447266,279030.0,67.63999938964844,67.63999938964844,68.8499984741211,67.52999877929688,68.75,47388.0,6299.18994140625,6299.18994140625,6346.0,6289.3701171875,6336.6298828125,5517410000.0,44111.73828125,44111.73828125,44308.5,43923.80859375,44200.0703125,455690000.0,20916.55078125,20916.55078125,21138.720703125,20893.2890625,21092.099609375,7982940000.0,40549.5390625,40549.5390625,40649.37890625,40421.87890625,40521.0,145300000.0,3051.0,3051.0,3058.0,3037.0,3045.0,741670.0,23846.0703125,23846.0703125,23979.58984375,23785.080078125,23914.3203125,58127500.0,9142.7001953125,9142.7001953125,9178.0,9126.599609375,9128.2998046875,815463500.0,98.77999877929688,98.77999877929688,99.06999969482422,98.58999633789062,98.62000274658203,0.0,146.79299926757812,146.79299926757812,147.82699584960938,146.61700439453125,146.79299926757812,0.0,114141.4453125,114141.4453125,115117.4375,112701.109375,115072.1875,61039182286.0
2025-08-06,3380.0,3380.0,3383.300048828125,3361.300048828125,3380.699951171875,1492.0,37.76599884033203,37.76599884033203,37.76599884033203,37.7599983215332,37.7599983215332,6.0,4.390999794006348,4.390999794006348,4.4120001792907715,4.380499839782715,4.400000095367432,924.0,1326.0,1326.0,1338.300048828125,1326.0,1326.0,47.0,64.3499984741211,64.3499984741211,66.75,63.63999938964844,65.1500015258789,353827.0,66.88999938964844,66.88999938964844,69.19000244140625,66.22000122070312,67.76000213623047,62159.0,6345.06005859375,6345.06005859375,6352.830078125,6301.10986328125,6309.2998046875,5408560000.0,44193.12109375,44193.12109375,44290.08984375,44017.7109375,44196.609375,518970000.0,21169.419921875,21169.419921875,21183.880859375,20937.490234375,20955.220703125,8580020000.0,40794.859375,40794.859375,40850.890625,40423.12890625,40430.4609375,145500000.0,3085.0,3085.0,3087.0,3051.0,3052.0,1644830.0,23924.359375,23924.359375,23996.890625,23806.919921875,23972.029296875,66327800.0,9164.2998046875,9164.2998046875,9184.2001953125,9142.7001953125,9142.7001953125,902688800.0,98.18000030517578,98.18000030517578,98.83999633789062,98.12999725341797,98.75,0.0,147.55999755859375,147.55999755859375,147.87399291992188,147.22900390625,147.55999755859375,0.0,115028.0,115028.0,115737.8359375,113372.25,114140.9140625,56379133510.0
2025-08-07,3400.300048828125,3400.300048828125,3422.89990234375,3384.89990234375,3384.89990234375,5464.0,38.15800094604492,38.15800094604492,38.375,38.15800094604492,38.33000183105469,130.0,4.378499984741211,4.378499984741211,4.427000045776367,4.377500057220459,4.399499893188477,986.0,1339.9000244140625,1339.9000244140625,1339.9000244140625,1339.9000244140625,1339.9000244140625,0.0,63.880001068115234,63.880001068115234,65.11000061035156,63.70000076293945,64.36000061035156,300518.0,66.43000030517578,66.43000030517578,67.63999938964844,66.2699966430664,66.87999725341797,44063.0,6340.0,6340.0,6389.7099609375,6310.31982421875,6374.31982421875,5306090000.0,43968.640625,43968.640625,44498.4296875,43799.19921875,44430.08984375,492480000.0,21242.69921875,21242.69921875,21408.150390625,21090.05078125,21325.009765625,8979190000.0,41059.1484375,41059.1484375,41164.109375,40668.19140625,40668.19140625,154000000.0,3104.0,3104.0,3111.0,3075.0,3075.0,1041890.0,24192.5,24192.5,24392.0390625,23899.4609375,23910.869140625,75743300.0,9100.7998046875,9100.7998046875,9164.2998046875,9084.5,9164.2998046875,857875100.0,98.4000015258789,98.4000015258789,98.47000122070312,97.94999694824219,98.19000244140625,0.0,147.1929931640625,147.1929931640625,147.69400024414062,146.6999969482422,147.1929931640625,0.0,117496.8984375,117496.8984375,117676.90625,114279.7109375,115030.0546875,64051649681.0
2025-08-08,3439.10009765625,3439.10009765625,3477.0,3402.5,3438.800048828125,7657.0,38.41699981689453,38.41699981689453,38.619998931884766,38.38999938964844,38.48500061035156,54.0,4.45550012588501,4.45550012588501,4.45550012588501,4.387499809265137,4.387499809265137,645.0,1325.5999755859375,1325.5999755859375,1325.5999755859375,1325.5999755859375,1325.5999755859375,2.0,63.880001068115234,63.880001068115234,64.58000183105469,62.77000045776367,63.849998474121094,322939.0,66.58999633789062,66.58999633789062,67.19000244140625,65.5,66.37999725341797,52157.0,6389.4501953125,6389.4501953125,6395.16015625,6355.22021484375,6355.22021484375,4769910000.0,44175.609375,44175.609375,44272.75,44028.94140625,44044.94921875,452500000.0,21450.01953125,21450.01953125,21464.529296875,21284.970703125,21316.369140625,8669200000.0,41820.48046875,41820.48046875,42033.921875,41248.05078125,41283.69921875,183300000.0,3140.0,3140.0,3156.0,3116.0,3116.0,1375860.0,24162.859375,24162.859375,24268.8203125,24095.990234375,24165.880859375,55854700.0,9095.7001953125,9095.7001953125,9127.099609375,9079.900390625,9100.7998046875,874135800.0,98.18000030517578,98.18000030517578,98.3499984741211,97.95999908447266,97.9800033569336,0.0,146.83700561523438,146.83700561523438,147.8800048828125,146.77000427246094,146.83700561523438,0.0,116688.7265625,116688.7265625,117689.203125,115917.4609375,117505.5,59713005166.0
2025-08-09,3439.10009765625,3439.10009765625,3477.0,3402.5,3438.800048828125,7657.0,38.41699981689453,38.41699981689453,38.619998931884766,38.38999938964844,38.48500061035156,54.0,4.45550012588501,4.45550012588501,4.45550012588501,4.387499809265137,4.387499809265137,645.0,1325.5999755859375,1325.5999755859375,1325.5999755859375,1325.5999755859375,1325.5999755859375,2.0,63.880001068115234,63.880001068115234,64.58000183105469,62.77000045776367,63.849998474121094,322939.0,66.58999633789062,66.58999633789062,67.19000244140625,65.5,66.37999725341797,52157.0,6389.4501953125,6389.4501953125,6395.16015625,6355.22021484375,6355.22021484375,4769910000.0,44175.609375,44175.609375,44272.75,44028.94140625,44044.94921875,452500000.0,21450.01953125,21450.01953125,21464.529296875,21284.970703125,21316.369140625,8669200000.0,41820.48046875,41820.48046875,42033.921875,41248.05078125,41283.69921875,183300000.0,3140.0,3140.0,3156.0,3116.0,3116.0,1375860.0,24162.859375,24162.859375,24268.8203125,24095.990234375,24165.880859375,55854700.0,9095.7001953125,9095.7001953125,9127.099609375,9079.900390625,9100.7998046875,874135800.0,98.18000030517578,98.18000030517578,98.3499984741211,97.95999908447266,97.9800033569336,0.0,146.83700561523438,146.83700561523438,147.8800048828125,146.77000427246094,146.83700561523438,0.0,116500.359375,116500.359375,117906.609375,116363.8359375,116678.2734375,54004312429.0
2025-08-10,3439.10009765625,3439.10009765625,3477.0,3402.5,3438.800048828125,7657.0,38.41699981689453,38.41699981689453,38.619998931884766,38.38999938964844,38.48500061035156,54.0,4.45550012588501,4.45550012588501,4.45550012588501,4.387499809265137,4.387499809265137,645.0,1325.5999755859375,1325.5999755859375,1325.5999755859375,1325.5999755859375,1325.5999755859375,2.0,63.880001068115234,63.880001068115234,64.58000183105469,62.77000045776367,63.849998474121094,322939.0,66.58999633789062,66.58999633789062,67.19000244140625,65.5,66.37999725341797,52157.0,6389.4501953125,6389.4501953125,6395.16015625,6355.22021484375,6355.22021484375,4769910000.0,44175.609375,44175.609375,44272.75,44028.94140625,44044.94921875,452500000.0,21450.01953125,21450.01953125,21464.529296875,21284.970703125,21316.369140625,8669200000.0,41820.48046875,41820.48046875,42033.921875,41248.05078125,41283.69921875,183300000.0,3140.0,3140.0,3156.0,3116.0,3116.0,1375860.0,24162.859375,24162.859375,24268.8203125,24095.990234375,24165.880859375,55854700.0,9095.7001953125,9095.7001953125,9127.099609375,9079.900390625,9100.7998046875,874135800.0,98.18000030517578,98.18000030517578,98.3499984741211,97.95999908447266,97.9800033569336,0.0,146.83700561523438,146.83700561523438,147.8800048828125,146.77000427246094,146.83700561523438,0.0,119306.7578125,119306.7578125,119320.7109375,116485.1640625,116497.71875,64755458694.0
2025-08-11,3353.10009765625,3353.10009765625,3383.89990234375,3349.199951171875,3383.89990234375,1488.0,37.6619987487793,37.6619987487793,38.040000915527344,37.6619987487793,38.040000915527344,35.0,4.423500061035156,4.423500061035156,4.451499938964844,4.423500061035156,4.445499897003174,794.0,1329.9000244140625,1329.9000244140625,1329.9000244140625,1329.9000244140625,1329.9000244140625,7.0,63.959999084472656,63.959999084472656,64.44000244140625,63.02000045776367,63.47999954223633,234807.0,66.62999725341797,66.62999725341797,67.11000061035156,65.83000183105469,66.2300033569336,31132.0,6373.4501953125,6373.4501953125,6407.25,6364.06005859375,6389.669921875,4652400000.0,43975.08984375,43975.08984375,44273.03125,43911.30859375,44184.359375,431510000.0,21385.400390625,21385.400390625,21549.73046875,21346.619140625,21459.650390625,9099730000.0,41820.48046875,41820.48046875,42033.921875,41248.05078125,41283.69921875,183300000.0,3140.0,3140.0,3156.0,3116.0,3116.0,1375860.0,24081.33984375,24081.33984375,24219.08984375,24030.05078125,24206.259765625,41591600.0,9129.7001953125,9129.7001953125,9137.7001953125,9093.2001953125,9095.7001953125,574794700.0,98.5199966430664,98.5199966430664,99.31999969482422,98.02999877929688,98.23999786376953,0.0,147.66400146484375,147.66400146484375,148.0989990234375,147.35299682617188,147.66400146484375,0.0,118731.4453125,118731.4453125,122321.09375,118159.03125,119306.8125,90528784177.0
2025-08-12,3348.89990234375,3348.89990234375,3356.199951171875,3330.10009765625,3356.199951171875,1611.0,37.89899826049805,37.89899826049805,37.89899826049805,37.55500030517578,37.55500030517578,19.0,4.508500099182129,4.508500099182129,4.512499809265137,4.5,4.512499809265137,803.0,1341.9000244140625,1341.9000244140625,1341.9000244140625,1341.9000244140625,1341.9000244140625,0.0,63.16999816894531,63.16999816894531,64.33999633789062,63.060001373291016,64.0,304441.0,66.12000274658203,66.12000274658203,67.04000091552734,65.97000122070312,66.72000122070312,33110.0,6445.759765625,6445.759765625,6446.5498046875,6385.759765625,6395.169921875,5135300000.0,44458.609375,44458.609375,44497.58984375,44050.53125,44050.53125,442850000.0,21681.900390625,21681.900390625,21689.6796875,21386.25,21507.439453125,8382820000.0,42718.171875,42718.171875,42999.7109375,42083.578125,42098.3203125,176100000.0,3184.0,3184.0,3202.0,3160.0,3161.0,1798900.0,24024.779296875,24024.779296875,24156.25,23940.240234375,24147.009765625,55507100.0,9147.7998046875,9147.7998046875,9165.0,9119.400390625,9129.7001953125,620578300.0,98.0999984741211,98.0999984741211,98.62000274658203,97.9000015258789,98.51000213623047,0.0,148.125,148.125,148.5050048828125,147.6060028076172,148.125,0.0,120172.90625,120172.90625,120302.46875,118228.71875,118717.6640625,72803657984.0
2025-08-13,3358.699951171875,3358.699951171875,3363.39990234375,3358.699951171875,3358.800048828125,1011.0,38.499000549316406,38.499000549316406,38.505001068115234,38.45000076293945,38.45000076293945,8.0,4.48199987411499,4.48199987411499,4.509500026702881,4.4720001220703125,4.509500026702881,879.0,1331.5,1331.5,1331.5,1331.5,1331.5,0.0,62.650001525878906,62.650001525878906,63.380001068115234,61.939998626708984,63.06999969482422,298939.0,65.62999725341797,65.62999725341797,66.33000183105469,65.0,66.05000305175781,40497.0,6466.580078125,6466.580078125,6480.27978515625,6445.02001953125,6462.669921875,5195950000.0,44922.26953125,44922.26953125,44949.12109375,44571.53125,44571.53125,521430000.0,21713.140625,21713.140625,21803.75,21645.140625,21764.55078125,8763080000.0,43274.671875,43274.671875,43451.4609375,43008.19921875,43090.91015625,154100000.0,3211.0,3211.0,3223.0,3196.0,3205.0,1451750.0,24185.58984375,24185.58984375,24247.390625,24138.7890625,24156.509765625,48580100.0,9165.2001953125,9165.2001953125,9182.7001953125,9142.400390625,9147.7998046875,668377900.0,97.83999633789062,97.83999633789062,98.12999725341797,97.62999725341797,98.04000091552734,0.0,147.75799560546875,147.75799560546875,148.16099548339844,147.10400390625,147.75799560546875,0.0,123344.0625,123344.0625,123682.453125,118939.6328125,120168.9765625,90904808795.0
2025-08-14,3335.199951171875,3335.199951171875,3356.0,3328.89990234375,3346.800048828125,592.0,37.981998443603516,37.981998443603516,37.981998443603516,37.981998443603516,37.981998443603516,5.0,4.4644999504089355,4.4644999504089355,4.4664998054504395,4.454999923706055,4.454999923706055,2053.0,1350.300048828125,1350.300048828125,1350.300048828125,1350.300048828125,1350.300048828125,0.0,63.959999084472656,63.959999084472656,64.0999984741211,62.58000183105469,62.790000915527344,251652.0,66.83999633789062,66.83999633789062,66.9800033569336,65.56999969482422,65.7699966430664,34810.0,6468.5400390625,6468.5400390625,6473.919921875,6441.06982421875,6453.4599609375,4462050000.0,44911.26171875,44911.26171875,44948.69921875,44690.5,44890.83984375,453530000.0,21710.669921875,21710.669921875,21766.2890625,21627.130859375,21649.2109375,9110860000.0,42649.26171875,42649.26171875,43199.828125,42606.73046875,43129.1796875,127800000.0,3177.0,3177.0,3198.0,3171.0,3195.0,1803560.0,24377.5,24377.5,24409.349609375,24205.369140625,24205.58984375,47940900.0,9177.2001953125,9177.2001953125,9177.2001953125,9133.7001953125,9165.2001953125,558589800.0,98.25,98.25,98.31999969482422,97.62999725341797,97.75,0.0,147.1199951171875,147.1199951171875,147.79800415039062,146.2220001220703,147.1199951171875,0.0,118359.578125,118359.578125,124457.1171875,117254.8828125,123339.3984375,104055627395.0
2025-08-15,3336.0,3336.0,3346.800048828125,3335.89990234375,3346.800048828125,1185.0,37.89400100708008,37.89400100708008,37.89400100708008,37.880001068115234,37.880001068115234,2.0,4.478000164031982,4.478000164031982,4.488500118255615,4.473999977111816,4.488500118255615,797.0,1334.300048828125,1334.300048828125,1334.300048828125,1334.300048828125,1334.300048828125,0.0,62.79999923706055,62.79999923706055,64.1500015258789,62.68000030517578,63.90999984741211,197390.0,65.8499984741211,65.8499984741211,67.08000183105469,65.7300033569336,66.80000305175781,35864.0,6449.7998046875,6449.7998046875,6481.33984375,6441.85009765625,6477.3798828125,4575060000.0,44946.12109375,44946.12109375,45203.51953125,44897.98046875,45159.91015625,547270000.0,21622.98046875,21622.98046875,21716.1796875,21567.4609375,21709.33984375,8158830000.0,43378.30859375,43378.30859375,43405.4296875,42736.859375,42866.37890625,134500000.0,3229.0,3229.0,3229.0,3193.0,3193.0,1087420.0,24359.30078125,24359.30078125,24536.109375,24327.599609375,24530.69921875,47125900.0,9138.900390625,9138.900390625,9222.099609375,9129.5,9177.2001953125,637843000.0,97.8499984741211,97.8499984741211,98.20999908447266,97.7300033569336,98.18000030517578,0.0,147.6909942626953,147.6909942626953,147.71299743652344,146.75599670410156,147.6909942626953,0.0,117398.3515625,117398.3515625,119332.3125,116864.5703125,118365.78125,68665353159.0
2025-08-16,3336.0,3336.0,3346.800048828125,3335.89990234375,3346.800048828125,1185.0,37.89400100708008,37.89400100708008,37.89400100708008,37.880001068115234,37.880001068115234,2.0,4.478000164031982,4.478000164031982,4.488500118255615,4.473999977111816,4.488500118255615,797.0,1334.300048828125,1334.300048828125,1334.300048828125,1334.300048828125,1334.300048828125,0.0,62.79999923706055,62.79999923706055,64.1500015258789,62.68000030517578,63.90999984741211,197390.0,65.8499984741211,65.8499984741211,67.08000183105469,65.7300033569336,66.80000305175781,35864.0,6449.7998046875,6449.7998046875,6481.33984375,6441.85009765625,6477.3798828125,4575060000.0,44946.12109375,44946.12109375,45203.51953125,44897.98046875,45159.91015625,547270000.0,21622.98046875,21622.98046875,21716.1796875,21567.4609375,21709.33984375,8158830000.0,43378.30859375,43378.30859375,43405.4296875,42736.859375,42866.37890625,134500000.0,3229.0,3229.0,3229.0,3193.0,3193.0,1087420.0,24359.30078125,24359.30078125,24536.109375,24327.599609375,24530.69921875,47125900.0,9138.900390625,9138.900390625,9222.099609375,9129.5,9177.2001953125,637843000.0,97.8499984741211,97.8499984741211,98.20999908447266,97.7300033569336,98.18000030517578,0.0,147.6909942626953,147.6909942626953,147.71299743652344,146.75599670410156,147.6909942626953,0.0,117491.3515625,117491.3515625,117996.0625,117271.953125,117398.421875,48036922378.0
2025-08-17,3336.0,3336.0,3346.800048828125,3335.89990234375,3346.800048828125,1185.0,37.89400100708008,37.89400100708008,37.89400100708008,37.880001068115234,37.880001068115234,2.0,4.478000164031982,4.478000164031982,4.488500118255615,4.473999977111816,4.488500118255615,797.0,1334.300048828125,1334.300048828125,1334.300048828125,1334.300048828125,1334.300048828125,0.0,62.79999923706055,62.79999923706055,64.1500015258789,62.68000030517578,63.90999984741211,197390.0,65.8499984741211,65.8499984741211,67.08000183105469,65.7300033569336,66.80000305175781,35864.0,6449.7998046875,6449.7998046875,6481.33984375,6441.85009765625,6477.3798828125,4575060000.0,44946.12109375,44946.12109375,45203.51953125,44897.98046875,45159.91015625,547270000.0,21622.98046875,21622.98046875,21716.1796875,21567.4609375,21709.33984375,8158830000.0,43378.30859375,43378.30859375,43405.4296875,42736.859375,42866.37890625,134500000.0,3229.0,3229.0,3229.0,3193.0,3193.0,1087420.0,24359.30078125,24359.30078125,24536.109375,24327.599609375,24530.69921875,47125900.0,9138.900390625,9138.900390625,9222.099609375,9129.5,9177.2001953125,637843000.0,97.8499984741211,97.8499984741211,98.20999908447266,97.7300033569336,98.18000030517578,0.0,147.6909942626953,147.6909942626953,147.71299743652344,146.75599670410156,147.6909942626953,0.0,117453.0625,117453.0625,118595.7734375,117279.5234375,117492.7890625,45852169525.0
2025-08-18,3331.699951171875,3331.699951171875,3347.800048828125,3331.699951171875,3333.5,646.0,37.95100021362305,37.95100021362305,37.95100021362305,37.95100021362305,37.95100021362305,3.0,4.456999778747559,4.456999778747559,4.464000225067139,4.447000026702881,4.447000026702881,1008.0,1326.4000244140625,1326.4000244140625,1326.4000244140625,1326.4000244140625,1326.4000244140625,0.0,63.41999816894531,63.41999816894531,63.790000915527344,62.18000030517578,63.0,95113.0,66.5999984741211,66.5999984741211,66.80999755859375,65.30999755859375,65.94999694824219,35004.0,6449.14990234375,6449.14990234375,6455.35009765625,6437.7001953125,6445.02001953125,4162290000.0,44911.8203125,44911.8203125,44998.828125,44868.3203125,44963.171875,416460000.0,21629.76953125,21629.76953125,21651.5,21559.330078125,21616.8203125,8260970000.0,43714.30859375,43714.30859375,43835.12109375,43390.21875,43452.8984375,124200000.0,3240.0,3240.0,3252.0,3230.0,3230.0,969460.0,24314.76953125,24314.76953125,24336.740234375,24245.169921875,24313.8203125,40221600.0,9157.7001953125,9157.7001953125,9165.7001953125,9126.900390625,9138.900390625,904487300.0,98.16999816894531,98.16999816894531,98.19000244140625,97.77999877929688,97.79000091552734,0.0,147.26400756835938,147.26400756835938,147.9810028076172,147.1269989013672,147.26400756835938,0.0,116252.3125,116252.3125,117614.171875,114723.6796875,117453.90625,72787808090.0
2025-08-19,3313.39990234375,3313.39990234375,3343.5,3313.39990234375,3330.199951171875,1655.0,37.26100158691406,37.26100158691406,37.30500030517578,37.20500183105469,37.30500030517578,10.0,4.408999919891357,4.408999919891357,4.419000148773193,4.408999919891357,4.419000148773193,957.0,1302.300048828125,1302.300048828125,1302.300048828125,1302.300048828125,1302.300048828125,91.0,62.349998474121094,62.349998474121094,63.38999938964844,62.25,63.27000045776367,99484.0,65.79000091552734,65.79000091552734,66.58000183105469,65.5999984741211,66.55999755859375,32562.0,6411.3701171875,6411.3701171875,6456.47998046875,6400.22021484375,6446.240234375,4377440000.0,44922.26953125,44922.26953125,45207.390625,44816.5,44952.359375,466010000.0,21314.94921875,21314.94921875,21610.240234375,21277.7109375,21607.44921875,8461660000.0,43546.2890625,43546.2890625,43876.421875,43411.96875,43846.55078125,117100000.0,3237.0,3237.0,3251.0,3225.0,3249.0,944960.0,24423.0703125,24423.0703125,24441.0,24283.55078125,24357.23046875,43710500.0,9189.2001953125,9189.2001953125,9197.099609375,9154.7998046875,9157.7001953125,638477900.0,98.2699966430664,98.2699966430664,98.31999969482422,97.94000244140625,98.1500015258789,0.0,147.91600036621094,147.91600036621094,148.09300231933594,147.54600524902344,147.91600036621094,0.0,112831.1796875,112831.1796875,116764.5,112730.3984375,116241.859375,71657600353.0
2025-08-20,3343.39990234375,3343.39990234375,3343.5,3310.10009765625,3310.60009765625,1213.0,37.70500183105469,37.70500183105469,37.744998931884766,37.70500183105469,37.744998931884766,2.0,4.426000118255615,4.426000118255615,4.431000232696533,4.4079999923706055,4.412499904632568,1188.0,1334.0,1334.0,1334.0,1334.0,1334.0,0.0,63.209999084472656,63.209999084472656,63.54999923706055,62.38999938964844,62.599998474121094,280663.0,66.83999633789062,66.83999633789062,67.05000305175781,65.81999969482422,65.93000030517578,39505.0,6395.77978515625,6395.77978515625,6408.39990234375,6343.85986328125,6406.6201171875,4470390000.0,44938.30859375,44938.30859375,45033.75,44767.96875,44922.69921875,512550000.0,21172.859375,21172.859375,21269.669921875,20905.990234375,21269.669921875,7810310000.0,42888.55078125,42888.55078125,43425.78125,42724.1484375,43400.66015625,116700000.0,3220.0,3220.0,3233.0,3212.0,3226.0,1288740.0,24276.970703125,24276.970703125,24369.869140625,24217.509765625,24252.720703125,44783600.0,9288.099609375,9288.099609375,9301.2001953125,9166.7998046875,9189.2001953125,738157900.0,98.22000122070312,98.22000122070312,98.44000244140625,98.08000183105469,98.29000091552734,0.0,147.7310028076172,147.7310028076172,147.80999755859375,146.88499450683594,147.7310028076172,0.0,114274.7421875,114274.7421875,114625.796875,112387.9609375,112828.0234375,67993811526.0
2025-08-21,3336.89990234375,3336.89990234375,3349.39990234375,3326.5,3349.39990234375,142.0,38.027000427246094,38.027000427246094,38.027000427246094,38.027000427246094,38.027000427246094,28.0,4.43149995803833,4.43149995803833,4.440000057220459,4.429500102996826,4.438499927520752,821.0,1351.199951171875,1351.199951171875,1351.199951171875,1351.199951171875,1351.199951171875,0.0,63.52000045776367,63.52000045776367,63.66999816894531,62.52000045776367,62.849998474121094,250166.0,67.66999816894531,67.66999816894531,67.77999877929688,66.73999786376953,66.94999694824219,29950.0,6370.169921875,6370.169921875,6393.64990234375,6352.7099609375,6380.830078125,4013560000.0,44785.5,44785.5,44892.609375,44579.03125,44808.2109375,407540000.0,21100.310546875,21100.310546875,21198.759765625,21013.529296875,21112.51953125,6530580000.0,42610.171875,42610.171875,42926.109375,42564.30078125,42783.26171875,103100000.0,3203.0,3203.0,3218.0,3194.0,3218.0,686800.0,24293.33984375,24293.33984375,24306.060546875,24179.91015625,24274.419921875,39351400.0,9309.2001953125,9309.2001953125,9309.2001953125,9257.5,9288.099609375,471872700.0,98.62000274658203,98.62000274658203,98.68000030517578,98.18000030517578,98.25,0.0,147.3179931640625,147.3179931640625,148.36900329589844,147.26199340820312,147.3179931640625,0.0,112419.03125,112419.03125,114802.6484375,111986.234375,114275.6875,57817883700.0
2025-08-22,3374.39990234375,3374.39990234375,3377.699951171875,3349.39990234375,3349.39990234375,1240.0,39.00299835205078,39.00299835205078,39.00299835205078,39.00299835205078,39.00299835205078,2.0,4.447500228881836,4.447500228881836,4.447999954223633,4.446499824523926,4.447000026702881,939.0,1355.4000244140625,1355.4000244140625,1355.4000244140625,1355.4000244140625,1355.4000244140625,0.0,63.65999984741211,63.65999984741211,63.93000030517578,63.310001373291016,63.5,223169.0,67.7300033569336,67.7300033569336,68.0199966430664,67.41999816894531,67.62000274658203,27481.0,6466.91015625,6466.91015625,6478.89013671875,6384.58984375,6384.58984375,5046860000.0,45631.73828125,45631.73828125,45757.83984375,44952.87890625,44952.87890625,484720000.0,21496.5390625,21496.5390625,21545.4296875,21092.359375,21139.830078125,9401300000.0,42633.2890625,42633.2890625,42720.5703125,42331.390625,42629.80859375,97800000.0,3220.0,3220.0,3224.0,3197.0,3208.0,761910.0,24363.08984375,24363.08984375,24444.41015625,24222.5390625,24254.810546875,44811700.0,9321.400390625,9321.400390625,9357.5,9285.599609375,9309.2001953125,503779500.0,97.72000122070312,97.72000122070312,98.83000183105469,97.55999755859375,98.5999984741211,0.0,148.38600158691406,148.38600158691406,148.76600646972656,146.58799743652344,148.38600158691406,0.0,116874.0859375,116874.0859375,117377.3984375,111678.9453125,112433.734375,82528088240.0
2025-08-23,3374.39990234375,3374.39990234375,3377.699951171875,3349.39990234375,3349.39990234375,1240.0,39.00299835205078,39.00299835205078,39.00299835205078,39.00299835205078,39.00299835205078,2.0,4.447500228881836,4.447500228881836,4.447999954223633,4.446499824523926,4.447000026702881,939.0,1355.4000244140625,1355.4000244140625,1355.4000244140625,1355.4000244140625,1355.4000244140625,0.0,63.65999984741211,63.65999984741211,63.93000030517578,63.310001373291016,63.5,223169.0,67.7300033569336,67.7300033569336,68.0199966430664,67.41999816894531,67.62000274658203,27481.0,6466.91015625,6466.91015625,6478.89013671875,6384.58984375,6384.58984375,5046860000.0,45631.73828125,45631.73828125,45757.83984375,44952.87890625,44952.87890625,484720000.0,21496.5390625,21496.5390625,21545.4296875,21092.359375,21139.830078125,9401300000.0,42633.2890625,42633.2890625,42720.5703125,42331.390625,42629.80859375,97800000.0,3220.0,3220.0,3224.0,3197.0,3208.0,761910.0,24363.08984375,24363.08984375,24444.41015625,24222.5390625,24254.810546875,44811700.0,9321.400390625,9321.400390625,9357.5,9285.599609375,9309.2001953125,503779500.0,97.72000122070312,97.72000122070312,98.83000183105469,97.55999755859375,98.5999984741211,0.0,148.38600158691406,148.38600158691406,148.76600646972656,146.58799743652344,148.38600158691406,0.0,115374.328125,115374.328125,116996.25,114536.109375,116866.3671875,55377142586.0
2025-08-24,3374.39990234375,3374.39990234375,3377.699951171875,3349.39990234375,3349.39990234375,1240.0,39.00299835205078,39.00299835205078,39.00299835205078,39.00299835205078,39.00299835205078,2.0,4.447500228881836,4.447500228881836,4.447999954223633,4.446499824523926,4.447000026702881,939.0,1355.4000244140625,1355.4000244140625,1355.4000244140625,1355.4000244140625,1355.4000244140625,0.0,63.65999984741211,63.65999984741211,63.93000030517578,63.310001373291016,63.5,223169.0,67.7300033569336,67.7300033569336,68.0199966430664,67.41999816894531,67.62000274658203,27481.0,6466.91015625,6466.91015625,6478.89013671875,6384.58984375,6384.58984375,5046860000.0,45631.73828125,45631.73828125,45757.83984375,44952.87890625,44952.87890625,484720000.0,21496.5390625,21496.5390625,21545.4296875,21092.359375,21139.830078125,9401300000.0,42633.2890625,42633.2890625,42720.5703125,42331.390625,42629.80859375,97800000.0,3220.0,3220.0,3224.0,3197.0,3208.0,761910.0,24363.08984375,24363.08984375,24444.41015625,24222.5390625,24254.810546875,44811700.0,9321.400390625,9321.400390625,9357.5,9285.599609375,9309.2001953125,503779500.0,97.72000122070312,97.72000122070312,98.83000183105469,97.55999755859375,98.5999984741211,0.0,148.38600158691406,148.38600158691406,148.76600646972656,146.58799743652344,148.38600158691406,0.0,113458.4296875,113458.4296875,115615.0859375,111060.546875,115387.390625,73961489632.0
2025-08-25,3373.800048828125,3373.800048828125,3378.0,3366.0,3366.0,1044.0,38.676998138427734,38.676998138427734,38.790000915527344,38.5099983215332,38.76499938964844,344.0,4.4664998054504395,4.4664998054504395,4.473499774932861,4.466000080108643,4.4730000495910645,945.0,1331.5999755859375,1331.5999755859375,1331.5999755859375,1331.5999755859375,1331.5999755859375,24.0,64.80000305175781,64.80000305175781,65.0999984741211,63.529998779296875,63.880001068115234,185270.0,68.80000305175781,68.80000305175781,69.05999755859375,67.58000183105469,67.83999633789062,19094.0,6439.31982421875,6439.31982421875,6466.89013671875,6438.06005859375,6457.669921875,4059070000.0,45282.46875,45282.46875,45605.25,45273.08984375,45605.25,393960000.0,21449.2890625,21449.2890625,21572.1796875,21400.08984375,21466.470703125,8443200000.0,42807.8203125,42807.8203125,43201.421875,42681.37109375,42977.26953125,102200000.0,3223.0,3223.0,3250.0,3217.0,3249.0,1141960.0,24273.119140625,24273.119140625,24377.380859375,24224.150390625,24232.01953125,31480100.0,9321.400390625,9321.400390625,9357.5,9285.599609375,9309.2001953125,503779500.0,98.43000030517578,98.43000030517578,98.54000091552734,97.70999908447266,97.7300033569336,0.0,147.21499633789062,147.21499633789062,147.66700744628906,147.0989990234375,147.21499633789062,0.0,110124.3515625,110124.3515625,113637.84375,109324.28125,113456.8984375,85706860190.0
2025-08-26,3388.60009765625,3388.60009765625,3396.5,3371.10009765625,3378.89990234375,905.0,38.582000732421875,38.582000732421875,38.582000732421875,38.525001525878906,38.525001525878906,78.0,4.450500011444092,4.450500011444092,4.453499794006348,4.450500011444092,4.453499794006348,528.0,1342.4000244140625,1342.4000244140625,1342.4000244140625,1342.4000244140625,1342.4000244140625,0.0,63.25,63.25,64.76000213623047,63.130001068115234,64.75,199101.0,67.22000122070312,67.22000122070312,68.7300033569336,67.11000061035156,68.7300033569336,21046.0,6465.93994140625,6465.93994140625,6468.3701171875,6429.2099609375,6435.490234375,4867680000.0,45418.0703125,45418.0703125,45437.62109375,45192.2890625,45236.828125,490980000.0,21544.26953125,21544.26953125,21550.9296875,21389.099609375,21443.630859375,9087930000.0,42394.3984375,42394.3984375,42703.26953125,42137.62109375,42619.66015625,162600000.0,3191.0,3191.0,3220.0,3183.0,3216.0,2014530.0,24152.869140625,24152.869140625,24263.109375,24036.880859375,24110.080078125,78930600.0,9265.7998046875,9265.7998046875,9325.900390625,9249.599609375,9321.400390625,1238002200.0,98.2300033569336,98.2300033569336,98.55999755859375,98.08999633789062,98.47000122070312,0.0,147.82200622558594,147.82200622558594,147.89500427246094,147.00399780273438,147.82200622558594,0.0,111802.65625,111802.65625,112397.015625,108762.0390625,110124.1015625,69396320317.0
2025-08-27,3404.60009765625,3404.60009765625,3404.60009765625,3382.0,3397.0,3222.0,38.68899917602539,38.68899917602539,38.68899917602539,38.68899917602539,38.68899917602539,38378.0,4.4145002365112305,4.4145002365112305,4.4145002365112305,4.4145002365112305,4.4145002365112305,20198.0,1341.4000244140625,1341.4000244140625,1341.4000244140625,1341.4000244140625,1341.4000244140625,129.0,64.1500015258789,64.1500015258789,64.2300033569336,62.95000076293945,63.310001373291016,193476.0,68.05000305175781,68.05000305175781,68.0999984741211,66.91999816894531,67.23999786376953,16597.0,6481.39990234375,6481.39990234375,6487.06005859375,6457.83984375,6462.259765625,4143680000.0,45565.23046875,45565.23046875,45621.078125,45372.78125,45417.4609375,430980000.0,21590.140625,21590.140625,21616.169921875,21476.30078125,21526.330078125,8040510000.0,42520.26953125,42520.26953125,42628.0390625,42270.1796875,42476.08984375,108400000.0,3188.0,3188.0,3194.0,3178.0,3194.0,421080.0,24046.2109375,24046.2109375,24198.30078125,23977.990234375,24174.619140625,43590200.0,9255.5,9255.5,9301.900390625,9230.599609375,9265.7998046875,580184000.0,98.2300033569336,98.2300033569336,98.7300033569336,98.16000366210938,98.25,0.0,147.46200561523438,147.46200561523438,148.16600036621094,147.40199279785156,147.46200561523438,0.0,111222.0625,111222.0625,112619.4140625,110398.265625,111795.7109375,62137056409.0
2025-08-28,3431.800048828125,3431.800048828125,3434.60009765625,3400.0,3409.0,1035.0,39.189998626708984,39.189998626708984,39.334999084472656,38.68000030517578,38.689998626708984,5603.0,4.463500022888184,4.463500022888184,4.478000164031982,4.40749979019165,4.424499988555908,7819.0,1356.4000244140625,1356.4000244140625,1356.4000244140625,1356.4000244140625,1356.4000244140625,17.0,64.5999984741211,64.5999984741211,64.69999694824219,63.349998474121094,63.869998931884766,208931.0,68.62000274658203,68.62000274658203,68.66000366210938,67.4000015258789,67.70999908447266,8829.0,6501.85986328125,6501.85986328125,6508.22998046875,6466.9599609375,6483.83984375,4283760000.0,45636.8984375,45636.8984375,45682.828125,45442.6796875,45581.03125,540880000.0,21705.16015625,21705.16015625,21742.4609375,21534.939453125,21619.26953125,7807080000.0,42828.7890625,42828.7890625,42828.7890625,42299.7890625,42308.140625,112700000.0,3210.0,3210.0,3210.0,3175.0,3180.0,731900.0,24039.919921875,24039.919921875,24206.529296875,23972.5390625,24180.619140625,42293000.0,9216.7998046875,9216.7998046875,9270.0,9207.400390625,9255.5,545856600.0,97.80999755859375,97.80999755859375,98.2300033569336,97.73999786376953,98.12000274658203,0.0,147.3159942626953,147.3159942626953,147.46600341796875,146.8070068359375,147.3159942626953,0.0,112544.8046875,112544.8046875,113450.078125,110900.921875,111219.0546875,58860155962.0
2025-08-29,3473.699951171875,3473.699951171875,3475.60009765625,3426.60009765625,3432.5,0.0,40.20000076293945,40.20000076293945,40.30500030517578,38.904998779296875,39.154998779296875,0.0,4.518499851226807,4.518499851226807,4.521999835968018,4.4664998054504395,4.4664998054504395,0.0,1365.699951171875,1365.699951171875,1365.699951171875,1365.699951171875,1365.699951171875,0.0,64.01000213623047,64.01000213623047,64.55000305175781,63.880001068115234,64.26000213623047,0.0,68.12000274658203,68.12000274658203,68.36000061035156,68.02999877929688,68.26000213623047,0.0,6460.259765625,6460.259765625,6491.759765625,6444.56982421875,6489.27978515625,4234840000.0,45544.87890625,45544.87890625,45616.16015625,45377.2109375,45590.9609375,494870000.0,21455.55078125,21455.55078125,21631.150390625,21397.98046875,21630.330078125,7715430000.0,42718.46875,42718.46875,42807.03125,42611.30859375,42774.2890625,114900000.0,3196.0,3196.0,3202.0,3188.0,3201.0,936770.0,23902.2109375,23902.2109375,24063.55078125,23881.98046875,23949.4296875,45696500.0,9187.2998046875,9187.2998046875,9223.099609375,9179.2001953125,9216.7998046875,786259500.0,97.7699966430664,97.7699966430664,98.12999725341797,97.69000244140625,97.87000274658203,0.0,146.7899932861328,146.7899932861328,147.38900756835938,146.77000427246094,146.7899932861328,0.0,108410.8359375,108410.8359375,112619.0546875,107559.625,112550.5234375,77843379644.0
2025-08-30,3473.699951171875,3473.699951171875,3475.60009765625,3426.60009765625,3432.5,0.0,40.20000076293945,40.20000076293945,40.30500030517578,38.904998779296875,39.154998779296875,0.0,4.518499851226807,4.518499851226807,4.521999835968018,4.4664998054504395,4.4664998054504395,0.0,1365.699951171875,1365.699951171875,1365.699951171875,1365.699951171875,1365.699951171875,0.0,64.01000213623047,64.01000213623047,64.55000305175781,63.880001068115234,64.26000213623047,0.0,68.12000274658203,68.12000274658203,68.36000061035156,68.02999877929688,68.26000213623047,0.0,6460.259765625,6460.259765625,6491.759765625,6444.56982421875,6489.27978515625,4234840000.0,45544.87890625,45544.87890625,45616.16015625,45377.2109375,45590.9609375,494870000.0,21455.55078125,21455.55078125,21631.150390625,21397.98046875,21630.330078125,7715430000.0,42718.46875,42718.46875,42807.03125,42611.30859375,42774.2890625,114900000.0,3196.0,3196.0,3202.0,3188.0,3201.0,936770.0,23902.2109375,23902.2109375,24063.55078125,23881.98046875,23949.4296875,45696500.0,9187.2998046875,9187.2998046875,9223.099609375,9179.2001953125,9216.7998046875,786259500.0,97.7699966430664,97.7699966430664,98.12999725341797,97.69000244140625,97.87000274658203,0.0,146.7899932861328,146.7899932861328,147.38900756835938,146.77000427246094,146.7899932861328,0.0,108808.0703125,108808.0703125,108929.3515625,107444.4453125,108409.40625,51486264208.0
2025-08-31,3473.699951171875,3473.699951171875,3475.60009765625,3426.60009765625,3432.5,0.0,40.20000076293945,40.20000076293945,40.30500030517578,38.904998779296875,39.154998779296875,0.0,4.518499851226807,4.518499851226807,4.521999835968018,4.4664998054504395,4.4664998054504395,0.0,1365.699951171875,1365.699951171875,1365.699951171875,1365.699951171875,1365.699951171875,0.0,64.01000213623047,64.01000213623047,64.55000305175781,63.880001068115234,64.26000213623047,0.0,68.12000274658203,68.12000274658203,68.36000061035156,68.02999877929688,68.26000213623047,0.0,6460.259765625,6460.259765625,6491.759765625,6444.56982421875,6489.27978515625,4234840000.0,45544.87890625,45544.87890625,45616.16015625,45377.2109375,45590.9609375,494870000.0,21455.55078125,21455.55078125,21631.150390625,21397.98046875,21630.330078125,7715430000.0,42718.46875,42718.46875,42807.03125,42611.30859375,42774.2890625,114900000.0,3196.0,3196.0,3202.0,3188.0,3201.0,936770.0,23902.2109375,23902.2109375,24063.55078125,23881.98046875,23949.4296875,45696500.0,9187.2998046875,9187.2998046875,9223.099609375,9179.2001953125,9216.7998046875,786259500.0,97.7699966430664,97.7699966430664,98.12999725341797,97.69000244140625,97.87000274658203,0.0,146.7899932861328,146.7899932861328,147.38900756835938,146.77000427246094,146.7899932861328,0.0,108236.7109375,108236.7109375,109491.0,108104.65625,108818.4609375,47986191770.0
2025-09-01,3473.699951171875,3473.699951171875,3475.60009765625,3426.60009765625,3432.5,0.0,40.20000076293945,40.20000076293945,40.30500030517578,38.904998779296875,39.154998779296875,0.0,4.518499851226807,4.518499851226807,4.521999835968018,4.4664998054504395,4.4664998054504395,0.0,1365.699951171875,1365.699951171875,1365.699951171875,1365.699951171875,1365.699951171875,0.0,64.01000213623047,64.01000213623047,64.55000305175781,63.880001068115234,64.26000213623047,0.0,68.12000274658203,68.12000274658203,68.36000061035156,68.02999877929688,68.26000213623047,0.0,6460.259765625,6460.259765625,6491.759765625,6444.56982421875,6489.27978515625,4234840000.0,45544.87890625,45544.87890625,45616.16015625,45377.2109375,45590.9609375,494870000.0,21455.55078125,21455.55078125,21631.150390625,21397.98046875,21630.330078125,7715430000.0,42188.7890625,42188.7890625,42454.98828125,41835.171875,42362.7109375,96600000.0,3181.0,3181.0,3200.0,3163.0,3177.0,1619400.0,24037.330078125,24037.330078125,24046.849609375,23969.359375,24012.0390625,26626400.0,9196.2998046875,9196.2998046875,9226.599609375,9179.7998046875,9187.2998046875,432004700.0,97.7699966430664,97.7699966430664,98.12999725341797,97.69000244140625,97.87000274658203,0.0,147.0970001220703,147.0970001220703,147.37100219726562,146.78900146484375,147.0970001220703,0.0,109250.59375,109250.59375,109890.5859375,107271.1796875,108228.75,66870372995.0
2025-09-02,3549.39990234375,3549.39990234375,3559.199951171875,3485.699951171875,3485.699951171875,658.0,41.07099914550781,41.07099914550781,41.34000015258789,40.185001373291016,40.185001373291016,820.0,4.569499969482422,4.569499969482422,4.570000171661377,4.49399995803833,4.520500183105469,1397.0,1405.800048828125,1405.800048828125,1405.800048828125,1405.800048828125,1405.800048828125,55.0,65.58999633789062,65.58999633789062,66.02999877929688,63.65999984741211,63.95000076293945,320218.0,69.13999938964844,69.13999938964844,69.51000213623047,67.08999633789062,67.43000030517578,55307.0,6415.5400390625,6415.5400390625,6416.5400390625,6360.580078125,6401.509765625,4784000000.0,45295.80859375,45295.80859375,45295.80859375,44948.16015625,45287.73046875,533180000.0,21279.630859375,21279.630859375,21293.689453125,21033.05078125,21086.5703125,8183410000.0,42310.48828125,42310.48828125,42473.671875,42084.78125,42299.62890625,99800000.0,3204.0,3204.0,3207.0,3185.0,3190.0,1145840.0,23487.330078125,23487.330078125,23990.810546875,23482.669921875,23975.33984375,54299900.0,9116.7001953125,9116.7001953125,9196.5,9108.2001953125,9196.2998046875,704169000.0,98.4000015258789,98.4000015258789,98.5999984741211,97.62000274658203,97.6500015258789,0.0,147.08399963378906,147.08399963378906,148.93299865722656,147.09300231933594,147.08399963378906,0.0,111200.5859375,111200.5859375,111748.015625,108454.03125,109243.0703125,74776999491.0
2025-09-03,3593.199951171875,3593.199951171875,3593.699951171875,3553.199951171875,3554.800048828125,72.0,41.54199981689453,41.54199981689453,41.71500015258789,41.01499938964844,41.150001525878906,409.0,4.558499813079834,4.558499813079834,4.590000152587891,4.5335001945495605,4.572500228881836,1166.0,1448.5999755859375,1448.5999755859375,1448.5999755859375,1448.5999755859375,1448.5999755859375,10.0,63.970001220703125,63.970001220703125,65.72000122070312,63.720001220703125,65.62000274658203,298737.0,67.5999984741211,67.5999984741211,69.2300033569336,67.37999725341797,69.05999755859375,45108.0,6448.259765625,6448.259765625,6453.669921875,6416.169921875,6445.81982421875,4465360000.0,45271.23046875,45271.23046875,45309.4296875,44980.359375,45309.4296875,479210000.0,21497.73046875,21497.73046875,21553.98046875,21370.98046875,21461.630859375,7488290000.0,41938.890625,41938.890625,42293.5390625,41863.19921875,42085.66015625,130200000.0,3168.0,3168.0,3199.0,3161.0,3193.0,1208360.0,23594.80078125,23594.80078125,23705.94921875,23507.109375,23606.689453125,53264000.0,9178.0,9178.0,9179.599609375,9107.400390625,9116.7001953125,705659700.0,98.13999938964844,98.13999938964844,98.63999938964844,98.01000213623047,98.4000015258789,0.0,148.54800415039062,148.54800415039062,149.11599731445312,147.9530029296875,148.54800415039062,0.0,111723.2109375,111723.2109375,112600.2265625,110582.9609375,111190.6953125,61119643565.0
2025-09-04,3565.800048828125,3565.800048828125,3573.60009765625,3549.89990234375,3549.89990234375,237.0,40.9109992980957,40.9109992980957,41.05500030517578,40.79999923706055,41.029998779296875,249.0,4.48799991607666,4.48799991607666,4.507500171661377,4.487500190734863,4.498000144958496,881.0,1371.199951171875,1371.199951171875,1371.199951171875,1371.199951171875,1371.199951171875,125.0,63.47999954223633,63.47999954223633,63.84000015258789,62.720001220703125,63.81999969482422,251689.0,66.98999786376953,66.98999786376953,67.48999786376953,66.31999969482422,67.44000244140625,42152.0,6502.080078125,6502.080078125,6502.5400390625,6445.97998046875,6456.60009765625,4670770000.0,45621.2890625,45621.2890625,45632.390625,45160.73828125,45204.87109375,457490000.0,21707.689453125,21707.689453125,21711.9609375,21469.400390625,21539.91015625,7282150000.0,42580.26953125,42580.26953125,42608.80078125,42066.58984375,42093.69921875,110300000.0,3199.0,3199.0,3202.0,3175.0,3175.0,929060.0,23770.330078125,23770.330078125,23800.119140625,23610.44921875,23664.7890625,46931400.0,9216.900390625,9216.900390625,9231.400390625,9155.5,9178.0,487597700.0,98.3499984741211,98.3499984741211,98.44000244140625,98.08000183105469,98.1500015258789,0.0,147.97999572753906,147.97999572753906,148.77000427246094,147.83900451660156,147.97999572753906,0.0,110723.6015625,110723.6015625,112208.328125,109347.2265625,111718.1484375,60131132901.0
2025-09-05,3613.199951171875,3613.199951171875,3613.199951171875,3567.800048828125,3567.800048828125,925.0,41.07400131225586,41.07400131225586,41.53499984741211,40.869998931884766,40.959999084472656,835.0,4.482500076293945,4.482500076293945,4.521500110626221,4.4720001220703125,4.521500110626221,859.0,1381.699951171875,1381.699951171875,1381.699951171875,1381.699951171875,1381.699951171875,0.0,61.869998931884766,61.869998931884766,63.4900016784668,61.45000076293945,63.33000183105469,294540.0,65.5,65.5,67.05000305175781,65.08000183105469,66.83999633789062,38287.0,6481.5,6481.5,6532.64990234375,6443.97998046875,6529.080078125,5066120000.0,45400.859375,45400.859375,45770.19921875,45211.78125,45656.48828125,558920000.0,21700.390625,21700.390625,21878.810546875,21534.720703125,21860.439453125,8413730000.0,43018.75,43018.75,43220.94140625,42783.5390625,42983.46875,118300000.0,3230.0,3230.0,3233.0,3206.0,3225.0,1012420.0,23596.98046875,23596.98046875,23854.6796875,23546.69921875,23851.939453125,46854600.0,9208.2001953125,9208.2001953125,9253.5,9197.599609375,9216.900390625,524336500.0,97.7699966430664,97.7699966430664,98.26000213623047,97.43000030517578,98.23999786376953,0.0,148.375,148.375,148.42799377441406,146.82400512695312,148.375,0.0,110650.984375,110650.984375,113357.4921875,110233.3984375,110723.015625,60241647677.0
2025-09-06,3613.199951171875,3613.199951171875,3613.199951171875,3567.800048828125,3567.800048828125,925.0,41.07400131225586,41.07400131225586,41.53499984741211,40.869998931884766,40.959999084472656,835.0,4.482500076293945,4.482500076293945,4.521500110626221,4.4720001220703125,4.521500110626221,859.0,1381.699951171875,1381.699951171875,1381.699951171875,1381.699951171875,1381.699951171875,0.0,61.869998931884766,61.869998931884766,63.4900016784668,61.45000076293945,63.33000183105469,294540.0,65.5,65.5,67.05000305175781,65.08000183105469,66.83999633789062,38287.0,6481.5,6481.5,6532.64990234375,6443.97998046875,6529.080078125,5066120000.0,45400.859375,45400.859375,45770.19921875,45211.78125,45656.48828125,558920000.0,21700.390625,21700.390625,21878.810546875,21534.720703125,21860.439453125,8413730000.0,43018.75,43018.75,43220.94140625,42783.5390625,42983.46875,118300000.0,3230.0,3230.0,3233.0,3206.0,3225.0,1012420.0,23596.98046875,23596.98046875,23854.6796875,23546.69921875,23851.939453125,46854600.0,9208.2001953125,9208.2001953125,9253.5,9197.599609375,9216.900390625,524336500.0,97.7699966430664,97.7699966430664,98.26000213623047,97.43000030517578,98.23999786376953,0.0,148.375,148.375,148.42799377441406,146.82400512695312,148.375,0.0,110224.6953125,110224.6953125,111275.015625,110024.0859375,110650.5703125,21500719036.0
2025-09-07,3613.199951171875,3613.199951171875,3613.199951171875,3567.800048828125,3567.800048828125,925.0,41.07400131225586,41.07400131225586,41.53499984741211,40.869998931884766,40.959999084472656,835.0,4.482500076293945,4.482500076293945,4.521500110626221,4.4720001220703125,4.521500110626221,859.0,1381.699951171875,1381.699951171875,1381.699951171875,1381.699951171875,1381.699951171875,0.0,61.869998931884766,61.869998931884766,63.4900016784668,61.45000076293945,63.33000183105469,294540.0,65.5,65.5,67.05000305175781,65.08000183105469,66.83999633789062,38287.0,6481.5,6481.5,6532.64990234375,6443.97998046875,6529.080078125,5066120000.0,45400.859375,45400.859375,45770.19921875,45211.78125,45656.48828125,558920000.0,21700.390625,21700.390625,21878.810546875,21534.720703125,21860.439453125,8413730000.0,43018.75,43018.75,43220.94140625,42783.5390625,42983.46875,118300000.0,3230.0,3230.0,3233.0,3206.0,3225.0,1012420.0,23596.98046875,23596.98046875,23854.6796875,23546.69921875,23851.939453125,46854600.0,9208.2001953125,9208.2001953125,9253.5,9197.599609375,9216.900390625,524336500.0,97.7699966430664,97.7699966430664,98.26000213623047,97.43000030517578,98.23999786376953,0.0,148.375,148.375,148.42799377441406,146.82400512695312,148.375,0.0,111167.6171875,111167.6171875,111591.078125,110211.625,110221.328125,24618007520.0
2025-09-08,3638.10009765625,3638.10009765625,3641.0,3590.0,3594.5,97.0,41.42599868774414,41.42599868774414,41.779998779296875,41.150001525878906,41.150001525878906,531.0,4.490499973297119,4.490499973297119,4.499000072479248,4.482999801635742,4.482999801635742,888.0,1380.800048828125,1380.800048828125,1380.800048828125,1380.800048828125,1380.800048828125,0.0,62.2599983215332,62.2599983215332,63.34000015258789,61.849998474121094,62.0,237288.0,66.0199966430664,66.0199966430664,67.02999877929688,65.5199966430664,65.80999755859375,29078.0,6495.14990234375,6495.14990234375,6508.669921875,6483.2900390625,6498.08984375,5211500000.0,45514.94921875,45514.94921875,45542.55859375,45277.73046875,45430.609375,472240000.0,21798.69921875,21798.69921875,21885.619140625,21776.240234375,21806.220703125,8435850000.0,43643.80859375,43643.80859375,43838.6015625,43343.578125,43451.0703125,115500000.0,3262.0,3262.0,3270.0,3239.0,3249.0,1087420.0,23807.130859375,23807.130859375,23830.119140625,23655.470703125,23771.859375,48616500.0,9221.400390625,9221.400390625,9234.900390625,9190.599609375,9208.2001953125,478762300.0,97.44999694824219,97.44999694824219,97.94000244140625,97.41999816894531,97.79000091552734,0.0,148.343994140625,148.343994140625,148.54600524902344,147.4709930419922,148.343994140625,0.0,112071.4296875,112071.4296875,112869.234375,110630.609375,111163.015625,40212813407.0
2025-09-09,3643.300048828125,3643.300048828125,3670.39990234375,3627.800048828125,3647.10009765625,535.0,40.87799835205078,40.87799835205078,41.56999969482422,40.87799835205078,41.56999969482422,359.0,4.500999927520752,4.500999927520752,4.51200008392334,4.484000205993652,4.511499881744385,1354.0,1367.300048828125,1367.300048828125,1367.300048828125,1367.300048828125,1367.300048828125,0.0,62.630001068115234,62.630001068115234,63.66999816894531,62.369998931884766,62.43000030517578,268529.0,66.38999938964844,66.38999938964844,67.38999938964844,66.13999938964844,66.16999816894531,38860.0,6512.60986328125,6512.60986328125,6518.22998046875,6483.080078125,6503.330078125,4798350000.0,45711.33984375,45711.33984375,45764.19921875,45433.51171875,45547.62109375,449650000.0,21879.490234375,21879.490234375,21891.419921875,21731.48046875,21858.169921875,7877410000.0,43459.2890625,43459.2890625,44185.73046875,43452.73828125,43907.55078125,117500000.0,3245.0,3245.0,3286.0,3240.0,3276.0,759770.0,23718.44921875,23718.44921875,23859.560546875,23633.94921875,23802.609375,44540300.0,9242.5,9242.5,9254.2998046875,9221.400390625,9221.400390625,679753900.0,97.79000091552734,97.79000091552734,97.81999969482422,97.25,97.37999725341797,0.0,147.36399841308594,147.36399841308594,147.4149932861328,146.32699584960938,147.36399841308594,0.0,111530.546875,111530.546875,113225.4375,110776.703125,112077.578125,45984480722.0
2025-09-10,3643.60009765625,3643.60009765625,3655.39990234375,3620.800048828125,3625.0,136.0,41.132999420166016,41.132999420166016,41.132999420166016,41.132999420166016,41.132999420166016,350.0,4.550000190734863,4.550000190734863,4.553999900817871,4.502500057220459,4.503499984741211,1052.0,1392.9000244140625,1392.9000244140625,1392.9000244140625,1392.9000244140625,1392.9000244140625,90.0,63.66999816894531,63.66999816894531,64.08000183105469,62.720001220703125,62.7400016784668,260684.0,67.48999786376953,67.48999786376953,67.7699966430664,66.44000244140625,66.44000244140625,38789.0,6532.0400390625,6532.0400390625,6555.97021484375,6516.33984375,6550.2900390625,5253010000.0,45490.921875,45490.921875,45731.5,45380.05859375,45731.5,579920000.0,21886.060546875,21886.060546875,22000.970703125,21810.83984375,21980.599609375,9090550000.0,43837.671875,43837.671875,43848.76953125,43509.01953125,43513.16015625,115700000.0,3261.0,3261.0,3265.0,3242.0,3244.0,1080220.0,23632.94921875,23632.94921875,23883.580078125,23600.470703125,23837.169921875,49060600.0,9225.400390625,9225.400390625,9290.599609375,9222.400390625,9242.5,1101672800.0,97.77999877929688,97.77999877929688,97.93000030517578,97.5999984741211,97.83000183105469,0.0,147.39199829101562,147.39199829101562,147.5959930419922,147.1280059814453,147.39199829101562,0.0,113955.359375,113955.359375,114275.25,110940.078125,111531.25,56377473784.0
2025-09-11,3636.89990234375,3636.89990234375,3636.89990234375,3618.39990234375,3632.89990234375,307.0,41.696998596191406,41.696998596191406,41.7400016784668,41.349998474121094,41.35499954223633,538.0,4.5904998779296875,4.5904998779296875,4.610000133514404,4.534999847412109,4.550000190734863,1044.0,1395.4000244140625,1395.4000244140625,1395.4000244140625,1395.4000244140625,1395.4000244140625,0.0,62.369998931884766,62.369998931884766,63.79999923706055,62.209999084472656,63.79999923706055,222661.0,66.37000274658203,66.37000274658203,67.61000061035156,66.16000366210938,67.58000183105469,34565.0,6587.47021484375,6587.47021484375,6592.89013671875,6545.7998046875,6554.41015625,5426460000.0,46108.0,46108.0,46137.19921875,45577.08984375,45577.08984375,448340000.0,22043.0703125,22043.0703125,22059.7109375,21908.810546875,21977.51953125,10025020000.0,44372.5,44372.5,44396.94921875,43870.5390625,43876.21875,107300000.0,3270.0,3270.0,3274.0,3249.0,3258.0,1119950.0,23703.650390625,23703.650390625,23787.1796875,23563.369140625,23654.9296875,47690900.0,9297.599609375,9297.599609375,9297.599609375,9225.400390625,9225.400390625,628343100.0,97.54000091552734,97.54000091552734,98.08999633789062,97.47000122070312,97.79000091552734,0.0,147.33200073242188,147.33200073242188,147.98199462890625,147.00599670410156,147.33200073242188,0.0,115507.5390625,115507.5390625,115522.546875,113453.8359375,113961.4296875,45685065332.0
2025-09-12,3649.39990234375,3649.39990234375,3656.800048828125,3643.0,3655.5,1300.0,42.387001037597656,42.387001037597656,42.387001037597656,41.599998474121094,41.599998474121094,18.0,4.588500022888184,4.588500022888184,4.593500137329102,4.581500053405762,4.589000225067139,883.0,1407.300048828125,1407.300048828125,1407.300048828125,1407.300048828125,1407.300048828125,0.0,62.689998626708984,62.689998626708984,63.97999954223633,61.689998626708984,62.27000045776367,313265.0,66.98999786376953,66.98999786376953,68.1500015258789,65.72000122070312,66.30999755859375,50762.0,6584.2900390625,6584.2900390625,6600.2099609375,6579.490234375,6590.66015625,4641640000.0,45834.21875,45834.21875,46077.140625,45813.9296875,46077.140625,421730000.0,22141.099609375,22141.099609375,22182.33984375,22031.619140625,22078.630859375,9023140000.0,44768.12109375,44768.12109375,44888.01953125,44548.5703125,44803.30078125,124900000.0,3284.0,3284.0,3296.0,3275.0,3294.0,1135060.0,23698.150390625,23698.150390625,23793.060546875,23604.359375,23767.33984375,43830600.0,9283.2998046875,9283.2998046875,9340.7001953125,9283.2998046875,9297.599609375,640038400.0,97.55000305175781,97.55000305175781,97.86000061035156,97.48999786376953,97.5199966430664,0.0,147.2239990234375,147.2239990234375,148.052001953125,147.16799926757812,147.2239990234375,0.0,116101.578125,116101.578125,116769.3828125,114794.484375,115507.7890625,54785725894.0
2025-09-13,3649.39990234375,3649.39990234375,3656.800048828125,3643.0,3655.5,1300.0,42.387001037597656,42.387001037597656,42.387001037597656,41.599998474121094,41.599998474121094,18.0,4.588500022888184,4.588500022888184,4.593500137329102,4.581500053405762,4.589000225067139,883.0,1407.300048828125,1407.300048828125,1407.300048828125,1407.300048828125,1407.300048828125,0.0,62.689998626708984,62.689998626708984,63.97999954223633,61.689998626708984,62.27000045776367,313265.0,66.98999786376953,66.98999786376953,68.1500015258789,65.72000122070312,66.30999755859375,50762.0,6584.2900390625,6584.2900390625,6600.2099609375,6579.490234375,6590.66015625,4641640000.0,45834.21875,45834.21875,46077.140625,45813.9296875,46077.140625,421730000.0,22141.099609375,22141.099609375,22182.33984375,22031.619140625,22078.630859375,9023140000.0,44768.12109375,44768.12109375,44888.01953125,44548.5703125,44803.30078125,124900000.0,3284.0,3284.0,3296.0,3275.0,3294.0,1135060.0,23698.150390625,23698.150390625,23793.060546875,23604.359375,23767.33984375,43830600.0,9283.2998046875,9283.2998046875,9340.7001953125,9283.2998046875,9297.599609375,640038400.0,97.55000305175781,97.55000305175781,97.86000061035156,97.48999786376953,97.5199966430664,0.0,147.2239990234375,147.2239990234375,148.052001953125,147.16799926757812,147.2239990234375,0.0,115950.5078125,115950.5078125,116334.6328125,115248.2734375,116093.5625,34549454947.0
2025-09-14,3649.39990234375,3649.39990234375,3656.800048828125,3643.0,3655.5,1300.0,42.387001037597656,42.387001037597656,42.387001037597656,41.599998474121094,41.599998474121094,18.0,4.588500022888184,4.588500022888184,4.593500137329102,4.581500053405762,4.589000225067139,883.0,1407.300048828125,1407.300048828125,1407.300048828125,1407.300048828125,1407.300048828125,0.0,62.689998626708984,62.689998626708984,63.97999954223633,61.689998626708984,62.27000045776367,313265.0,66.98999786376953,66.98999786376953,68.1500015258789,65.72000122070312,66.30999755859375,50762.0,6584.2900390625,6584.2900390625,6600.2099609375,6579.490234375,6590.66015625,4641640000.0,45834.21875,45834.21875,46077.140625,45813.9296875,46077.140625,421730000.0,22141.099609375,22141.099609375,22182.33984375,22031.619140625,22078.630859375,9023140000.0,44768.12109375,44768.12109375,44888.01953125,44548.5703125,44803.30078125,124900000.0,3284.0,3284.0,3296.0,3275.0,3294.0,1135060.0,23698.150390625,23698.150390625,23793.060546875,23604.359375,23767.33984375,43830600.0,9283.2998046875,9283.2998046875,9340.7001953125,9283.2998046875,9297.599609375,640038400.0,97.55000305175781,97.55000305175781,97.86000061035156,97.48999786376953,97.5199966430664,0.0,147.2239990234375,147.2239990234375,148.052001953125,147.16799926757812,147.2239990234375,0.0,115407.65625,115407.65625,116181.5,115222.3984375,115950.2890625,32798036057.0
2025-09-15,3682.199951171875,3682.199951171875,3686.39990234375,3635.10009765625,3640.0,210.0,42.516998291015625,42.516998291015625,42.58000183105469,42.209999084472656,42.209999084472656,48.0,4.6554999351501465,4.6554999351501465,4.66349983215332,4.5929999351501465,4.599999904632568,491.0,1412.800048828125,1412.800048828125,1412.800048828125,1412.800048828125,1412.800048828125,0.0,63.29999923706055,63.29999923706055,63.66999816894531,62.52000045776367,62.970001220703125,205560.0,67.44000244140625,67.44000244140625,67.83999633789062,66.79000091552734,67.22000122070312,26320.0,6615.27978515625,6615.27978515625,6619.6201171875,6602.06982421875,6603.490234375,5045020000.0,45883.44921875,45883.44921875,45978.4296875,45771.87890625,45848.390625,401500000.0,22348.75,22348.75,22352.25,22233.0,22243.19921875,8904030000.0,44768.12109375,44768.12109375,44888.01953125,44548.5703125,44803.30078125,124900000.0,3284.0,3284.0,3296.0,3275.0,3294.0,1135060.0,23748.859375,23748.859375,23855.349609375,23664.109375,23785.259765625,40171100.0,9277.0,9277.0,9314.400390625,9262.7001953125,9283.2998046875,896734100.0,97.30000305175781,97.30000305175781,97.69999694824219,97.2699966430664,97.62999725341797,0.0,147.66600036621094,147.66600036621094,147.68099975585938,147.23699951171875,147.66600036621094,0.0,115444.875,115444.875,116747.8828125,114461.0625,115399.6328125,52937859416.0
2025-09-16,3688.89990234375,3688.89990234375,3698.60009765625,3681.39990234375,3681.39990234375,373.0,42.47100067138672,42.47100067138672,42.47100067138672,42.435001373291016,42.47100067138672,894.0,4.632999897003174,4.632999897003174,4.636000156402588,4.630000114440918,4.635000228881836,651.0,1398.5,1398.5,1398.5,1398.5,1398.5,0.0,64.5199966430664,64.5199966430664,64.76000213623047,62.88999938964844,63.310001373291016,234250.0,68.47000122070312,68.47000122070312,68.69000244140625,67.0,67.48999786376953,34128.0,6606.759765625,6606.759765625,6626.990234375,6600.10986328125,6624.1298828125,5359510000.0,45757.8984375,45757.8984375,45967.109375,45667.421875,45919.5390625,443400000.0,22333.9609375,22333.9609375,22397.5,22308.779296875,22397.5,8592240000.0,44902.26953125,44902.26953125,45055.37890625,44616.3203125,44948.8515625,111700000.0,3294.0,3294.0,3307.0,3277.0,3291.0,1208040.0,23329.240234375,23329.240234375,23717.669921875,23317.30078125,23711.990234375,51217300.0,9195.7001953125,9195.7001953125,9282.099609375,9195.7001953125,9277.0,1160022600.0,96.62999725341797,96.62999725341797,97.38999938964844,96.55999755859375,97.33999633789062,0.0,147.40499877929688,147.40499877929688,147.53700256347656,146.5070037841797,147.40499877929688,0.0,116843.1875,116843.1875,117005.2734375,114813.09375,115423.7578125,45781744593.0
2025-09-17,3681.800048828125,3681.800048828125,3685.199951171875,3661.60009765625,3669.0,183.0,41.72200012207031,41.72200012207031,41.935001373291016,41.72200012207031,41.88999938964844,311.0,4.571000099182129,4.571000099182129,4.5879998207092285,4.547500133514404,4.570000171661377,950.0,1372.699951171875,1372.699951171875,1372.699951171875,1372.699951171875,1372.699951171875,0.0,64.05000305175781,64.05000305175781,64.66999816894531,63.689998626708984,64.58999633789062,165427.0,67.94999694824219,67.94999694824219,68.58999633789062,67.62000274658203,68.41000366210938,30515.0,6600.35009765625,6600.35009765625,6624.39013671875,6551.14990234375,6604.8701171875,5805340000.0,46018.3203125,46018.3203125,46261.94921875,45687.58984375,45778.3984375,509830000.0,22261.330078125,22261.330078125,22339.5390625,22058.919921875,22333.01953125,9325980000.0,44790.37890625,44790.37890625,45033.33984375,44612.0703125,44751.83984375,104600000.0,3268.0,3268.0,3281.0,3255.0,3278.0,1822330.0,23359.1796875,23359.1796875,23476.7109375,23284.669921875,23407.390625,50053900.0,9208.400390625,9208.400390625,9245.7001953125,9195.7001953125,9195.7001953125,550017700.0,96.87000274658203,96.87000274658203,97.06999969482422,96.22000122070312,96.62000274658203,0.0,146.41299438476562,146.41299438476562,146.68099975585938,146.2169952392578,146.41299438476562,0.0,116468.5078125,116468.5078125,117328.609375,114794.9765625,116840.5078125,60528025996.0
2025-09-18,3643.699951171875,3643.699951171875,3667.39990234375,3637.0,3654.60009765625,80.0,41.707000732421875,41.707000732421875,41.709999084472656,41.494998931884766,41.70000076293945,156.0,4.540999889373779,4.540999889373779,4.5625,4.521500110626221,4.559500217437744,837.0,1397.4000244140625,1397.4000244140625,1397.4000244140625,1397.4000244140625,1397.4000244140625,1.0,63.56999969482422,63.56999969482422,64.55000305175781,63.33000183105469,63.9900016784668,82321.0,67.44000244140625,67.44000244140625,68.41000366210938,67.19000244140625,67.88999938964844,29610.0,6631.9599609375,6631.9599609375,6656.7998046875,6611.89013671875,6626.85009765625,5292400000.0,46142.421875,46142.421875,46317.51953125,45954.73046875,46056.55078125,489090000.0,22470.720703125,22470.720703125,22540.9296875,22358.48046875,22439.109375,10478450000.0,45303.4296875,45303.4296875,45508.671875,44815.3984375,44910.5,113700000.0,3286.0,3286.0,3292.0,3259.0,3278.0,1895600.0,23674.529296875,23674.529296875,23690.470703125,23557.810546875,23577.060546875,54290600.0,9228.099609375,9228.099609375,9245.2001953125,9208.2998046875,9208.400390625,641326900.0,97.3499984741211,97.3499984741211,97.5999984741211,96.83999633789062,96.93000030517578,0.0,146.89100646972656,146.89100646972656,148.2570037841797,146.86500549316406,146.89100646972656,0.0,117137.203125,117137.203125,117911.7890625,116188.796875,116461.265625,49457272032.0
2025-09-19,3671.5,3671.5,3685.89990234375,3658.199951171875,3659.0,211.0,42.5359992980957,42.5359992980957,42.8650016784668,41.814998626708984,41.915000915527344,625.0,4.568999767303467,4.568999767303467,4.572500228881836,4.544000148773193,4.544000148773193,653.0,1414.300048828125,1414.300048828125,1414.300048828125,1414.300048828125,1414.300048828125,0.0,62.68000030517578,62.68000030517578,63.650001525878906,62.599998474121094,63.59000015258789,87165.0,66.68000030517578,66.68000030517578,67.55999755859375,66.43000030517578,67.45999908447266,24400.0,6664.35986328125,6664.35986328125,6671.81982421875,6630.31005859375,6647.10986328125,9125960000.0,46315.26953125,46315.26953125,46396.46875,46105.01953125,46211.16015625,972580000.0,22631.48046875,22631.48046875,22645.109375,22497.7109375,22554.310546875,14632360000.0,45045.80859375,45045.80859375,45852.75,44495.4609375,45634.2890625,208600000.0,3266.0,3266.0,3312.0,3246.0,3301.0,2660710.0,23639.41015625,23639.41015625,23785.240234375,23599.259765625,23723.33984375,213887300.0,9216.7001953125,9216.7001953125,9251.0,9207.7001953125,9228.099609375,1741545500.0,97.63999938964844,97.63999938964844,97.80999755859375,97.2699966430664,97.33999633789062,0.0,147.94700622558594,147.94700622558594,148.2480010986328,147.2100067138672,147.94700622558594,0.0,115688.859375,115688.859375,117479.7578125,115141.8203125,117137.671875,38828473971.0
2025-09-20,3671.5,3671.5,3685.89990234375,3658.199951171875,3659.0,211.0,42.5359992980957,42.5359992980957,42.8650016784668,41.814998626708984,41.915000915527344,625.0,4.568999767303467,4.568999767303467,4.572500228881836,4.544000148773193,4.544000148773193,653.0,1414.300048828125,1414.300048828125,1414.300048828125,1414.300048828125,1414.300048828125,0.0,62.68000030517578,62.68000030517578,63.650001525878906,62.599998474121094,63.59000015258789,87165.0,66.68000030517578,66.68000030517578,67.55999755859375,66.43000030517578,67.45999908447266,24400.0,6664.35986328125,6664.35986328125,6671.81982421875,6630.31005859375,6647.10986328125,9125960000.0,46315.26953125,46315.26953125,46396.46875,46105.01953125,46211.16015625,972580000.0,22631.48046875,22631.48046875,22645.109375,22497.7109375,22554.310546875,14632360000.0,45045.80859375,45045.80859375,45852.75,44495.4609375,45634.2890625,208600000.0,3266.0,3266.0,3312.0,3246.0,3301.0,2660710.0,23639.41015625,23639.41015625,23785.240234375,23599.259765625,23723.33984375,213887300.0,9216.7001953125,9216.7001953125,9251.0,9207.7001953125,9228.099609375,1741545500.0,97.63999938964844,97.63999938964844,97.80999755859375,97.2699966430664,97.33999633789062,0.0,147.94700622558594,147.94700622558594,148.2480010986328,147.2100067138672,147.94700622558594,0.0,115721.9609375,115721.9609375,116191.1484375,115473.5234375,115691.125,22864449614.0
2025-09-21,3671.5,3671.5,3685.89990234375,3658.199951171875,3659.0,211.0,42.5359992980957,42.5359992980957,42.8650016784668,41.814998626708984,41.915000915527344,625.0,4.568999767303467,4.568999767303467,4.572500228881836,4.544000148773193,4.544000148773193,653.0,1414.300048828125,1414.300048828125,1414.300048828125,1414.300048828125,1414.300048828125,0.0,62.68000030517578,62.68000030517578,63.650001525878906,62.599998474121094,63.59000015258789,87165.0,66.68000030517578,66.68000030517578,67.55999755859375,66.43000030517578,67.45999908447266,24400.0,6664.35986328125,6664.35986328125,6671.81982421875,6630.31005859375,6647.10986328125,9125960000.0,46315.26953125,46315.26953125,46396.46875,46105.01953125,46211.16015625,972580000.0,22631.48046875,22631.48046875,22645.109375,22497.7109375,22554.310546875,14632360000.0,45045.80859375,45045.80859375,45852.75,44495.4609375,45634.2890625,208600000.0,3266.0,3266.0,3312.0,3246.0,3301.0,2660710.0,23639.41015625,23639.41015625,23785.240234375,23599.259765625,23723.33984375,213887300.0,9216.7001953125,9216.7001953125,9251.0,9207.7001953125,9228.099609375,1741545500.0,97.63999938964844,97.63999938964844,97.80999755859375,97.2699966430664,97.33999633789062,0.0,147.94700622558594,147.94700622558594,148.2480010986328,147.2100067138672,147.94700622558594,0.0,115306.09375,115306.09375,115901.0859375,115252.578125,115730.2265625,22495852193.0
2025-09-22,3740.699951171875,3740.699951171875,3748.199951171875,3688.0,3688.199951171875,410.0,43.79899978637695,43.79899978637695,43.91999816894531,43.29999923706055,43.66999816894531,179.0,4.572999954223633,4.572999954223633,4.587500095367432,4.570499897003174,4.572500228881836,830.0,1423.699951171875,1423.699951171875,1423.699951171875,1423.699951171875,1423.699951171875,21.0,62.63999938964844,62.63999938964844,63.18000030517578,61.97999954223633,62.7400016784668,223779.0,66.56999969482422,66.56999969482422,67.30000305175781,65.94000244140625,66.66999816894531,23634.0,6693.75,6693.75,6698.8798828125,6648.06982421875,6654.27978515625,5642620000.0,46381.5390625,46381.5390625,46447.12890625,46035.828125,46206.69140625,627450000.0,22788.98046875,22788.98046875,22801.900390625,22590.859375,22606.58984375,9736270000.0,45493.66015625,45493.66015625,45757.73828125,45193.76953125,45193.76953125,116600000.0,3286.0,3286.0,3302.0,3274.0,3275.0,1207380.0,23527.05078125,23527.05078125,23589.25,23424.439453125,23567.490234375,53681300.0,9226.7001953125,9226.7001953125,9234.599609375,9194.2998046875,9216.7001953125,608280800.0,97.33000183105469,97.33000183105469,97.81999969482422,97.30999755859375,97.6500015258789,0.0,148.09500122070312,148.09500122070312,148.3699951171875,147.73699951171875,148.09500122070312,0.0,112748.5078125,112748.5078125,115431.3125,112037.6484375,115309.21875,70684158591.0
2025-09-23,3780.60009765625,3780.60009765625,3786.0,3740.0,3747.0,627.0,44.19200134277344,44.19200134277344,44.29999923706055,43.70000076293945,43.900001525878906,400.0,4.584499835968018,4.584499835968018,4.586999893188477,4.570000171661377,4.570000171661377,1072.0,1504.199951171875,1504.199951171875,1504.199951171875,1504.199951171875,1504.199951171875,0.0,63.40999984741211,63.40999984741211,63.88999938964844,61.849998474121094,62.33000183105469,265948.0,67.62999725341797,67.62999725341797,68.08000183105469,66.12000274658203,66.58999633789062,27893.0,6656.919921875,6656.919921875,6699.52001953125,6645.580078125,6692.43994140625,5633620000.0,46292.78125,46292.78125,46714.26953125,46217.578125,46364.109375,541530000.0,22573.470703125,22573.470703125,22785.130859375,22539.0390625,22782.720703125,9822620000.0,45493.66015625,45493.66015625,45757.73828125,45193.76953125,45193.76953125,116600000.0,3286.0,3286.0,3302.0,3274.0,3275.0,1207380.0,23611.330078125,23611.330078125,23723.19921875,23564.970703125,23604.359375,48153500.0,9223.2998046875,9223.2998046875,9266.900390625,9223.2998046875,9226.7001953125,690489000.0,97.26000213623047,97.26000213623047,97.45999908447266,97.19999694824219,97.31999969482422,0.0,147.72500610351562,147.72500610351562,147.9199981689453,147.50999450683594,147.72500610351562,0.0,112014.5,112014.5,113351.9140625,111535.5703125,112757.4765625,47211853279.0
2025-09-24,3732.10009765625,3732.10009765625,3772.5,3732.10009765625,3769.800048828125,588.0,43.777000427246094,43.777000427246094,44.185001373291016,43.70000076293945,44.11000061035156,174.0,4.752500057220459,4.752500057220459,4.766499996185303,4.558499813079834,4.581999778747559,1961.0,1484.5,1484.5,1484.5,1484.5,1484.5,107.0,64.98999786376953,64.98999786376953,65.05000305175781,63.25,63.63999938964844,282721.0,69.30999755859375,69.30999755859375,69.36000061035156,67.5199966430664,67.86000061035156,28459.0,6637.97021484375,6637.97021484375,6672.66015625,6621.759765625,6669.7900390625,5459180000.0,46121.28125,46121.28125,46453.0703125,46096.390625,46368.94140625,421040000.0,22497.859375,22497.859375,22657.44921875,22397.0,22656.01953125,9184030000.0,45630.30859375,45630.30859375,45693.28125,45205.46875,45484.41015625,131700000.0,3293.0,3293.0,3297.0,3267.0,3284.0,1186520.0,23666.810546875,23666.810546875,23736.599609375,23499.98046875,23601.5,54163200.0,9250.400390625,9250.400390625,9266.400390625,9177.099609375,9223.2998046875,631425700.0,97.87000274658203,97.87000274658203,97.91999816894531,97.22000122070312,97.23999786376953,0.0,147.61300659179688,147.61300659179688,148.7689971923828,147.51400756835938,147.61300659179688,0.0,113328.6328125,113328.6328125,113986.2734375,111229.640625,112007.6640625,48044595085.0
2025-09-25,3736.89990234375,3736.89990234375,3756.0,3724.699951171875,3742.800048828125,1899.0,44.696998596191406,44.696998596191406,45.0,43.78499984741211,43.790000915527344,199.0,4.699999809265137,4.699999809265137,4.743000030517578,4.699999809265137,4.743000030517578,1220.0,1530.699951171875,1530.699951171875,1530.699951171875,1515.0,1515.0,1.0,64.9800033569336,64.9800033569336,65.33999633789062,64.05999755859375,64.80000305175781,258353.0,69.41999816894531,69.41999816894531,69.66999816894531,68.44000244140625,69.08999633789062,21388.0,6604.72021484375,6604.72021484375,6619.0,6569.22021484375,6608.18994140625,5874670000.0,45947.3203125,45947.3203125,46122.421875,45785.171875,46097.4296875,509180000.0,22384.69921875,22384.69921875,22456.779296875,22185.869140625,22318.76953125,9960330000.0,45754.9296875,45754.9296875,45824.69140625,45503.30859375,45600.0703125,127200000.0,3312.0,3312.0,3317.0,3295.0,3303.0,2084200.0,23534.830078125,23534.830078125,23629.369140625,23383.83984375,23620.400390625,55308500.0,9214.0,9214.0,9251.2001953125,9203.2001953125,9250.400390625,652023200.0,98.55000305175781,98.55000305175781,98.61000061035156,97.73999786376953,97.81999969482422,0.0,148.75100708007812,148.75100708007812,149.822998046875,148.56199645996094,148.75100708007812,0.0,109049.2890625,109049.2890625,113541.0859375,108713.3984375,113330.1640625,75528654284.0
2025-09-26,3775.300048828125,3775.300048828125,3775.300048828125,3775.300048828125,3775.300048828125,19308.0,46.22100067138672,46.22100067138672,46.22100067138672,44.869998931884766,44.875,556.0,4.7154998779296875,4.7154998779296875,4.7154998779296875,4.66949987411499,4.677000045776367,1901.0,1582.699951171875,1582.699951171875,1582.699951171875,1581.800048828125,1581.800048828125,14363.0,65.72000122070312,65.72000122070312,66.41999816894531,64.66000366210938,65.19999694824219,284990.0,70.12999725341797,70.12999725341797,70.7699966430664,69.11000061035156,69.69999694824219,11917.0,6643.7001953125,6643.7001953125,6648.97021484375,6604.43017578125,6615.3798828125,5103110000.0,46247.2890625,46247.2890625,46353.03125,46051.921875,46101.44921875,434270000.0,22484.0703125,22484.0703125,22488.1796875,22285.439453125,22403.26953125,8488400000.0,45354.98828125,45354.98828125,45766.76953125,45354.98828125,45634.19921875,147500000.0,3306.0,3306.0,3331.0,3305.0,3308.0,1986590.0,23739.470703125,23739.470703125,23756.0390625,23579.25,23601.189453125,45110800.0,9284.7998046875,9284.7998046875,9292.099609375,9208.5,9214.0,687681900.0,98.1500015258789,98.1500015258789,98.52999877929688,98.12999725341797,98.5,0.0,149.86099243164062,149.86099243164062,149.93499755859375,149.4250030517578,149.86099243164062,0.0,109712.828125,109712.828125,110359.1953125,108728.9765625,109041.296875,57738288949.0
2025-09-27,3775.300048828125,3775.300048828125,3775.300048828125,3775.300048828125,3775.300048828125,19308.0,46.22100067138672,46.22100067138672,46.22100067138672,44.869998931884766,44.875,556.0,4.7154998779296875,4.7154998779296875,4.7154998779296875,4.66949987411499,4.677000045776367,1901.0,1582.699951171875,1582.699951171875,1582.699951171875,1581.800048828125,1581.800048828125,14363.0,65.72000122070312,65.72000122070312,66.41999816894531,64.66000366210938,65.19999694824219,284990.0,70.12999725341797,70.12999725341797,70.7699966430664,69.11000061035156,69.69999694824219,11917.0,6643.7001953125,6643.7001953125,6648.97021484375,6604.43017578125,6615.3798828125,5103110000.0,46247.2890625,46247.2890625,46353.03125,46051.921875,46101.44921875,434270000.0,22484.0703125,22484.0703125,22488.1796875,22285.439453125,22403.26953125,8488400000.0,45354.98828125,45354.98828125,45766.76953125,45354.98828125,45634.19921875,147500000.0,3306.0,3306.0,3331.0,3305.0,3308.0,1986590.0,23739.470703125,23739.470703125,23756.0390625,23579.25,23601.189453125,45110800.0,9284.7998046875,9284.7998046875,9292.099609375,9208.5,9214.0,687681900.0,98.1500015258789,98.1500015258789,98.52999877929688,98.12999725341797,98.5,0.0,149.86099243164062,149.86099243164062,149.93499755859375,149.4250030517578,149.86099243164062,0.0,109681.9453125,109681.9453125,109778.5,109144.296875,109707.140625,26308042910.0
2025-09-28,3775.300048828125,3775.300048828125,3775.300048828125,3775.300048828125,3775.300048828125,19308.0,46.22100067138672,46.22100067138672,46.22100067138672,44.869998931884766,44.875,556.0,4.7154998779296875,4.7154998779296875,4.7154998779296875,4.66949987411499,4.677000045776367,1901.0,1582.699951171875,1582.699951171875,1582.699951171875,1581.800048828125,1581.800048828125,14363.0,65.72000122070312,65.72000122070312,66.41999816894531,64.66000366210938,65.19999694824219,284990.0,70.12999725341797,70.12999725341797,70.7699966430664,69.11000061035156,69.69999694824219,11917.0,6643.7001953125,6643.7001953125,6648.97021484375,6604.43017578125,6615.3798828125,5103110000.0,46247.2890625,46247.2890625,46353.03125,46051.921875,46101.44921875,434270000.0,22484.0703125,22484.0703125,22488.1796875,22285.439453125,22403.26953125,8488400000.0,45354.98828125,45354.98828125,45766.76953125,45354.98828125,45634.19921875,147500000.0,3306.0,3306.0,3331.0,3305.0,3308.0,1986590.0,23739.470703125,23739.470703125,23756.0390625,23579.25,23601.189453125,45110800.0,9284.7998046875,9284.7998046875,9292.099609375,9208.5,9214.0,687681900.0,98.1500015258789,98.1500015258789,98.52999877929688,98.12999725341797,98.5,0.0,149.86099243164062,149.86099243164062,149.93499755859375,149.4250030517578,149.86099243164062,0.0,112122.640625,112122.640625,112375.484375,109236.9453125,109681.9453125,33371048505.0
2025-09-29,3820.89990234375,3820.89990234375,3827.60009765625,3754.800048828125,3754.800048828125,8860.0,46.61199951171875,46.61199951171875,46.875,46.09000015258789,46.13999938964844,622.0,4.841000080108643,4.841000080108643,4.8420000076293945,4.708499908447266,4.708499908447266,2748.0,1609.300048828125,1609.300048828125,1629.4000244140625,1588.0,1592.199951171875,3465.0,63.45000076293945,63.45000076293945,65.4000015258789,62.97999954223633,65.06999969482422,294292.0,67.97000122070312,67.97000122070312,69.93000030517578,67.55000305175781,69.47000122070312,8229.0,6661.2099609375,6661.2099609375,6677.31005859375,6644.490234375,6661.580078125,5358760000.0,46316.0703125,46316.0703125,46387.05859375,46149.05078125,46306.33984375,479740000.0,22591.150390625,22591.150390625,22704.900390625,22536.05078125,22605.30078125,9046720000.0,45043.75,45043.75,45152.69921875,44890.19921875,45113.2890625,130500000.0,3285.0,3285.0,3315.0,3279.0,3311.0,1949640.0,23745.060546875,23745.060546875,23835.609375,23666.810546875,23835.609375,39242000.0,9299.7998046875,9299.7998046875,9354.599609375,9284.7998046875,9284.7998046875,546230500.0,97.91000366210938,97.91000366210938,98.18000030517578,97.7699966430664,98.16999816894531,0.0,149.40499877929688,149.40499877929688,149.4040069580078,148.46800231933594,149.40499877929688,0.0,114400.3828125,114400.3828125,114473.5703125,111589.953125,112117.875,60000147466.0
2025-09-30,3840.800048828125,3840.800048828125,3865.5,3793.39990234375,3827.5,1611.0,46.25299835205078,46.25299835205078,46.959999084472656,45.96500015258789,46.935001373291016,338.0,4.804999828338623,4.804999828338623,4.828000068664551,4.7779998779296875,4.795499801635742,1426.0,1584.5999755859375,1584.5999755859375,1628.4000244140625,1567.0,1617.0999755859375,290.0,62.369998931884766,62.369998931884766,63.2599983215332,62.029998779296875,63.13999938964844,271649.0,67.0199966430664,67.0199966430664,67.58999633789062,66.91000366210938,67.58999633789062,46335.0,6688.4599609375,6688.4599609375,6691.25,6641.0,6656.18994140625,6057210000.0,46397.890625,46397.890625,46425.30078125,46103.390625,46282.62890625,584780000.0,22660.009765625,22660.009765625,22671.390625,22493.9609375,22580.359375,8928070000.0,44932.62890625,44932.62890625,45126.23046875,44733.6015625,45054.9609375,160600000.0,3283.0,3283.0,3299.0,3265.0,3286.0,2494960.0,23880.720703125,23880.720703125,23887.73046875,23676.359375,23726.4296875,47602500.0,9350.400390625,9350.400390625,9363.599609375,9266.2998046875,9299.7998046875,770556700.0,97.7699966430664,97.7699966430664,98.05000305175781,97.62999725341797,97.91000366210938,0.0,148.59500122070312,148.59500122070312,148.81100463867188,147.65899658203125,148.59500122070312,0.0,114056.0859375,114056.0859375,114836.6171875,112740.5625,114396.5234375,58986330258.0
2025-10-01,3867.5,3867.5,3891.89990234375,3853.300048828125,3863.5,1778.0,47.290000915527344,47.290000915527344,47.5099983215332,46.790000915527344,47.345001220703125,125.0,4.83050012588501,4.83050012588501,4.84250020980835,4.7820000648498535,4.811500072479248,755.0,1569.9000244140625,1569.9000244140625,1598.0,1563.699951171875,1593.300048828125,91.0,61.779998779296875,61.779998779296875,62.88999938964844,61.400001525878906,62.459999084472656,274339.0,65.3499984741211,65.3499984741211,66.56999969482422,65.04000091552734,66.08999633789062,44601.0,6711.2001953125,6711.2001953125,6718.47998046875,6656.2001953125,6664.919921875,6037950000.0,46441.1015625,46441.1015625,46528.78125,46276.390625,46366.78125,552790000.0,22755.16015625,22755.16015625,22782.580078125,22516.740234375,22530.94921875,10043980000.0,44550.8515625,44550.8515625,44874.421875,44357.6484375,44831.94921875,136700000.0,3245.0,3245.0,3272.0,3229.0,3268.0,1783830.0,24113.619140625,24113.619140625,24162.23046875,23753.080078125,23755.23046875,53499000.0,9446.400390625,9446.400390625,9457.900390625,9347.599609375,9350.5,853312200.0,97.70999908447266,97.70999908447266,97.87999725341797,97.45999908447266,97.81999969482422,0.0,147.9969940185547,147.9969940185547,148.22000122070312,146.60899353027344,147.9969940185547,0.0,118648.9296875,118648.9296875,118648.9296875,113981.3984375,114057.59375,71328680132.0
2025-10-02,3839.699951171875,3839.699951171875,3888.60009765625,3823.699951171875,3856.199951171875,3418.0,46.0,46.0,47.244998931884766,45.3849983215332,46.970001220703125,509.0,4.8979997634887695,4.8979997634887695,4.918499946594238,4.84250020980835,4.84250020980835,1055.0,1563.800048828125,1563.800048828125,1590.0,1543.699951171875,1581.0,86.0,60.47999954223633,60.47999954223633,62.540000915527344,60.400001525878906,61.779998779296875,290507.0,64.11000061035156,64.11000061035156,66.12000274658203,64.0,65.4000015258789,52074.0,6715.35009765625,6715.35009765625,6731.93994140625,6693.22998046875,6731.31005859375,5416130000.0,46519.71875,46519.71875,46589.30859375,46283.5703125,46461.109375,442010000.0,22844.05078125,22844.05078125,22900.599609375,22729.75,22885.900390625,9633200000.0,44936.73046875,44936.73046875,45125.9609375,44659.21875,44736.03125,131100000.0,3236.0,3236.0,3257.0,3220.0,3246.0,1430000.0,24422.560546875,24422.560546875,24502.330078125,24247.44921875,24293.830078125,54187900.0,9427.7001953125,9427.7001953125,9475.099609375,9417.599609375,9446.400390625,650916500.0,97.8499984741211,97.8499984741211,98.12999725341797,97.5199966430664,97.69999694824219,0.0,147.08299255371094,147.08299255371094,147.50900268554688,146.60899353027344,147.08299255371094,0.0,120681.2578125,120681.2578125,121086.40625,118383.15625,118652.3828125,71415163912.0
2025-10-03,3880.800048828125,3880.800048828125,3886.800048828125,3853.699951171875,3855.199951171875,392.0,47.59700012207031,47.59700012207031,47.59700012207031,47.59700012207031,47.59700012207031,53.0,5.058000087738037,5.058000087738037,5.061999797821045,4.954999923706055,4.954999923706055,995.0,1619.300048828125,1619.300048828125,1623.0,1590.4000244140625,1590.4000244140625,70.0,60.880001068115234,60.880001068115234,61.380001068115234,60.54999923706055,60.70000076293945,240044.0,64.52999877929688,64.52999877929688,65.0,64.20999908447266,64.30000305175781,38970.0,6715.7900390625,6715.7900390625,6750.8701171875,6705.669921875,6722.14013671875,5713110000.0,46758.28125,46758.28125,47049.640625,46566.87109375,46583.94921875,425050000.0,22780.509765625,22780.509765625,22925.4296875,22695.8203125,22886.16015625,10515730000.0,45769.5,45769.5,45778.66015625,45042.5390625,45042.5390625,117600000.0,3280.0,3280.0,3283.0,3242.0,3243.0,1373070.0,24378.80078125,24378.80078125,24524.109375,24343.2109375,24511.5703125,38220200.0,9491.2998046875,9491.2998046875,9494.599609375,9425.0,9427.7001953125,596685900.0,97.72000122070312,97.72000122070312,97.94999694824219,97.5999984741211,97.8499984741211,0.0,147.14999389648438,147.14999389648438,147.81100463867188,147.17100524902344,147.14999389648438,0.0,122266.53125,122266.53125,123944.703125,119344.3125,120656.984375,83941392228.0
2025-10-04,3880.800048828125,3880.800048828125,3886.800048828125,3853.699951171875,3855.199951171875,392.0,47.59700012207031,47.59700012207031,47.59700012207031,47.59700012207031,47.59700012207031,53.0,5.058000087738037,5.058000087738037,5.061999797821045,4.954999923706055,4.954999923706055,995.0,1619.300048828125,1619.300048828125,1623.0,1590.4000244140625,1590.4000244140625,70.0,60.880001068115234,60.880001068115234,61.380001068115234,60.54999923706055,60.70000076293945,240044.0,64.52999877929688,64.52999877929688,65.0,64.20999908447266,64.30000305175781,38970.0,6715.7900390625,6715.7900390625,6750.8701171875,6705.669921875,6722.14013671875,5713110000.0,46758.28125,46758.28125,47049.640625,46566.87109375,46583.94921875,425050000.0,22780.509765625,22780.509765625,22925.4296875,22695.8203125,22886.16015625,10515730000.0,45769.5,45769.5,45778.66015625,45042.5390625,45042.5390625,117600000.0,3280.0,3280.0,3283.0,3242.0,3243.0,1373070.0,24378.80078125,24378.80078125,24524.109375,24343.2109375,24511.5703125,38220200.0,9491.2998046875,9491.2998046875,9494.599609375,9425.0,9427.7001953125,596685900.0,97.72000122070312,97.72000122070312,97.94999694824219,97.5999984741211,97.8499984741211,0.0,147.14999389648438,147.14999389648438,147.81100463867188,147.17100524902344,147.14999389648438,0.0,122425.4296875,122425.4296875,122857.640625,121577.5703125,122267.46875,36769171735.0
2025-10-05,3880.800048828125,3880.800048828125,3886.800048828125,3853.699951171875,3855.199951171875,392.0,47.59700012207031,47.59700012207031,47.59700012207031,47.59700012207031,47.59700012207031,53.0,5.058000087738037,5.058000087738037,5.061999797821045,4.954999923706055,4.954999923706055,995.0,1619.300048828125,1619.300048828125,1623.0,1590.4000244140625,1590.4000244140625,70.0,60.880001068115234,60.880001068115234,61.380001068115234,60.54999923706055,60.70000076293945,240044.0,64.52999877929688,64.52999877929688,65.0,64.20999908447266,64.30000305175781,38970.0,6715.7900390625,6715.7900390625,6750.8701171875,6705.669921875,6722.14013671875,5713110000.0,46758.28125,46758.28125,47049.640625,46566.87109375,46583.94921875,425050000.0,22780.509765625,22780.509765625,22925.4296875,22695.8203125,22886.16015625,10515730000.0,45769.5,45769.5,45778.66015625,45042.5390625,45042.5390625,117600000.0,3280.0,3280.0,3283.0,3242.0,3243.0,1373070.0,24378.80078125,24378.80078125,24524.109375,24343.2109375,24511.5703125,38220200.0,9491.2998046875,9491.2998046875,9494.599609375,9425.0,9427.7001953125,596685900.0,97.72000122070312,97.72000122070312,97.94999694824219,97.5999984741211,97.8499984741211,0.0,147.14999389648438,147.14999389648438,147.81100463867188,147.17100524902344,147.14999389648438,0.0,123513.4765625,123513.4765625,125559.2109375,122191.9609375,122419.671875,73689317763.0
2025-10-06,3948.5,3948.5,3960.0,3926.800048828125,3931.300048828125,1267.0,48.082000732421875,48.082000732421875,48.082000732421875,47.89500045776367,47.89500045776367,60.0,4.986999988555908,4.986999988555908,5.002500057220459,4.980500221252441,5.002500057220459,1007.0,1634.9000244140625,1634.9000244140625,1650.199951171875,1616.0,1624.9000244140625,167.0,61.689998626708984,61.689998626708984,62.119998931884766,61.040000915527344,61.13999938964844,224682.0,65.47000122070312,65.47000122070312,65.7699966430664,64.76000213623047,64.81999969482422,38055.0,6740.27978515625,6740.27978515625,6749.52001953125,6717.77978515625,6733.85986328125,5604460000.0,46694.96875,46694.96875,46846.44921875,46426.9609375,46776.0390625,500000000.0,22941.669921875,22941.669921875,22991.720703125,22827.560546875,22894.349609375,10468830000.0,47944.76171875,47944.76171875,48150.0390625,46592.98828125,46636.0703125,178300000.0,3385.0,3385.0,3395.0,3354.0,3387.0,3018570.0,24378.2890625,24378.2890625,24482.900390625,24269.939453125,24357.58984375,43413400.0,9479.099609375,9479.099609375,9516.7998046875,9465.400390625,9491.2001953125,608049100.0,98.11000061035156,98.11000061035156,98.5,97.95999908447266,97.95999908447266,0.0,149.6060028076172,149.6060028076172,150.4669952392578,149.4810028076172,149.6060028076172,0.0,124752.53125,124752.53125,126198.0703125,123196.046875,123510.453125,72568881188.0
2025-10-07,3976.60009765625,3976.60009765625,3981.5,3940.0,3959.39990234375,2903.0,47.17900085449219,47.17900085449219,47.849998474121094,47.029998779296875,47.41999816894531,708.0,5.047999858856201,5.047999858856201,5.074999809265137,5.0395002365112305,5.067500114440918,731.0,1626.5999755859375,1626.5999755859375,1640.5,1614.4000244140625,1614.5,50.0,61.72999954223633,61.72999954223633,62.11000061035156,60.720001220703125,61.72999954223633,245121.0,65.44999694824219,65.44999694824219,65.83000183105469,64.5199966430664,65.54000091552734,36191.0,6714.58984375,6714.58984375,6754.490234375,6699.9599609375,6746.14013671875,5546150000.0,46602.98046875,46602.98046875,46868.48828125,46448.01953125,46700.8984375,411280000.0,22788.359375,22788.359375,23006.0703125,22718.759765625,22972.369140625,10375920000.0,47950.87890625,47950.87890625,48527.328125,47904.37890625,48281.12109375,154200000.0,3383.0,3383.0,3407.0,3379.0,3398.0,1808420.0,24385.779296875,24385.779296875,24452.9296875,24308.0390625,24400.76953125,41564700.0,9483.599609375,9483.599609375,9507.099609375,9473.099609375,9479.099609375,647484600.0,98.58000183105469,98.58000183105469,98.66000366210938,98.08999633789062,98.08999633789062,0.0,150.33099365234375,150.33099365234375,151.1999969482422,150.2480010986328,150.33099365234375,0.0,121451.3828125,121451.3828125,125184.0234375,120681.96875,124752.140625,76149412513.0
2025-10-08,4043.300048828125,4043.300048828125,4049.199951171875,3987.199951171875,3987.199951171875,2179.0,48.65599822998047,48.65599822998047,48.65599822998047,47.88999938964844,47.88999938964844,149.0,5.046000003814697,5.046000003814697,5.058499813079834,5.019000053405762,5.04449987411499,685.0,1678.0,1678.0,1681.800048828125,1678.0,1681.800048828125,45.0,62.54999923706055,62.54999923706055,62.91999816894531,62.04999923706055,62.04999923706055,273318.0,66.25,66.25,66.52999877929688,65.77999877929688,65.80999755859375,38630.0,6753.72021484375,6753.72021484375,6755.64013671875,6718.08984375,6723.8701171875,5383130000.0,46601.78125,46601.78125,46816.28125,46498.390625,46649.3203125,423510000.0,23043.380859375,23043.380859375,23045.140625,22845.419921875,22852.3203125,10925520000.0,47734.98828125,47734.98828125,48181.12109375,47728.26953125,47925.21875,142200000.0,3394.0,3394.0,3423.0,3387.0,3396.0,1213350.0,24597.130859375,24597.130859375,24630.970703125,24360.650390625,24382.66015625,56849900.0,9548.900390625,9548.900390625,9577.099609375,9483.599609375,9483.599609375,800211500.0,98.8499984741211,98.8499984741211,99.05999755859375,98.58999633789062,98.61000061035156,0.0,152.05099487304688,152.05099487304688,152.99099731445312,152.0970001220703,152.05099487304688,0.0,123354.8671875,123354.8671875,124167.09375,121119.1796875,121448.3515625,65354305286.0
2025-10-09,3946.300048828125,3946.300048828125,4046.199951171875,3940.0,4011.199951171875,3130.0,46.849998474121094,46.849998474121094,49.4900016784668,46.73500061035156,47.92499923706055,1568.0,5.075500011444092,5.075500011444092,5.114999771118164,5.050000190734863,5.05649995803833,913.0,1634.0999755859375,1634.0999755859375,1700.699951171875,1634.0999755859375,1661.800048828125,19.0,61.5099983215332,61.5099983215332,62.869998931884766,61.25,62.310001373291016,259171.0,65.22000122070312,65.22000122070312,66.55999755859375,64.95999908447266,66.08999633789062,40845.0,6735.10986328125,6735.10986328125,6764.580078125,6716.169921875,6760.5,5385020000.0,46358.421875,46358.421875,46684.41015625,46271.3984375,46622.30859375,493080000.0,23024.630859375,23024.630859375,23062.619140625,22899.16015625,23045.330078125,10713200000.0,48580.44140625,48580.44140625,48597.078125,47995.21875,48035.421875,138500000.0,3415.0,3415.0,3417.0,3399.0,3409.0,1045850.0,24611.25,24611.25,24771.33984375,24602.119140625,24674.650390625,41008500.0,9509.400390625,9509.400390625,9565.5,9501.099609375,9548.900390625,963047900.0,99.54000091552734,99.54000091552734,99.55999755859375,98.69999694824219,98.83999633789062,0.0,152.67999267578125,152.67999267578125,153.21200561523438,152.19200134277344,152.67999267578125,0.0,121705.5859375,121705.5859375,123739.34375,119812.03125,123337.0703125,74653009425.0
2025-10-10,3975.89990234375,3975.89990234375,4012.0,3945.5,3957.0,1697.0,46.9379997253418,46.9379997253418,48.290000915527344,46.93000030517578,46.93000030517578,453.0,4.848499774932861,4.848499774932861,5.116000175476074,4.834000110626221,5.116000175476074,960.0,1600.699951171875,1600.699951171875,1642.5999755859375,1600.0,1636.4000244140625,59.0,58.900001525878906,58.900001525878906,61.66999816894531,58.220001220703125,61.4900016784668,339103.0,62.72999954223633,62.72999954223633,65.3499984741211,62.130001068115234,65.16999816894531,54929.0,6552.509765625,6552.509765625,6762.39990234375,6550.77978515625,6740.490234375,6596610000.0,45479.6015625,45479.6015625,46641.73828125,45470.71875,46394.87890625,658100000.0,22204.4296875,22204.4296875,23119.91015625,22193.0703125,23043.51953125,11635030000.0,48088.80078125,48088.80078125,48510.71875,47962.609375,48510.71875,150700000.0,3350.0,3350.0,3404.0,3347.0,3404.0,2270740.0,24241.4609375,24241.4609375,24690.720703125,24241.4609375,24664.23046875,50177500.0,9427.5,9427.5,9520.0,9414.599609375,9509.400390625,633596500.0,98.9800033569336,98.9800033569336,99.43000030517578,98.80999755859375,99.38999938964844,0.0,152.96499633789062,152.96499633789062,153.14999389648438,151.5260009765625,152.96499633789062,0.0,113214.3671875,113214.3671875,122509.6640625,104582.4140625,121704.7421875,153125018868.0
2025-10-11,3975.89990234375,3975.89990234375,4012.0,3945.5,3957.0,1697.0,46.9379997253418,46.9379997253418,48.290000915527344,46.93000030517578,46.93000030517578,453.0,4.848499774932861,4.848499774932861,5.116000175476074,4.834000110626221,5.116000175476074,960.0,1600.699951171875,1600.699951171875,1642.5999755859375,1600.0,1636.4000244140625,59.0,58.900001525878906,58.900001525878906,61.66999816894531,58.220001220703125,61.4900016784668,339103.0,62.72999954223633,62.72999954223633,65.3499984741211,62.130001068115234,65.16999816894531,54929.0,6552.509765625,6552.509765625,6762.39990234375,6550.77978515625,6740.490234375,6596610000.0,45479.6015625,45479.6015625,46641.73828125,45470.71875,46394.87890625,658100000.0,22204.4296875,22204.4296875,23119.91015625,22193.0703125,23043.51953125,11635030000.0,48088.80078125,48088.80078125,48510.71875,47962.609375,48510.71875,150700000.0,3350.0,3350.0,3404.0,3347.0,3404.0,2270740.0,24241.4609375,24241.4609375,24690.720703125,24241.4609375,24664.23046875,50177500.0,9427.5,9427.5,9520.0,9414.599609375,9509.400390625,633596500.0,98.9800033569336,98.9800033569336,99.43000030517578,98.80999755859375,99.38999938964844,0.0,152.96499633789062,152.96499633789062,153.14999389648438,151.5260009765625,152.96499633789062,0.0,110807.8828125,110807.8828125,113429.7265625,109760.5625,113236.4296875,110236934340.0
2025-10-12,3975.89990234375,3975.89990234375,4012.0,3945.5,3957.0,1697.0,46.9379997253418,46.9379997253418,48.290000915527344,46.93000030517578,46.93000030517578,453.0,4.848499774932861,4.848499774932861,5.116000175476074,4.834000110626221,5.116000175476074,960.0,1600.699951171875,1600.699951171875,1642.5999755859375,1600.0,1636.4000244140625,59.0,58.900001525878906,58.900001525878906,61.66999816894531,58.220001220703125,61.4900016784668,339103.0,62.72999954223633,62.72999954223633,65.3499984741211,62.130001068115234,65.16999816894531,54929.0,6552.509765625,6552.509765625,6762.39990234375,6550.77978515625,6740.490234375,6596610000.0,45479.6015625,45479.6015625,46641.73828125,45470.71875,46394.87890625,658100000.0,22204.4296875,22204.4296875,23119.91015625,22193.0703125,23043.51953125,11635030000.0,48088.80078125,48088.80078125,48510.71875,47962.609375,48510.71875,150700000.0,3350.0,3350.0,3404.0,3347.0,3404.0,2270740.0,24241.4609375,24241.4609375,24690.720703125,24241.4609375,24664.23046875,50177500.0,9427.5,9427.5,9520.0,9414.599609375,9509.400390625,633596500.0,98.9800033569336,98.9800033569336,99.43000030517578,98.80999755859375,99.38999938964844,0.0,152.96499633789062,152.96499633789062,153.14999389648438,151.5260009765625,152.96499633789062,0.0,115169.765625,115169.765625,115805.0625,109715.5390625,110811.515625,93710414091.0
2025-10-13,4108.60009765625,4108.60009765625,4111.0,4016.0,4016.0,1697.0,50.130001068115234,50.130001068115234,50.494998931884766,49.34000015258789,49.34000015258789,453.0,5.100500106811523,5.100500106811523,5.100500106811523,5.066999912261963,5.067999839782715,960.0,1669.5999755859375,1669.5999755859375,1682.9000244140625,1660.0,1660.0,59.0,59.4900016784668,59.4900016784668,60.16999816894531,59.0,59.0,339103.0,63.31999969482422,63.31999969482422,63.95000076293945,62.66999816894531,62.66999816894531,35368.0,6654.72021484375,6654.72021484375,6668.68017578125,6620.7099609375,6622.52978515625,5303960000.0,46067.578125,46067.578125,46153.48828125,45698.4609375,45698.4609375,414070000.0,22694.609375,22694.609375,22718.75,22499.490234375,22578.669921875,9018770000.0,48088.80078125,48088.80078125,48510.71875,47962.609375,48510.71875,150700000.0,3350.0,3350.0,3404.0,3347.0,3404.0,2270740.0,24387.9296875,24387.9296875,24448.76953125,24260.76953125,24372.900390625,36995100.0,9442.900390625,9442.900390625,9459.900390625,9409.7001953125,9427.5,866346000.0,99.2699966430664,99.2699966430664,99.3499984741211,98.83000183105469,98.94000244140625,0.0,152.05599975585938,152.05599975585938,152.4409942626953,151.73500061035156,152.05599975585938,0.0,115271.078125,115271.078125,116020.484375,113821.1875,115161.6796875,71582026739.0
2025-10-14,4138.7001953125,4138.7001953125,4160.10009765625,4085.800048828125,4131.7001953125,2424.0,50.31399917602539,50.31399917602539,51.98500061035156,48.53499984741211,51.2599983215332,249.0,4.980500221252441,4.980500221252441,4.987500190734863,4.912499904632568,4.912499904632568,551.0,1655.0999755859375,1655.0999755859375,1674.0999755859375,1631.800048828125,1666.199951171875,37.0,58.70000076293945,58.70000076293945,59.81999969482422,57.68000030517578,59.58000183105469,259200.0,62.38999938964844,62.38999938964844,63.619998931884766,61.5,63.439998626708984,44016.0,6644.31005859375,6644.31005859375,6680.7001953125,6555.06982421875,6602.490234375,5666920000.0,46270.4609375,46270.4609375,46522.671875,45452.03125,45871.890625,515330000.0,22521.69921875,22521.69921875,22691.0703125,22213.73046875,22388.0390625,9776720000.0,46847.3203125,46847.3203125,47865.6484375,46544.05078125,47446.73046875,170300000.0,3287.0,3287.0,3333.0,3266.0,3296.0,2936760.0,24236.939453125,24236.939453125,24242.849609375,23986.9296875,24169.029296875,45092500.0,9452.7998046875,9452.7998046875,9454.2998046875,9384.2001953125,9442.900390625,715453800.0,99.05000305175781,99.05000305175781,99.4800033569336,98.98999786376953,99.30000305175781,0.0,152.4340057373047,152.4340057373047,152.59300231933594,151.65699768066406,152.4340057373047,0.0,113118.6640625,113118.6640625,115502.8828125,110029.484375,115264.8828125,92212917403.0
2025-10-15,4176.89990234375,4176.89990234375,4210.60009765625,4145.0,4145.0,3287.0,51.073001861572266,51.073001861572266,51.57500076293945,50.845001220703125,50.939998626708984,102.0,4.9720001220703125,4.9720001220703125,4.990499973297119,4.919000148773193,4.990499973297119,1056.0,1668.699951171875,1668.699951171875,1668.699951171875,1662.0999755859375,1662.0999755859375,29.0,58.27000045776367,58.27000045776367,59.41999816894531,58.20000076293945,58.599998474121094,224919.0,61.90999984741211,61.90999984741211,63.02000045776367,61.790000915527344,62.279998779296875,40209.0,6671.06005859375,6671.06005859375,6724.1201171875,6612.10986328125,6688.27001953125,5633060000.0,46253.30859375,46253.30859375,46693.33984375,46027.23046875,46375.171875,488700000.0,22670.080078125,22670.080078125,22841.689453125,22427.7890625,22738.5,11374850000.0,47672.671875,47672.671875,47774.828125,46910.828125,47002.30078125,118400000.0,3342.0,3342.0,3342.0,3304.0,3309.0,1216840.0,24181.369140625,24181.369140625,24339.26953125,24179.990234375,24263.7109375,43493500.0,9424.7998046875,9424.7998046875,9474.2998046875,9395.099609375,9452.7998046875,610965100.0,98.79000091552734,98.79000091552734,99.08000183105469,98.66000366210938,99.05000305175781,0.0,151.7310028076172,151.7310028076172,151.82200622558594,150.91400146484375,151.7310028076172,0.0,110783.1640625,110783.1640625,113622.3828125,110235.8359375,113113.96875,72574132855.0
2025-10-16,4280.2001953125,4280.2001953125,4307.0,4196.60009765625,4198.7998046875,4705.0,53.02299880981445,53.02299880981445,53.10499954223633,51.78499984741211,52.5099983215332,356.0,4.958000183105469,4.958000183105469,4.958000183105469,4.909999847412109,4.929500102996826,615.0,1734.9000244140625,1734.9000244140625,1741.199951171875,1656.699951171875,1656.699951171875,20.0,57.459999084472656,57.459999084472656,59.11000061035156,57.2599983215332,58.77000045776367,203866.0,61.060001373291016,61.060001373291016,62.75,60.84000015258789,62.439998626708984,46229.0,6629.06982421875,6629.06982421875,6709.33984375,6593.990234375,6689.02001953125,6048180000.0,45952.23828125,45952.23828125,46422.33984375,45781.1796875,46289.08984375,481610000.0,22562.5390625,22562.5390625,22886.869140625,22404.689453125,22764.400390625,11343620000.0,48277.73828125,48277.73828125,48317.33984375,47937.71875,48107.44140625,121100000.0,3355.0,3355.0,3372.0,3344.0,3363.0,895100.0,24272.189453125,24272.189453125,24283.5703125,24051.849609375,24188.150390625,45218300.0,9436.099609375,9436.099609375,9436.099609375,9389.7001953125,9424.7998046875,451574500.0,98.38999938964844,98.38999938964844,98.69999694824219,98.30000305175781,98.66999816894531,0.0,150.9739990234375,150.9739990234375,151.39199829101562,150.52200317382812,150.9739990234375,0.0,108186.0390625,108186.0390625,111990.8125,107537.03125,110782.171875,87306423067.0
2025-10-17,4189.89990234375,4189.89990234375,4358.0,4182.2001953125,4354.7001953125,4060.0,49.86399841308594,49.86399841308594,53.34000015258789,49.64500045776367,53.21500015258789,400.0,4.93149995803833,4.93149995803833,4.959000110626221,4.93149995803833,4.954999923706055,686.0,1602.300048828125,1602.300048828125,1675.0,1602.300048828125,1675.0,116.0,57.540000915527344,57.540000915527344,57.720001220703125,56.599998474121094,57.5,108748.0,61.290000915527344,61.290000915527344,61.45000076293945,60.150001525878906,61.11000061035156,50372.0,6664.009765625,6664.009765625,6678.8798828125,6603.759765625,6613.27001953125,5358120000.0,46190.609375,46190.609375,46327.0703125,45862.37109375,45862.3984375,492870000.0,22679.970703125,22679.970703125,22736.009765625,22396.650390625,22489.810546875,9552150000.0,47582.1484375,47582.1484375,48140.8984375,47494.30859375,47820.96875,124800000.0,3324.0,3324.0,3350.0,3319.0,3331.0,1828820.0,23830.990234375,23830.990234375,23987.75,23684.369140625,23833.109375,69383400.0,9354.599609375,9354.599609375,9436.099609375,9276.900390625,9436.099609375,751531100.0,98.43000030517578,98.43000030517578,98.55000305175781,98.02999877929688,98.26000213623047,0.0,150.1199951171875,150.1199951171875,150.5850067138672,149.40699768066406,150.1199951171875,0.0,106467.7890625,106467.7890625,109235.8046875,103598.4296875,108179.1328125,99703051669.0
2025-10-18,4189.89990234375,4189.89990234375,4358.0,4182.2001953125,4354.7001953125,4060.0,49.86399841308594,49.86399841308594,53.34000015258789,49.64500045776367,53.21500015258789,400.0,4.93149995803833,4.93149995803833,4.959000110626221,4.93149995803833,4.954999923706055,686.0,1602.300048828125,1602.300048828125,1675.0,1602.300048828125,1675.0,116.0,57.540000915527344,57.540000915527344,57.720001220703125,56.599998474121094,57.5,108748.0,61.290000915527344,61.290000915527344,61.45000076293945,60.150001525878906,61.11000061035156,50372.0,6664.009765625,6664.009765625,6678.8798828125,6603.759765625,6613.27001953125,5358120000.0,46190.609375,46190.609375,46327.0703125,45862.37109375,45862.3984375,492870000.0,22679.970703125,22679.970703125,22736.009765625,22396.650390625,22489.810546875,9552150000.0,47582.1484375,47582.1484375,48140.8984375,47494.30859375,47820.96875,124800000.0,3324.0,3324.0,3350.0,3319.0,3331.0,1828820.0,23830.990234375,23830.990234375,23987.75,23684.369140625,23833.109375,69383400.0,9354.599609375,9354.599609375,9436.099609375,9276.900390625,9436.099609375,751531100.0,98.43000030517578,98.43000030517578,98.55000305175781,98.02999877929688,98.26000213623047,0.0,150.1199951171875,150.1199951171875,150.5850067138672,149.40699768066406,150.1199951171875,0.0,107198.265625,107198.265625,107490.984375,106387.453125,106483.734375,37779905278.0
2025-10-19,4189.89990234375,4189.89990234375,4358.0,4182.2001953125,4354.7001953125,4060.0,49.86399841308594,49.86399841308594,53.34000015258789,49.64500045776367,53.21500015258789,400.0,4.93149995803833,4.93149995803833,4.959000110626221,4.93149995803833,4.954999923706055,686.0,1602.300048828125,1602.300048828125,1675.0,1602.300048828125,1675.0,116.0,57.540000915527344,57.540000915527344,57.720001220703125,56.599998474121094,57.5,108748.0,61.290000915527344,61.290000915527344,61.45000076293945,60.150001525878906,61.11000061035156,50372.0,6664.009765625,6664.009765625,6678.8798828125,6603.759765625,6613.27001953125,5358120000.0,46190.609375,46190.609375,46327.0703125,45862.37109375,45862.3984375,492870000.0,22679.970703125,22679.970703125,22736.009765625,22396.650390625,22489.810546875,9552150000.0,47582.1484375,47582.1484375,48140.8984375,47494.30859375,47820.96875,124800000.0,3324.0,3324.0,3350.0,3319.0,3331.0,1828820.0,23830.990234375,23830.990234375,23987.75,23684.369140625,23833.109375,69383400.0,9354.599609375,9354.599609375,9436.099609375,9276.900390625,9436.099609375,751531100.0,98.43000030517578,98.43000030517578,98.55000305175781,98.02999877929688,98.26000213623047,0.0,150.1199951171875,150.1199951171875,150.5850067138672,149.40699768066406,150.1199951171875,0.0,108666.7109375,108666.7109375,109488.9921875,106157.7890625,107204.3125,47657008953.0
2025-10-20,4336.39990234375,4336.39990234375,4356.60009765625,4214.60009765625,4244.10009765625,1750.0,51.11899948120117,51.11899948120117,51.43000030517578,50.13999938964844,50.415000915527344,652.0,4.998000144958496,4.998000144958496,5.003499984741211,4.984000205993652,4.984000205993652,560.0,1634.9000244140625,1634.9000244140625,1634.9000244140625,1580.0,1580.0,53.0,57.52000045776367,57.52000045776367,57.810001373291016,56.349998474121094,57.72999954223633,108146.0,61.0099983215332,61.0099983215332,61.54999923706055,60.06999969482422,61.43000030517578,33883.0,6735.1298828125,6735.1298828125,6744.35009765625,6690.0498046875,6690.0498046875,4672170000.0,46706.578125,46706.578125,46759.26953125,46312.87890625,46312.87890625,444010000.0,22990.5390625,22990.5390625,23031.869140625,22841.0,22844.8203125,9440620000.0,49185.5,49185.5,49185.5,48254.828125,48332.7109375,121000000.0,3400.0,3400.0,3403.0,3363.0,3375.0,1714480.0,24258.80078125,24258.80078125,24296.390625,24026.58984375,24035.189453125,46610300.0,9403.599609375,9403.599609375,9416.400390625,9354.5,9354.5,612224700.0,98.58999633789062,98.58999633789062,98.66999816894531,98.38999938964844,98.66999816894531,0.0,150.89999389648438,150.89999389648438,151.19900512695312,150.28599548339844,150.89999389648438,0.0,110588.9296875,110588.9296875,111711.03125,107485.015625,108667.4453125,63507793085.0
2025-10-21,4087.699951171875,4087.699951171875,4332.7001953125,4087.699951171875,4332.7001953125,2943.0,47.45000076293945,47.45000076293945,50.80500030517578,47.415000915527344,50.80500030517578,329.0,4.929999828338623,4.929999828338623,4.940000057220459,4.920000076293945,4.940000057220459,674.0,1504.0,1504.0,1591.699951171875,1504.0,1591.699951171875,39.0,57.81999969482422,57.81999969482422,58.279998779296875,56.9900016784668,57.369998931884766,314207.0,61.31999969482422,61.31999969482422,62.09000015258789,60.34000015258789,60.90999984741211,45150.0,6735.35009765625,6735.35009765625,6752.16015625,6722.02978515625,6736.75,5245020000.0,46924.73828125,46924.73828125,47125.66015625,46688.25,46707.078125,430490000.0,22953.669921875,22953.669921875,23010.349609375,22894.419921875,22984.55078125,10845130000.0,49316.05859375,49316.05859375,49945.94921875,49127.19921875,49675.4296875,124500000.0,3408.0,3408.0,3433.0,3401.0,3422.0,2666350.0,24330.029296875,24330.029296875,24384.240234375,24201.2890625,24310.439453125,42704200.0,9427.0,9427.0,9441.2001953125,9403.5,9403.599609375,612553400.0,98.93000030517578,98.93000030517578,98.9800033569336,98.51000213623047,98.61000061035156,0.0,150.7740020751953,150.7740020751953,152.16000366210938,150.49200439453125,150.7740020751953,0.0,108476.890625,108476.890625,113996.34375,107534.75,110587.6328125,101194375480.0
2025-10-22,4044.39990234375,4044.39990234375,4148.5,4006.0,4109.7001953125,1237.0,47.46099853515625,47.46099853515625,48.1150016784668,47.220001220703125,47.88999938964844,347.0,4.960999965667725,4.960999965667725,4.9720001220703125,4.9045000076293945,4.90500020980835,613.0,1536.0,1536.0,1536.0,1477.0999755859375,1477.0999755859375,39.0,58.5,58.5,59.83000183105469,57.34000015258789,57.59000015258789,378637.0,62.59000015258789,62.59000015258789,63.91999816894531,61.400001525878906,61.619998931884766,46114.0,6699.39990234375,6699.39990234375,6741.75,6655.68994140625,6741.33984375,5710010000.0,46590.41015625,46590.41015625,46941.55859375,46461.51953125,46941.55859375,458450000.0,22740.400390625,22740.400390625,22978.400390625,22514.080078125,22940.7890625,14361150000.0,49307.7890625,49307.7890625,49458.28125,48613.69921875,49252.03125,141100000.0,3421.0,3421.0,3433.0,3396.0,3402.0,1980210.0,24151.130859375,24151.130859375,24342.1796875,24138.25,24296.16015625,57734300.0,9515.0,9515.0,9545.2001953125,9427.099609375,9427.099609375,1047120500.0,98.9000015258789,98.9000015258789,99.13999938964844,98.79000091552734,98.97000122070312,0.0,151.89300537109375,151.89300537109375,152.02699279785156,151.5070037841797,151.89300537109375,0.0,107688.5859375,107688.5859375,109115.1328125,106778.0,108491.53125,80807013218.0
2025-10-23,4125.5,4125.5,4136.7998046875,4070.699951171875,4078.39990234375,354.0,48.481998443603516,48.481998443603516,48.90999984741211,48.459999084472656,48.470001220703125,507.0,5.081999778747559,5.081999778747559,5.081999778747559,4.9654998779296875,4.966000080108643,403.0,1587.5999755859375,1587.5999755859375,1588.5,1583.800048828125,1583.800048828125,43.0,61.790000915527344,61.790000915527344,62.20000076293945,59.63999938964844,59.939998626708984,735186.0,65.98999786376953,65.98999786376953,66.33999633789062,63.849998474121094,64.25,87705.0,6738.43994140625,6738.43994140625,6749.52978515625,6700.14013671875,6703.64990234375,5565750000.0,46734.609375,46734.609375,46802.1484375,46490.05859375,46519.12890625,407570000.0,22941.80078125,22941.80078125,22983.4609375,22732.1796875,22751.330078125,10363600000.0,48641.609375,48641.609375,48866.578125,48399.05078125,48866.578125,107600000.0,3407.0,3407.0,3413.0,3389.0,3400.0,1177360.0,24207.7890625,24207.7890625,24222.83984375,24035.2109375,24202.779296875,51148200.0,9578.599609375,9578.599609375,9594.7998046875,9505.7001953125,9515.0,814894500.0,98.94000244140625,98.94000244140625,99.13999938964844,98.91000366210938,98.91999816894531,0.0,151.95399475097656,151.95399475097656,152.78599548339844,151.97500610351562,151.95399475097656,0.0,110069.7265625,110069.7265625,111288.59375,107548.4296875,107679.4375,54944076060.0
2025-10-24,4118.39990234375,4118.39990234375,4120.60009765625,4074.89990234375,4117.5,123.0,48.37699890136719,48.37699890136719,48.43000030517578,47.42499923706055,47.42499923706055,270.0,5.093500137329102,5.093500137329102,5.0945000648498535,5.09250020980835,5.093999862670898,368.0,1593.9000244140625,1593.9000244140625,1593.9000244140625,1593.9000244140625,1593.9000244140625,0.0,61.5,61.5,62.59000015258789,61.209999084472656,61.790000915527344,373744.0,65.94000244140625,65.94000244140625,66.7699966430664,65.44000244140625,65.87000274658203,38354.0,6791.68994140625,6791.68994140625,6807.10986328125,6772.06982421875,6772.06982421875,5058220000.0,47207.12109375,47207.12109375,47326.73046875,46811.51171875,46811.51171875,403500000.0,23204.869140625,23204.869140625,23261.259765625,23127.9609375,23143.23046875,10308620000.0,49299.6484375,49299.6484375,49435.30859375,48965.78125,49095.26953125,109100000.0,3407.0,3407.0,3413.0,3389.0,3400.0,1177360.0,24239.890625,24239.890625,24275.990234375,24145.259765625,24275.990234375,43268900.0,9645.599609375,9645.599609375,9645.599609375,9560.5,9578.599609375,779192300.0,98.94999694824219,98.94999694824219,99.0999984741211,98.7300033569336,98.94000244140625,0.0,152.6020050048828,152.6020050048828,153.05599975585938,152.3470001220703,152.6020050048828,0.0,111033.921875,111033.921875,111842.53125,109770.1484375,110069.3515625,48160816980.0
2025-10-25,4118.39990234375,4118.39990234375,4120.60009765625,4074.89990234375,4117.5,123.0,48.37699890136719,48.37699890136719,48.43000030517578,47.42499923706055,47.42499923706055,270.0,5.093500137329102,5.093500137329102,5.0945000648498535,5.09250020980835,5.093999862670898,368.0,1593.9000244140625,1593.9000244140625,1593.9000244140625,1593.9000244140625,1593.9000244140625,0.0,61.5,61.5,62.59000015258789,61.209999084472656,61.790000915527344,373744.0,65.94000244140625,65.94000244140625,66.7699966430664,65.44000244140625,65.87000274658203,38354.0,6791.68994140625,6791.68994140625,6807.10986328125,6772.06982421875,6772.06982421875,5058220000.0,47207.12109375,47207.12109375,47326.73046875,46811.51171875,46811.51171875,403500000.0,23204.869140625,23204.869140625,23261.259765625,23127.9609375,23143.23046875,10308620000.0,49299.6484375,49299.6484375,49435.30859375,48965.78125,49095.26953125,109100000.0,3407.0,3407.0,3413.0,3389.0,3400.0,1177360.0,24239.890625,24239.890625,24275.990234375,24145.259765625,24275.990234375,43268900.0,9645.599609375,9645.599609375,9645.599609375,9560.5,9578.599609375,779192300.0,98.94999694824219,98.94999694824219,99.0999984741211,98.7300033569336,98.94000244140625,0.0,152.6020050048828,152.6020050048828,153.05599975585938,152.3470001220703,152.6020050048828,0.0,111641.7265625,111641.7265625,111947.703125,110704.40625,111032.6171875,24707667305.0
2025-10-26,4118.39990234375,4118.39990234375,4120.60009765625,4074.89990234375,4117.5,123.0,48.37699890136719,48.37699890136719,48.43000030517578,47.42499923706055,47.42499923706055,270.0,5.093500137329102,5.093500137329102,5.0945000648498535,5.09250020980835,5.093999862670898,368.0,1593.9000244140625,1593.9000244140625,1593.9000244140625,1593.9000244140625,1593.9000244140625,0.0,61.5,61.5,62.59000015258789,61.209999084472656,61.790000915527344,373744.0,65.94000244140625,65.94000244140625,66.7699966430664,65.44000244140625,65.87000274658203,38354.0,6791.68994140625,6791.68994140625,6807.10986328125,6772.06982421875,6772.06982421875,5058220000.0,47207.12109375,47207.12109375,47326.73046875,46811.51171875,46811.51171875,403500000.0,23204.869140625,23204.869140625,23261.259765625,23127.9609375,23143.23046875,10308620000.0,49299.6484375,49299.6484375,49435.30859375,48965.78125,49095.26953125,109100000.0,3407.0,3407.0,3413.0,3389.0,3400.0,1177360.0,24239.890625,24239.890625,24275.990234375,24145.259765625,24275.990234375,43268900.0,9645.599609375,9645.599609375,9645.599609375,9560.5,9578.599609375,779192300.0,98.94999694824219,98.94999694824219,99.0999984741211,98.7300033569336,98.94000244140625,0.0,152.6020050048828,152.6020050048828,153.05599975585938,152.3470001220703,152.6020050048828,0.0,114472.4453125,114472.4453125,115260.90625,111268.484375,111639.0546875,41708524143.0
2025-10-27,4001.89990234375,4001.89990234375,4078.60009765625,3971.300048828125,4060.0,220.0,46.5620002746582,46.5620002746582,47.810001373291016,45.845001220703125,47.810001373291016,161.0,5.140500068664551,5.140500068664551,5.19950008392334,5.10699987411499,5.1875,421.0,1578.4000244140625,1578.4000244140625,1586.199951171875,1578.4000244140625,1583.0,16.0,61.310001373291016,61.310001373291016,62.16999816894531,60.66999816894531,61.81999969482422,272191.0,65.62000274658203,65.62000274658203,66.5999984741211,65.08000183105469,66.26000213623047,32237.0,6875.16015625,6875.16015625,6877.27978515625,6843.93994140625,6845.4599609375,5290650000.0,47544.58984375,47544.58984375,47564.51953125,47375.9609375,47412.80078125,426790000.0,23637.4609375,23637.4609375,23658.66015625,23493.9609375,23537.3203125,10757830000.0,50512.3203125,50512.3203125,50549.6015625,49838.98046875,49905.80078125,122100000.0,3485.0,3485.0,3491.0,3465.0,3471.0,1714350.0,24308.779296875,24308.779296875,24348.58984375,24185.83984375,24332.849609375,43352700.0,9653.7998046875,9653.7998046875,9672.7001953125,9632.7998046875,9645.599609375,729163900.0,98.77999877929688,98.77999877929688,99.0,98.7300033569336,98.83999633789062,0.0,153.06100463867188,153.06100463867188,153.2429962158203,152.57699584960938,153.06100463867188,0.0,114119.328125,114119.328125,116273.3125,113882.2890625,114479.8515625,61761358733.0
2025-10-28,3966.199951171875,3966.199951171875,3966.199951171875,3923.60009765625,3929.699951171875,219.0,47.125,47.125,47.125,46.32500076293945,46.32500076293945,59.0,5.140500068664551,5.140500068664551,5.142000198364258,5.079999923706055,5.079999923706055,670.0,1577.0,1577.0,1577.0,1577.0,1577.0,4.0,60.150001525878906,60.150001525878906,61.5,59.7599983215332,61.5,307568.0,64.4000015258789,64.4000015258789,65.79000091552734,64.0,65.79000091552734,33807.0,6890.89013671875,6890.89013671875,6911.2998046875,6870.72998046875,6897.740234375,5695930000.0,47706.37109375,47706.37109375,47943.16015625,47675.69921875,47752.3515625,603670000.0,23827.490234375,23827.490234375,23901.359375,23675.189453125,23766.4609375,10640830000.0,50219.1796875,50219.1796875,50485.80078125,50107.76953125,50357.1484375,119500000.0,3449.0,3449.0,3477.0,3442.0,3477.0,1257560.0,24278.630859375,24278.630859375,24339.939453125,24188.369140625,24228.1796875,41976200.0,9696.7001953125,9696.7001953125,9727.099609375,9645.400390625,9653.7998046875,708743000.0,98.69000244140625,98.69000244140625,98.94999694824219,98.56999969482422,98.75,0.0,152.69200134277344,152.69200134277344,152.72900390625,151.75599670410156,152.69200134277344,0.0,112956.1640625,112956.1640625,116078.984375,112291.6796875,114129.0859375,64528066504.0
2025-10-29,3983.699951171875,3983.699951171875,3983.699951171875,3983.699951171875,3983.699951171875,1344.0,47.72100067138672,47.72100067138672,47.72100067138672,47.72100067138672,47.72100067138672,545.0,5.233500003814697,5.233500003814697,5.233500003814697,5.198999881744385,5.19950008392334,2276.0,1591.300048828125,1591.300048828125,1591.300048828125,1591.300048828125,1591.300048828125,161.0,60.47999954223633,60.47999954223633,61.02000045776367,59.70000076293945,60.18000030517578,276875.0,64.91999816894531,64.91999816894531,65.37999725341797,63.93000030517578,64.48999786376953,16478.0,6890.58984375,6890.58984375,6920.33984375,6851.91015625,6910.9501953125,6280130000.0,47632.0,47632.0,48040.640625,47448.58984375,47746.7890625,683470000.0,23958.470703125,23958.470703125,24019.990234375,23763.990234375,23987.2890625,10089540000.0,51307.6484375,51307.6484375,51412.96875,50365.62109375,50453.640625,129700000.0,3438.0,3438.0,3462.0,3433.0,3460.0,1618840.0,24124.2109375,24124.2109375,24322.900390625,24090.580078125,24261.08984375,63568200.0,9756.099609375,9756.099609375,9787.599609375,9696.7998046875,9696.7998046875,752470200.0,99.22000122070312,99.22000122070312,99.36000061035156,98.62000274658203,98.73999786376953,0.0,151.7310028076172,151.7310028076172,152.51400756835938,151.5489959716797,151.7310028076172,0.0,110055.3046875,110055.3046875,113642.7265625,109368.71875,112921.328125,62192043469.0
2025-10-30,4001.300048828125,4001.300048828125,4027.199951171875,3913.699951171875,3960.0,935.0,48.428001403808594,48.428001403808594,48.61000061035156,47.1349983215332,47.540000915527344,370.0,5.078000068664551,5.078000068664551,5.184000015258789,5.0295000076293945,5.174499988555908,2249.0,1608.300048828125,1608.300048828125,1608.300048828125,1587.0999755859375,1587.0999755859375,54.0,60.56999969482422,60.56999969482422,60.790000915527344,59.63999938964844,60.38999938964844,247917.0,65.0,65.0,65.16000366210938,64.05999755859375,64.8499984741211,10024.0,6822.33984375,6822.33984375,6880.75,6820.68994140625,6860.5,6052700000.0,47522.12109375,47522.12109375,48014.921875,47381.91015625,47446.87890625,593890000.0,23581.140625,23581.140625,23846.130859375,23578.470703125,23793.080078125,10564160000.0,51325.609375,51325.609375,51657.28125,50972.55859375,51146.26953125,230900000.0,3458.0,3458.0,3467.0,3434.0,3444.0,2880470.0,24118.890625,24118.890625,24215.30078125,24034.75,24187.8203125,53909400.0,9760.099609375,9760.099609375,9763.400390625,9690.0,9756.099609375,893377000.0,99.52999877929688,99.52999877929688,99.72000122070312,98.91999816894531,99.13999938964844,0.0,152.7220001220703,152.7220001220703,154.4409942626953,152.18499755859375,152.7220001220703,0.0,108305.546875,108305.546875,111612.3515625,106376.6875,110059.1953125,69673964814.0
2025-10-31,3982.199951171875,3982.199951171875,4034.5,3976.60009765625,4034.5,559.0,47.99399948120117,47.99399948120117,48.68000030517578,47.99399948120117,48.439998626708984,484.0,5.065499782562256,5.065499782562256,5.0995001792907715,5.061500072479248,5.078499794006348,982.0,1569.800048828125,1569.800048828125,1569.800048828125,1569.800048828125,1569.800048828125,0.0,60.97999954223633,60.97999954223633,61.380001068115234,59.9900016784668,60.29999923706055,278598.0,65.06999969482422,65.06999969482422,65.5,64.5199966430664,64.75,44972.0,6840.2001953125,6840.2001953125,6879.169921875,6814.259765625,6879.169921875,6398280000.0,47562.87109375,47562.87109375,47718.37890625,47347.28125,47659.9609375,704620000.0,23724.9609375,23724.9609375,23946.23046875,23628.8203125,23941.779296875,10909250000.0,52411.33984375,52411.33984375,52411.33984375,51613.03125,51629.80078125,180300000.0,3492.0,3492.0,3510.0,3469.0,3489.0,1971570.0,23958.30078125,23958.30078125,24119.66015625,23922.94921875,24115.310546875,42904400.0,9717.2998046875,9717.2998046875,9761.7998046875,9697.0,9760.099609375,596284500.0,99.80000305175781,99.80000305175781,99.83999633789062,99.41999816894531,99.48999786376953,0.0,153.89999389648438,153.89999389648438,154.37600708007812,153.656005859375,153.89999389648438,0.0,109556.1640625,109556.1640625,111031.8203125,108288.2734375,108304.4140625,60090359560.0
2025-11-01,3982.199951171875,3982.199951171875,4034.5,3976.60009765625,4034.5,559.0,47.99399948120117,47.99399948120117,48.68000030517578,47.99399948120117,48.439998626708984,484.0,5.065499782562256,5.065499782562256,5.0995001792907715,5.061500072479248,5.078499794006348,982.0,1569.800048828125,1569.800048828125,1569.800048828125,1569.800048828125,1569.800048828125,0.0,60.97999954223633,60.97999954223633,61.380001068115234,59.9900016784668,60.29999923706055,278598.0,65.06999969482422,65.06999969482422,65.5,64.5199966430664,64.75,44972.0,6840.2001953125,6840.2001953125,6879.169921875,6814.259765625,6879.169921875,6398280000.0,47562.87109375,47562.87109375,47718.37890625,47347.28125,47659.9609375,704620000.0,23724.9609375,23724.9609375,23946.23046875,23628.8203125,23941.779296875,10909250000.0,52411.33984375,52411.33984375,52411.33984375,51613.03125,51629.80078125,180300000.0,3492.0,3492.0,3510.0,3469.0,3489.0,1971570.0,23958.30078125,23958.30078125,24119.66015625,23922.94921875,24115.310546875,42904400.0,9717.2998046875,9717.2998046875,9761.7998046875,9697.0,9760.099609375,596284500.0,99.80000305175781,99.80000305175781,99.83999633789062,99.41999816894531,99.48999786376953,0.0,153.89999389648438,153.89999389648438,154.37600708007812,153.656005859375,153.89999389648438,0.0,110064.015625,110064.015625,110574.8984375,109372.953125,109558.625,25871668762.0
2025-11-02,3982.199951171875,3982.199951171875,4034.5,3976.60009765625,4034.5,559.0,47.99399948120117,47.99399948120117,48.68000030517578,47.99399948120117,48.439998626708984,484.0,5.065499782562256,5.065499782562256,5.0995001792907715,5.061500072479248,5.078499794006348,982.0,1569.800048828125,1569.800048828125,1569.800048828125,1569.800048828125,1569.800048828125,0.0,60.97999954223633,60.97999954223633,61.380001068115234,59.9900016784668,60.29999923706055,278598.0,65.06999969482422,65.06999969482422,65.5,64.5199966430664,64.75,44972.0,6840.2001953125,6840.2001953125,6879.169921875,6814.259765625,6879.169921875,6398280000.0,47562.87109375,47562.87109375,47718.37890625,47347.28125,47659.9609375,704620000.0,23724.9609375,23724.9609375,23946.23046875,23628.8203125,23941.779296875,10909250000.0,52411.33984375,52411.33984375,52411.33984375,51613.03125,51629.80078125,180300000.0,3492.0,3492.0,3510.0,3469.0,3489.0,1971570.0,23958.30078125,23958.30078125,24119.66015625,23922.94921875,24115.310546875,42904400.0,9717.2998046875,9717.2998046875,9761.7998046875,9697.0,9760.099609375,596284500.0,99.80000305175781,99.80000305175781,99.83999633789062,99.41999816894531,99.48999786376953,0.0,153.89999389648438,153.89999389648438,154.37600708007812,153.656005859375,153.89999389648438,0.0,110639.625,110639.625,111167.3125,109523.453125,110064.4296875,34284209459.0
2025-11-03,4000.300048828125,4000.300048828125,4020.0,3959.0,3976.199951171875,0.0,47.88800048828125,47.88800048828125,48.349998474121094,47.82500076293945,47.82500076293945,0.0,5.046999931335449,5.046999931335449,5.088500022888184,5.027500152587891,5.0879998207092285,0.0,1574.0,1574.0,1574.0,1574.0,1574.0,0.0,61.04999923706055,61.04999923706055,61.5,60.5099983215332,61.400001525878906,0.0,64.88999938964844,64.88999938964844,65.30999755859375,64.33000183105469,65.06999969482422,0.0,6851.97021484375,6851.97021484375,6882.31982421875,6820.6201171875,6882.31982421875,6065720000.0,47336.6796875,47336.6796875,47697.328125,47135.9609375,47697.328125,571740000.0,23834.720703125,23834.720703125,23976.83984375,23764.869140625,23951.91015625,10360170000.0,52411.33984375,52411.33984375,52411.33984375,51613.03125,51629.80078125,180300000.0,3492.0,3492.0,3510.0,3469.0,3489.0,1971570.0,24132.41015625,24132.41015625,24248.669921875,23982.279296875,23990.33984375,48002500.0,9701.400390625,9701.400390625,9745.599609375,9695.900390625,9717.2998046875,848988200.0,99.87000274658203,99.87000274658203,99.98999786376953,99.70999908447266,99.75,0.0,154.19500732421875,154.19500732421875,154.28399658203125,153.94700622558594,154.19500732421875,0.0,106547.5234375,106547.5234375,110764.9140625,105336.359375,110646.90625,72852006359.0
2025-11-04,3947.699951171875,3947.699951171875,3995.39990234375,3927.39990234375,3994.199951171875,657.0,47.130001068115234,47.130001068115234,47.130001068115234,46.80500030517578,46.92499923706055,115.0,4.926000118255615,4.926000118255615,4.939000129699707,4.91949987411499,4.91949987411499,590.0,1542.300048828125,1542.300048828125,1542.300048828125,1542.300048828125,1542.300048828125,0.0,60.560001373291016,60.560001373291016,61.029998779296875,59.939998626708984,61.029998779296875,219300.0,64.44000244140625,64.44000244140625,64.83999633789062,63.83000183105469,64.81999969482422,36655.0,6771.5498046875,6771.5498046875,6820.2099609375,6766.7099609375,6788.52001953125,5739510000.0,47085.23828125,47085.23828125,47274.8984375,46877.05859375,47148.0390625,514650000.0,23348.640625,23348.640625,23644.150390625,23333.3203125,23458.2109375,10227700000.0,51497.19921875,51497.19921875,52636.87109375,51497.19921875,52294.30859375,190100000.0,3473.0,3473.0,3515.0,3470.0,3484.0,2380070.0,23949.109375,23949.109375,23974.310546875,23674.650390625,23801.240234375,51570100.0,9715.0,9715.0,9715.0,9574.2001953125,9701.400390625,1023130000.0,100.22000122070312,100.22000122070312,100.26000213623047,99.73999786376953,99.9800033569336,0.0,154.20399475097656,154.20399475097656,154.46200561523438,153.32200622558594,154.20399475097656,0.0,101590.5234375,101590.5234375,107264.8828125,98962.0625,106541.421875,110967184773.0
2025-11-05,3980.300048828125,3980.300048828125,3983.5,3929.89990234375,3929.89990234375,559.0,47.862998962402344,47.862998962402344,47.880001068115234,47.560001373291016,47.560001373291016,23.0,4.9629998207092285,4.9629998207092285,4.9664998054504395,4.959000110626221,4.959000110626221,606.0,1553.5,1553.5,1553.5,1553.5,1553.5,2.0,59.599998474121094,59.599998474121094,61.09000015258789,59.52000045776367,60.43000030517578,292518.0,63.52000045776367,63.52000045776367,64.94000244140625,63.43000030517578,64.26000213623047,42320.0,6796.2900390625,6796.2900390625,6829.77978515625,6763.10986328125,6769.77001953125,5939600000.0,47311.0,47311.0,47460.359375,47041.30859375,47097.30859375,469010000.0,23499.80078125,23499.80078125,23636.529296875,23286.869140625,23358.0703125,10026890000.0,50212.26953125,50212.26953125,51422.421875,49073.578125,51291.390625,219700000.0,3426.0,3426.0,3449.0,3355.0,3439.0,6282400.0,24049.740234375,24049.740234375,24103.529296875,23732.380859375,23774.55078125,55196800.0,9777.099609375,9777.099609375,9786.7998046875,9680.5,9715.0,862811200.0,100.19999694824219,100.19999694824219,100.36000061035156,100.05999755859375,100.18000030517578,0.0,153.5570068359375,153.5570068359375,154.3520050048828,152.9810028076172,153.5570068359375,0.0,103891.8359375,103891.8359375,104534.703125,98989.9140625,101579.234375,77584934804.0
2025-11-06,3979.89990234375,3979.89990234375,4007.5,3979.89990234375,4004.0,650.0,47.79399871826172,47.79399871826172,47.79399871826172,47.79399871826172,47.79399871826172,86.0,4.945499897003174,4.945499897003174,4.9629998207092285,4.936500072479248,4.962500095367432,946.0,1528.300048828125,1528.300048828125,1528.300048828125,1528.300048828125,1528.300048828125,2.0,59.43000030517578,59.43000030517578,60.5099983215332,58.83000183105469,59.68000030517578,277768.0,63.380001068115234,63.380001068115234,64.33000183105469,62.83000183105469,63.58000183105469,43138.0,6720.31982421875,6720.31982421875,6796.68017578125,6707.509765625,6787.58984375,6051900000.0,46912.30078125,46912.30078125,47359.2890625,46787.44140625,47255.12109375,552150000.0,23053.990234375,23053.990234375,23469.55078125,23011.060546875,23461.2890625,11085130000.0,50883.6796875,50883.6796875,51248.28125,50594.19140625,50792.55078125,171300000.0,3472.0,3472.0,3484.0,3453.0,3459.0,1537450.0,23734.01953125,23734.01953125,24058.73046875,23721.990234375,23996.240234375,58267000.0,9735.7998046875,9735.7998046875,9786.099609375,9723.900390625,9777.099609375,938291200.0,99.7300033569336,99.7300033569336,100.11000061035156,99.66999816894531,100.11000061035156,0.0,154.072998046875,154.072998046875,154.1320037841797,152.9770050048828,154.072998046875,0.0,101301.2890625,101301.2890625,104147.3046875,100336.8671875,103893.6640625,63932752861.0
2025-11-07,3999.39990234375,3999.39990234375,3999.39990234375,3980.800048828125,3980.800048828125,245.0,48.016998291015625,48.016998291015625,48.040000915527344,48.01499938964844,48.029998779296875,23.0,4.938000202178955,4.938000202178955,4.945000171661377,4.935500144958496,4.944499969482422,599.0,1539.300048828125,1539.300048828125,1539.300048828125,1539.300048828125,1539.300048828125,0.0,59.75,59.75,60.459999084472656,59.31999969482422,59.650001525878906,259446.0,63.630001068115234,63.630001068115234,64.37999725341797,63.2400016784668,63.63999938964844,36620.0,6728.7998046875,6728.7998046875,6730.10986328125,6631.43994140625,6696.18017578125,5926070000.0,46987.1015625,46987.1015625,46996.7109375,46495.62109375,46797.03125,591090000.0,23004.5390625,23004.5390625,23009.91015625,22563.419921875,22892.919921875,10141910000.0,50276.37109375,50276.37109375,50642.7890625,49640.55859375,50524.30859375,146700000.0,3455.0,3455.0,3466.0,3427.0,3449.0,2364970.0,23569.9609375,23569.9609375,23837.119140625,23452.890625,23801.970703125,53123300.0,9682.599609375,9682.599609375,9735.7998046875,9639.0,9735.7998046875,747990900.0,99.5999984741211,99.5999984741211,99.87000274658203,99.4000015258789,99.76000213623047,0.0,152.947998046875,152.947998046875,153.51699829101562,152.85299682617188,152.947998046875,0.0,103372.40625,103372.40625,104052.9140625,99257.0546875,101286.2421875,92168030081.0
2025-11-08,3999.39990234375,3999.39990234375,3999.39990234375,3980.800048828125,3980.800048828125,245.0,48.016998291015625,48.016998291015625,48.040000915527344,48.01499938964844,48.029998779296875,23.0,4.938000202178955,4.938000202178955,4.945000171661377,4.935500144958496,4.944499969482422,599.0,1539.300048828125,1539.300048828125,1539.300048828125,1539.300048828125,1539.300048828125,0.0,59.75,59.75,60.459999084472656,59.31999969482422,59.650001525878906,259446.0,63.630001068115234,63.630001068115234,64.37999725341797,63.2400016784668,63.63999938964844,36620.0,6728.7998046875,6728.7998046875,6730.10986328125,6631.43994140625,6696.18017578125,5926070000.0,46987.1015625,46987.1015625,46996.7109375,46495.62109375,46797.03125,591090000.0,23004.5390625,23004.5390625,23009.91015625,22563.419921875,22892.919921875,10141910000.0,50276.37109375,50276.37109375,50642.7890625,49640.55859375,50524.30859375,146700000.0,3455.0,3455.0,3466.0,3427.0,3449.0,2364970.0,23569.9609375,23569.9609375,23837.119140625,23452.890625,23801.970703125,53123300.0,9682.599609375,9682.599609375,9735.7998046875,9639.0,9735.7998046875,747990900.0,99.5999984741211,99.5999984741211,99.87000274658203,99.4000015258789,99.76000213623047,0.0,152.947998046875,152.947998046875,153.51699829101562,152.85299682617188,152.947998046875,0.0,102282.1171875,102282.1171875,103373.5625,101458.0390625,103371.703125,51446691095.0
2025-11-09,3999.39990234375,3999.39990234375,3999.39990234375,3980.800048828125,3980.800048828125,245.0,48.016998291015625,48.016998291015625,48.040000915527344,48.01499938964844,48.029998779296875,23.0,4.938000202178955,4.938000202178955,4.945000171661377,4.935500144958496,4.944499969482422,599.0,1539.300048828125,1539.300048828125,1539.300048828125,1539.300048828125,1539.300048828125,0.0,59.75,59.75,60.459999084472656,59.31999969482422,59.650001525878906,259446.0,63.630001068115234,63.630001068115234,64.37999725341797,63.2400016784668,63.63999938964844,36620.0,6728.7998046875,6728.7998046875,6730.10986328125,6631.43994140625,6696.18017578125,5926070000.0,46987.1015625,46987.1015625,46996.7109375,46495.62109375,46797.03125,591090000.0,23004.5390625,23004.5390625,23009.91015625,22563.419921875,22892.919921875,10141910000.0,50276.37109375,50276.37109375,50642.7890625,49640.55859375,50524.30859375,146700000.0,3455.0,3455.0,3466.0,3427.0,3449.0,2364970.0,23569.9609375,23569.9609375,23837.119140625,23452.890625,23801.970703125,53123300.0,9682.599609375,9682.599609375,9735.7998046875,9639.0,9735.7998046875,747990900.0,99.5999984741211,99.5999984741211,99.87000274658203,99.4000015258789,99.76000213623047,0.0,152.947998046875,152.947998046875,153.51699829101562,152.85299682617188,152.947998046875,0.0,104719.640625,104719.640625,105418.3671875,101468.875,102278.984375,59679243013.0
2025-11-10,4111.7998046875,4111.7998046875,4111.7998046875,4060.0,4060.0,189.0,50.176998138427734,50.176998138427734,50.176998138427734,49.5,49.5,91.0,5.086999893188477,5.086999893188477,5.0894999504089355,5.015999794006348,5.015999794006348,1048.0,1591.0999755859375,1591.0999755859375,1591.0999755859375,1591.0999755859375,1591.0999755859375,0.0,60.130001068115234,60.130001068115234,60.47999954223633,59.40999984741211,59.869998931884766,222879.0,64.05999755859375,64.05999755859375,64.30999755859375,63.33000183105469,63.689998626708984,30891.0,6832.43017578125,6832.43017578125,6841.31982421875,6770.56005859375,6785.35986328125,5366050000.0,47368.62890625,47368.62890625,47412.890625,46934.3515625,47095.05859375,490070000.0,23527.169921875,23527.169921875,23569.619140625,23290.05078125,23354.849609375,9297320000.0,50911.76171875,50911.76171875,50969.5,50392.44140625,50645.26953125,129700000.0,3479.0,3479.0,3482.0,3463.0,3481.0,1036340.0,23959.990234375,23959.990234375,24022.689453125,23854.490234375,23925.359375,52658900.0,9787.2001953125,9787.2001953125,9800.400390625,9682.599609375,9682.599609375,761287500.0,99.62000274658203,99.62000274658203,99.73999786376953,99.45999908447266,99.62999725341797,0.0,153.81700134277344,153.81700134277344,154.23500061035156,153.5449981689453,153.5449981689453,0.0,105996.59375,105996.59375,106564.6953125,104350.6484375,104723.7734375,69585887229.0
2025-11-11,4106.7998046875,4106.7998046875,4140.10009765625,4106.7998046875,4140.10009765625,569.0,50.61800003051758,50.61800003051758,50.85499954223633,50.43000030517578,50.43000030517578,106.0,5.048500061035156,5.048500061035156,5.048500061035156,5.041999816894531,5.042500019073486,685.0,1589.4000244140625,1589.4000244140625,1589.4000244140625,1589.4000244140625,1589.4000244140625,0.0,61.040000915527344,61.040000915527344,61.279998779296875,59.65999984741211,60.06999969482422,264427.0,65.16000366210938,65.16000366210938,65.29000091552734,63.61000061035156,63.970001220703125,41959.0,6846.60986328125,6846.60986328125,6855.1298828125,6806.8701171875,6815.64013671875,4983490000.0,47927.9609375,47927.9609375,47974.37109375,47384.51171875,47384.51171875,454970000.0,23468.30078125,23468.30078125,23508.439453125,23315.279296875,23407.720703125,7756810000.0,50842.9296875,50842.9296875,51513.16015625,50581.171875,51314.0390625,125900000.0,3481.0,3481.0,3506.0,3470.0,3500.0,2146450.0,24088.060546875,24088.060546875,24108.4296875,23952.41015625,23990.140625,47222500.0,9899.599609375,9899.599609375,9912.900390625,9787.2001953125,9787.2001953125,924385900.0,99.45999908447266,99.45999908447266,99.73999786376953,99.29000091552734,99.66000366210938,0.0,154.14599609375,154.14599609375,154.46499633789062,153.6699981689453,154.16400146484375,0.0,102997.46875,102997.46875,107428.2578125,102457.328125,105996.859375,71130078574.0
2025-11-12,4204.39990234375,4204.39990234375,4204.39990234375,4102.89990234375,4115.60009765625,396.0,53.332000732421875,53.332000732421875,53.5,51.25,51.25,20.0,5.0894999504089355,5.0894999504089355,5.126999855041504,5.0370001792907715,5.043000221252441,656.0,1622.300048828125,1622.300048828125,1622.300048828125,1622.300048828125,1622.300048828125,1.0,58.4900016784668,58.4900016784668,61.060001373291016,58.29999923706055,61.04999923706055,329517.0,62.709999084472656,62.709999084472656,65.20999908447266,62.560001373291016,65.20999908447266,42279.0,6850.919921875,6850.919921875,6869.91015625,6829.6201171875,6867.77001953125,5293610000.0,48254.8203125,48254.8203125,48431.5703125,48015.7890625,48015.7890625,497550000.0,23406.4609375,23406.4609375,23564.08984375,23278.30078125,23563.83984375,8449920000.0,51063.30859375,51063.30859375,51072.26171875,50537.5,50988.53125,150400000.0,3522.0,3522.0,3527.0,3490.0,3495.0,2545110.0,24381.4609375,24381.4609375,24441.279296875,24234.939453125,24245.890625,75344600.0,9911.400390625,9911.400390625,9930.099609375,9878.2998046875,9899.599609375,814638100.0,99.4800033569336,99.4800033569336,99.70999908447266,99.41999816894531,99.45999908447266,0.0,154.0749969482422,154.0749969482422,155.0189971923828,154.05299377441406,154.05299377441406,0.0,101663.1875,101663.1875,105297.234375,100836.6171875,103011.4375,64347179408.0
2025-11-13,4186.89990234375,4186.89990234375,4228.7001953125,4163.7001953125,4228.7001953125,167.0,53.07400131225586,53.07400131225586,54.20000076293945,52.65999984741211,52.93000030517578,264.0,5.087500095367432,5.087500095367432,5.104000091552734,5.038000106811523,5.0995001792907715,795.0,1603.9000244140625,1603.9000244140625,1603.9000244140625,1603.9000244140625,1603.9000244140625,0.0,58.689998626708984,58.689998626708984,59.209999084472656,58.119998931884766,58.470001220703125,247349.0,63.0099983215332,63.0099983215332,63.439998626708984,62.34000015258789,62.66999816894531,36603.0,6737.490234375,6737.490234375,6828.0498046875,6724.72021484375,6826.47021484375,5473720000.0,47457.21875,47457.21875,48233.25,47411.1015625,48173.921875,608110000.0,22870.359375,22870.359375,23264.26953125,22796.0703125,23262.640625,11351410000.0,51281.828125,51281.828125,51338.890625,50954.26953125,51013.1484375,135700000.0,3549.0,3549.0,3555.0,3532.0,3533.0,1538360.0,24041.619140625,24041.619140625,24416.330078125,24027.919921875,24367.69921875,60792900.0,9807.7001953125,9807.7001953125,9913.2001953125,9804.7998046875,9911.400390625,626791500.0,99.18000030517578,99.18000030517578,99.58999633789062,98.98999786376953,99.5199966430664,0.0,154.71299743652344,154.71299743652344,154.98500061035156,154.1479949951172,154.7030029296875,0.0,99697.4921875,99697.4921875,104005.4921875,97988.71875,101674.1484375,101546815416.0
2025-11-14,4087.60009765625,4087.60009765625,4197.89990234375,4047.0,4197.7001953125,483.0,50.59000015258789,50.59000015258789,53.099998474121094,50.244998931884766,53.099998474121094,73.0,5.049499988555908,5.049499988555908,5.051000118255615,5.048500061035156,5.051000118255615,780.0,1555.199951171875,1555.199951171875,1555.199951171875,1555.199951171875,1555.199951171875,0.0,60.09000015258789,60.09000015258789,60.650001525878906,58.709999084472656,58.709999084472656,334116.0,64.38999938964844,64.38999938964844,64.8499984741211,63.04999923706055,63.04999923706055,58912.0,6734.10986328125,6734.10986328125,6774.31005859375,6646.8701171875,6672.14013671875,5042660000.0,47147.48046875,47147.48046875,47380.0703125,46863.05078125,47222.37890625,552330000.0,22900.58984375,22900.58984375,23073.1796875,22436.7890625,22544.720703125,10841540000.0,50376.53125,50376.53125,50767.73828125,50246.6015625,50767.73828125,149300000.0,3522.0,3522.0,3529.0,3488.0,3490.0,2870080.0,23876.55078125,23876.55078125,23992.119140625,23609.060546875,23977.720703125,64036000.0,9698.400390625,9698.400390625,9807.7001953125,9610.5,9807.7001953125,715744700.0,99.2699966430664,99.2699966430664,99.4000015258789,98.98999786376953,99.26000213623047,0.0,154.63299560546875,154.63299560546875,154.7469940185547,153.64999389648438,154.62899780273438,0.0,94397.7890625,94397.7890625,99804.4296875,94000.734375,99694.703125,114346441890.0
2025-11-15,4087.60009765625,4087.60009765625,4197.89990234375,4047.0,4197.7001953125,483.0,50.59000015258789,50.59000015258789,53.099998474121094,50.244998931884766,53.099998474121094,73.0,5.049499988555908,5.049499988555908,5.051000118255615,5.048500061035156,5.051000118255615,780.0,1555.199951171875,1555.199951171875,1555.199951171875,1555.199951171875,1555.199951171875,0.0,60.09000015258789,60.09000015258789,60.650001525878906,58.709999084472656,58.709999084472656,334116.0,64.38999938964844,64.38999938964844,64.8499984741211,63.04999923706055,63.04999923706055,58912.0,6734.10986328125,6734.10986328125,6774.31005859375,6646.8701171875,6672.14013671875,5042660000.0,47147.48046875,47147.48046875,47380.0703125,46863.05078125,47222.37890625,552330000.0,22900.58984375,22900.58984375,23073.1796875,22436.7890625,22544.720703125,10841540000.0,50376.53125,50376.53125,50767.73828125,50246.6015625,50767.73828125,149300000.0,3522.0,3522.0,3529.0,3488.0,3490.0,2870080.0,23876.55078125,23876.55078125,23992.119140625,23609.060546875,23977.720703125,64036000.0,9698.400390625,9698.400390625,9807.7001953125,9610.5,9807.7001953125,715744700.0,99.2699966430664,99.2699966430664,99.4000015258789,98.98999786376953,99.26000213623047,0.0,154.63299560546875,154.63299560546875,154.7469940185547,153.64999389648438,154.62899780273438,0.0,95549.1484375,95549.1484375,96728.46875,94420.46875,94420.46875,38500716654.0
2025-11-16,4087.60009765625,4087.60009765625,4197.89990234375,4047.0,4197.7001953125,483.0,50.59000015258789,50.59000015258789,53.099998474121094,50.244998931884766,53.099998474121094,73.0,5.049499988555908,5.049499988555908,5.051000118255615,5.048500061035156,5.051000118255615,780.0,1555.199951171875,1555.199951171875,1555.199951171875,1555.199951171875,1555.199951171875,0.0,60.09000015258789,60.09000015258789,60.650001525878906,58.709999084472656,58.709999084472656,334116.0,64.38999938964844,64.38999938964844,64.8499984741211,63.04999923706055,63.04999923706055,58912.0,6734.10986328125,6734.10986328125,6774.31005859375,6646.8701171875,6672.14013671875,5042660000.0,47147.48046875,47147.48046875,47380.0703125,46863.05078125,47222.37890625,552330000.0,22900.58984375,22900.58984375,23073.1796875,22436.7890625,22544.720703125,10841540000.0,50376.53125,50376.53125,50767.73828125,50246.6015625,50767.73828125,149300000.0,3522.0,3522.0,3529.0,3488.0,3490.0,2870080.0,23876.55078125,23876.55078125,23992.119140625,23609.060546875,23977.720703125,64036000.0,9698.400390625,9698.400390625,9807.7001953125,9610.5,9807.7001953125,715744700.0,99.2699966430664,99.2699966430664,99.4000015258789,98.98999786376953,99.26000213623047,0.0,154.63299560546875,154.63299560546875,154.7469940185547,153.64999389648438,154.62899780273438,0.0,94177.078125,94177.078125,96564.1875,92971.1640625,95556.8671875,71086235862.0
2025-11-17,4068.300048828125,4068.300048828125,4099.5,4019.39990234375,4070.0,1552.0,50.625,50.625,50.75,49.665000915527344,50.75,71.0,5.0,5.0,5.002500057220459,4.997499942779541,4.998000144958496,699.0,1545.699951171875,1545.699951171875,1545.699951171875,1545.699951171875,1545.699951171875,0.0,59.90999984741211,59.90999984741211,60.439998626708984,59.31999969482422,59.79999923706055,189638.0,64.19999694824219,64.19999694824219,64.72000122070312,63.65999984741211,64.0199966430664,33667.0,6672.41015625,6672.41015625,6754.5,6638.89990234375,6713.60986328125,5204220000.0,46590.23828125,46590.23828125,47202.55859375,46430.26953125,47068.05859375,503830000.0,22708.0703125,22708.0703125,23044.55078125,22559.509765625,22788.3203125,9744800000.0,50323.91015625,50323.91015625,50398.16015625,49845.859375,50282.390625,126000000.0,3507.0,3507.0,3516.0,3493.0,3511.0,1264310.0,23590.51953125,23590.51953125,23928.48046875,23529.73046875,23890.48046875,46448300.0,9675.400390625,9675.400390625,9707.7001953125,9667.900390625,9698.400390625,812453900.0,99.58999633789062,99.58999633789062,99.5999984741211,99.25,99.2699966430664,0.0,154.5850067138672,154.5850067138672,155.2949981689453,154.41400146484375,154.6179962158203,0.0,92093.875,92093.875,95928.3671875,91214.7578125,94180.875,94186165724.0
2025-11-18,4061.300048828125,4061.300048828125,4063.39990234375,4035.60009765625,4037.39990234375,1375.0,50.45000076293945,50.45000076293945,50.91999816894531,49.23500061035156,49.33000183105469,384.0,4.962500095367432,4.962500095367432,4.976500034332275,4.940000057220459,4.940000057220459,767.0,1545.199951171875,1545.199951171875,1554.0,1545.199951171875,1545.199951171875,9.0,60.7400016784668,60.7400016784668,60.93000030517578,59.310001373291016,59.7400016784668,105325.0,64.88999938964844,64.88999938964844,65.08000183105469,63.61000061035156,64.0,36791.0,6617.31982421875,6617.31982421875,6666.6298828125,6574.31982421875,6641.18994140625,5159390000.0,46091.73828125,46091.73828125,46382.921875,45913.6015625,46382.921875,596360000.0,22432.849609375,22432.849609375,22643.009765625,22231.150390625,22565.900390625,8606260000.0,48702.98046875,48702.98046875,49971.55078125,48661.51953125,49812.94921875,137400000.0,3411.0,3411.0,3493.0,3410.0,3485.0,2398700.0,23180.529296875,23180.529296875,23358.75,23085.380859375,23238.330078125,61389400.0,9552.2998046875,9552.2998046875,9675.599609375,9511.7001953125,9675.400390625,804147700.0,99.55000305175781,99.55000305175781,99.66000366210938,99.4000015258789,99.55999755859375,0.0,155.2729949951172,155.2729949951172,155.4949951171875,154.8350067138672,155.25,0.0,92948.875,92948.875,93745.078125,89300.4609375,92094.53125,101333569062.0
2025-11-19,4077.699951171875,4077.699951171875,4122.7001953125,4072.0,4086.10009765625,486.0,50.790000915527344,50.790000915527344,51.75,50.42499923706055,51.599998474121094,72.0,5.007999897003174,5.007999897003174,5.010499954223633,5.00600004196167,5.010000228881836,1148.0,1546.9000244140625,1546.9000244140625,1590.5,1546.9000244140625,1557.4000244140625,6.0,59.439998626708984,59.439998626708984,60.790000915527344,58.77000045776367,60.619998931884766,79622.0,63.5099983215332,63.5099983215332,64.86000061035156,62.869998931884766,64.7300033569336,38776.0,6642.16015625,6642.16015625,6689.75,6603.5,6625.83984375,5021610000.0,46138.76953125,46138.76953125,46299.12890625,45905.19140625,46138.6796875,555370000.0,22564.23046875,22564.23046875,22821.240234375,22385.220703125,22459.26953125,8434200000.0,48537.69921875,48537.69921875,49087.109375,48235.30078125,48822.87890625,136500000.0,3405.0,3405.0,3436.0,3385.0,3421.0,1665290.0,23162.919921875,23162.919921875,23379.359375,23105.55078125,23180.9296875,52349100.0,9507.400390625,9507.400390625,9568.5,9507.400390625,9552.2998046875,866995100.0,100.2300033569336,100.2300033569336,100.23999786376953,99.48999786376953,99.58000183105469,0.0,155.54800415039062,155.54800415039062,156.69900512695312,155.22000122070312,155.5240020751953,0.0,91465.9921875,91465.9921875,92946.1640625,88526.828125,92946.1640625,80350354656.0
2025-11-20,4056.5,4056.5,4090.39990234375,4040.199951171875,4045.0,202.0,50.24700164794922,50.24700164794922,50.349998474121094,50.005001068115234,50.349998474121094,10.0,4.959499835968018,4.959499835968018,4.998499870300293,4.940000057220459,4.980000019073486,969.0,1506.199951171875,1506.199951171875,1506.199951171875,1506.199951171875,1506.199951171875,0.0,59.13999938964844,59.13999938964844,60.33000183105469,58.86000061035156,59.630001068115234,324282.0,63.380001068115234,63.380001068115234,64.38999938964844,62.95000076293945,63.59000015258789,42345.0,6538.759765625,6538.759765625,6770.35009765625,6534.0498046875,6737.93017578125,5596080000.0,45752.26171875,45752.26171875,46856.75,45728.9296875,46567.51171875,721440000.0,22078.05078125,22078.05078125,23147.330078125,22043.19921875,23057.0,10548620000.0,49823.94140625,49823.94140625,50574.8203125,49113.390625,49129.2890625,139400000.0,3459.0,3459.0,3495.0,3454.0,3479.0,3013940.0,23278.849609375,23278.849609375,23512.490234375,23277.08984375,23387.419921875,47727200.0,9527.7001953125,9527.7001953125,9593.7998046875,9507.400390625,9507.400390625,808216600.0,100.16000366210938,100.16000366210938,100.36000061035156,100.02999877929688,100.16999816894531,0.0,156.99200439453125,156.99200439453125,157.88699340820312,156.87899780273438,156.99200439453125,0.0,86631.8984375,86631.8984375,93025.0703125,86040.796875,91459.3515625,97970645638.0
2025-11-21,4076.699951171875,4076.699951171875,4085.199951171875,4031.800048828125,4031.800048828125,171.0,49.87300109863281,49.87300109863281,49.94499969482422,48.125,49.849998474121094,22.0,5.008500099182129,5.008500099182129,5.013000011444092,4.920000076293945,4.920000076293945,616.0,1513.800048828125,1513.800048828125,1513.800048828125,1513.800048828125,1513.800048828125,0.0,58.060001373291016,58.060001373291016,58.79999923706055,57.380001068115234,58.79999923706055,345014.0,62.560001373291016,62.560001373291016,63.13999938964844,61.869998931884766,63.130001068115234,43029.0,6602.990234375,6602.990234375,6660.0498046875,6521.919921875,6555.77001953125,5929930000.0,46245.41015625,46245.41015625,46577.5,45781.578125,45808.6484375,790560000.0,22273.080078125,22273.080078125,22531.83984375,21898.2890625,22162.830078125,9931240000.0,48625.87890625,48625.87890625,49459.58984375,48490.03125,49251.26171875,212200000.0,3457.0,3457.0,3469.0,3410.0,3415.0,2130790.0,23091.869140625,23091.869140625,23256.26953125,22943.060546875,22963.169921875,68913200.0,9539.7001953125,9539.7001953125,9541.2001953125,9423.900390625,9527.7001953125,805279800.0,100.18000030517578,100.18000030517578,100.4000015258789,99.98999786376953,100.16000366210938,0.0,157.36900329589844,157.36900329589844,157.52699279785156,156.22500610351562,157.38299560546875,0.0,85090.6875,85090.6875,87380.8046875,80659.8125,86528.7734375,129157506112.0
2025-11-22,4076.699951171875,4076.699951171875,4085.199951171875,4031.800048828125,4031.800048828125,171.0,49.87300109863281,49.87300109863281,49.94499969482422,48.125,49.849998474121094,22.0,5.008500099182129,5.008500099182129,5.013000011444092,4.920000076293945,4.920000076293945,616.0,1513.800048828125,1513.800048828125,1513.800048828125,1513.800048828125,1513.800048828125,0.0,58.060001373291016,58.060001373291016,58.79999923706055,57.380001068115234,58.79999923706055,345014.0,62.560001373291016,62.560001373291016,63.13999938964844,61.869998931884766,63.130001068115234,43029.0,6602.990234375,6602.990234375,6660.0498046875,6521.919921875,6555.77001953125,5929930000.0,46245.41015625,46245.41015625,46577.5,45781.578125,45808.6484375,790560000.0,22273.080078125,22273.080078125,22531.83984375,21898.2890625,22162.830078125,9931240000.0,48625.87890625,48625.87890625,49459.58984375,48490.03125,49251.26171875,212200000.0,3457.0,3457.0,3469.0,3410.0,3415.0,2130790.0,23091.869140625,23091.869140625,23256.26953125,22943.060546875,22963.169921875,68913200.0,9539.7001953125,9539.7001953125,9541.2001953125,9423.900390625,9527.7001953125,805279800.0,100.18000030517578,100.18000030517578,100.4000015258789,99.98999786376953,100.16000366210938,0.0,157.36900329589844,157.36900329589844,157.52699279785156,156.22500610351562,157.38299560546875,0.0,84648.359375,84648.359375,85503.0078125,83490.8984375,85098.5625,40793099246.0
2025-11-23,4076.699951171875,4076.699951171875,4085.199951171875,4031.800048828125,4031.800048828125,171.0,49.87300109863281,49.87300109863281,49.94499969482422,48.125,49.849998474121094,22.0,5.008500099182129,5.008500099182129,5.013000011444092,4.920000076293945,4.920000076293945,616.0,1513.800048828125,1513.800048828125,1513.800048828125,1513.800048828125,1513.800048828125,0.0,58.060001373291016,58.060001373291016,58.79999923706055,57.380001068115234,58.79999923706055,345014.0,62.560001373291016,62.560001373291016,63.13999938964844,61.869998931884766,63.130001068115234,43029.0,6602.990234375,6602.990234375,6660.0498046875,6521.919921875,6555.77001953125,5929930000.0,46245.41015625,46245.41015625,46577.5,45781.578125,45808.6484375,790560000.0,22273.080078125,22273.080078125,22531.83984375,21898.2890625,22162.830078125,9931240000.0,48625.87890625,48625.87890625,49459.58984375,48490.03125,49251.26171875,212200000.0,3457.0,3457.0,3469.0,3410.0,3415.0,2130790.0,23091.869140625,23091.869140625,23256.26953125,22943.060546875,22963.169921875,68913200.0,9539.7001953125,9539.7001953125,9541.2001953125,9423.900390625,9527.7001953125,805279800.0,100.18000030517578,100.18000030517578,100.4000015258789,99.98999786376953,100.16000366210938,0.0,157.36900329589844,157.36900329589844,157.52699279785156,156.22500610351562,157.38299560546875,0.0,86805.0078125,86805.0078125,88038.46875,84641.7734375,84648.609375,58083435576.0
2025-11-24,4091.89990234375,4091.89990234375,4091.89990234375,4060.5,4060.5,591.0,50.29499816894531,50.29499816894531,50.29499816894531,49.595001220703125,49.595001220703125,35.0,4.961999893188477,4.961999893188477,4.974999904632568,4.956999778747559,4.973999977111816,1045.0,1542.5,1542.5,1542.5,1542.5,1542.5,0.0,58.84000015258789,58.84000015258789,59.060001373291016,57.41999816894531,58.04999923706055,238138.0,63.369998931884766,63.369998931884766,63.529998779296875,61.93000030517578,62.560001373291016,30888.0,6705.1201171875,6705.1201171875,6715.75,6630.7001953125,6636.5400390625,6039740000.0,46448.26953125,46448.26953125,46587.7109375,46108.01171875,46351.9296875,743580000.0,22872.009765625,22872.009765625,22916.400390625,22478.26953125,22482.16015625,9232160000.0,48625.87890625,48625.87890625,49459.58984375,48490.03125,49251.26171875,212200000.0,3457.0,3457.0,3469.0,3410.0,3415.0,2130790.0,23239.1796875,23239.1796875,23392.220703125,23149.69921875,23280.3203125,129335900.0,9534.900390625,9534.900390625,9592.599609375,9524.7001953125,9539.7001953125,1668886000.0,100.13999938964844,100.13999938964844,100.30000305175781,100.01000213623047,100.19999694824219,0.0,156.68800354003906,156.68800354003906,157.1699981689453,156.49899291992188,156.66200256347656,0.0,88270.5625,88270.5625,89206.3359375,85272.1953125,86798.7734375,74433896110.0
2025-11-25,4139.2001953125,4139.2001953125,4139.2001953125,4139.2001953125,4139.2001953125,132704.0,50.933998107910156,50.933998107910156,51.130001068115234,50.814998626708984,50.845001220703125,49588.0,4.999499797821045,4.999499797821045,5.002999782562256,4.994999885559082,5.002999782562256,41200.0,1556.9000244140625,1556.9000244140625,1556.9000244140625,1556.9000244140625,1556.9000244140625,149.0,57.95000076293945,57.95000076293945,58.959999084472656,57.099998474121094,58.88999938964844,334442.0,62.47999954223633,62.47999954223633,63.40999984741211,61.61000061035156,63.40999984741211,26580.0,6765.8798828125,6765.8798828125,6776.39990234375,6659.97998046875,6697.02978515625,5003330000.0,47112.44921875,47112.44921875,47182.8984375,46341.3515625,46482.359375,648860000.0,23025.58984375,23025.58984375,23070.08984375,22587.109375,22802.849609375,8498500000.0,48659.51953125,48659.51953125,49182.3203125,48511.94921875,49113.8203125,144500000.0,3451.0,3451.0,3491.0,3439.0,3490.0,2119810.0,23464.630859375,23464.630859375,23487.23046875,23139.26953125,23254.4609375,50045500.0,9609.5,9609.5,9615.599609375,9521.5,9534.900390625,785920000.0,99.66000366210938,99.66000366210938,100.26000213623047,99.6500015258789,100.20999908447266,0.0,156.93899536132812,156.93899536132812,156.97000122070312,155.91400146484375,156.8780059814453,0.0,87341.890625,87341.890625,88457.3359375,86131.4296875,88269.9609375,64837343545.0
2025-11-26,4165.2001953125,4165.2001953125,4171.0,4127.5,4128.60009765625,25088.0,52.91600036621094,52.91600036621094,53.095001220703125,50.959999084472656,51.10499954223633,14378.0,5.104499816894531,5.104499816894531,5.119999885559082,5.015999794006348,5.020500183105469,11335.0,1578.9000244140625,1578.9000244140625,1591.0,1552.4000244140625,1552.4000244140625,42.0,58.650001525878906,58.650001525878906,58.720001220703125,57.65999984741211,58.04999923706055,228285.0,63.130001068115234,63.130001068115234,63.20000076293945,62.119998931884766,62.599998474121094,21288.0,6812.60986328125,6812.60986328125,6831.43994140625,6783.8701171875,6793.5498046875,4485000000.0,47427.12109375,47427.12109375,47571.3984375,47196.1484375,47196.1484375,454980000.0,23214.689453125,23214.689453125,23280.580078125,23074.390625,23163.189453125,7291400000.0,49559.0703125,49559.0703125,49749.58984375,48964.19140625,49012.25,134100000.0,3520.0,3520.0,3525.0,3475.0,3479.0,2509360.0,23726.220703125,23726.220703125,23727.25,23445.279296875,23585.259765625,45525300.0,9691.599609375,9691.599609375,9704.2998046875,9593.2998046875,9609.599609375,1115421300.0,99.5999984741211,99.5999984741211,99.95999908447266,99.55999755859375,99.83999633789062,0.0,156.22999572753906,156.22999572753906,156.7220001220703,155.67100524902344,156.16900634765625,0.0,90518.3671875,90518.3671875,90581.15625,86316.8984375,87345.5859375,66496301869.0
2025-11-27,4165.2001953125,4165.2001953125,4171.0,4127.5,4128.60009765625,25088.0,52.91600036621094,52.91600036621094,53.095001220703125,50.959999084472656,51.10499954223633,14378.0,5.104499816894531,5.104499816894531,5.119999885559082,5.015999794006348,5.020500183105469,11335.0,1578.9000244140625,1578.9000244140625,1591.0,1552.4000244140625,1552.4000244140625,42.0,58.650001525878906,58.650001525878906,58.720001220703125,57.65999984741211,58.04999923706055,228285.0,63.130001068115234,63.130001068115234,63.20000076293945,62.119998931884766,62.599998474121094,21288.0,6812.60986328125,6812.60986328125,6831.43994140625,6783.8701171875,6793.5498046875,4485000000.0,47427.12109375,47427.12109375,47571.3984375,47196.1484375,47196.1484375,454980000.0,23214.689453125,23214.689453125,23280.580078125,23074.390625,23163.189453125,7291400000.0,50167.1015625,50167.1015625,50322.140625,49865.171875,49868.7890625,99300000.0,3531.0,3531.0,3545.0,3528.0,3537.0,2348300.0,23767.9609375,23767.9609375,23830.970703125,23708.419921875,23732.810546875,31160000.0,9693.900390625,9693.900390625,9699.7998046875,9658.900390625,9691.599609375,768475200.0,99.5999984741211,99.5999984741211,99.95999908447266,99.55999755859375,99.83999633789062,0.0,156.23899841308594,156.23899841308594,156.4010009765625,155.7220001220703,156.21200561523438,0.0,91285.375,91285.375,91897.578125,90089.515625,90517.765625,57040622845.0
2025-11-28,4218.2998046875,4218.2998046875,4223.89990234375,4140.0,4163.39990234375,3615.0,56.44599914550781,56.44599914550781,56.45500183105469,52.54999923706055,53.07500076293945,2541.0,5.185500144958496,5.185500144958496,5.215000152587891,5.054999828338623,5.119500160217285,1349.0,1677.699951171875,1677.699951171875,1677.699951171875,1677.699951171875,1677.699951171875,0.0,58.54999923706055,58.54999923706055,59.63999938964844,58.27000045776367,58.58000183105469,153758.0,63.20000076293945,63.20000076293945,63.459999084472656,62.810001373291016,63.0099983215332,31795.0,6849.08984375,6849.08984375,6850.85986328125,6819.75,6822.52001953125,2558540000.0,47716.421875,47716.421875,47750.76953125,47475.609375,47482.25,272500000.0,23365.689453125,23365.689453125,23365.7890625,23250.509765625,23291.58984375,4541070000.0,50253.91015625,50253.91015625,50258.25,49989.5390625,50218.9609375,98200000.0,3542.0,3542.0,3546.0,3525.0,3527.0,1175370.0,23836.7890625,23836.7890625,23883.98046875,23720.560546875,23780.75,37179100.0,9720.5,9720.5,9740.2001953125,9694.0,9694.0,537586900.0,99.45999908447266,99.45999908447266,99.81999969482422,99.37999725341797,99.56999969482422,0.0,156.28399658203125,156.28399658203125,156.57400512695312,155.97799682617188,156.28700256347656,0.0,90919.265625,90919.265625,92969.0859375,90257.1171875,91285.3828125,60895830289.0
2025-11-29,4218.2998046875,4218.2998046875,4223.89990234375,4140.0,4163.39990234375,3615.0,56.44599914550781,56.44599914550781,56.45500183105469,52.54999923706055,53.07500076293945,2541.0,5.185500144958496,5.185500144958496,5.215000152587891,5.054999828338623,5.119500160217285,1349.0,1677.699951171875,1677.699951171875,1677.699951171875,1677.699951171875,1677.699951171875,0.0,58.54999923706055,58.54999923706055,59.63999938964844,58.27000045776367,58.58000183105469,153758.0,63.20000076293945,63.20000076293945,63.459999084472656,62.810001373291016,63.0099983215332,31795.0,6849.08984375,6849.08984375,6850.85986328125,6819.75,6822.52001953125,2558540000.0,47716.421875,47716.421875,47750.76953125,47475.609375,47482.25,272500000.0,23365.689453125,23365.689453125,23365.7890625,23250.509765625,23291.58984375,4541070000.0,50253.91015625,50253.91015625,50258.25,49989.5390625,50218.9609375,98200000.0,3542.0,3542.0,3546.0,3525.0,3527.0,1175370.0,23836.7890625,23836.7890625,23883.98046875,23720.560546875,23780.75,37179100.0,9720.5,9720.5,9740.2001953125,9694.0,9694.0,537586900.0,99.45999908447266,99.45999908447266,99.81999969482422,99.37999725341797,99.56999969482422,0.0,156.28399658203125,156.28399658203125,156.57400512695312,155.97799682617188,156.28700256347656,0.0,90851.7578125,90851.7578125,91187.6171875,90260.1875,90918.7421875,37921773455.0
2025-11-30,4218.2998046875,4218.2998046875,4223.89990234375,4140.0,4163.39990234375,3615.0,56.44599914550781,56.44599914550781,56.45500183105469,52.54999923706055,53.07500076293945,2541.0,5.185500144958496,5.185500144958496,5.215000152587891,5.054999828338623,5.119500160217285,1349.0,1677.699951171875,1677.699951171875,1677.699951171875,1677.699951171875,1677.699951171875,0.0,58.54999923706055,58.54999923706055,59.63999938964844,58.27000045776367,58.58000183105469,153758.0,63.20000076293945,63.20000076293945,63.459999084472656,62.810001373291016,63.0099983215332,31795.0,6849.08984375,6849.08984375,6850.85986328125,6819.75,6822.52001953125,2558540000.0,47716.421875,47716.421875,47750.76953125,47475.609375,47482.25,272500000.0,23365.689453125,23365.689453125,23365.7890625,23250.509765625,23291.58984375,4541070000.0,50253.91015625,50253.91015625,50258.25,49989.5390625,50218.9609375,98200000.0,3542.0,3542.0,3546.0,3525.0,3527.0,1175370.0,23836.7890625,23836.7890625,23883.98046875,23720.560546875,23780.75,37179100.0,9720.5,9720.5,9740.2001953125,9694.0,9694.0,537586900.0,99.45999908447266,99.45999908447266,99.81999969482422,99.37999725341797,99.56999969482422,0.0,156.28399658203125,156.28399658203125,156.57400512695312,155.97799682617188,156.28700256347656,0.0,90394.3125,90394.3125,91965.046875,90394.3125,90838.2109375,38497902869.0
2025-12-01,4239.2998046875,4239.2998046875,4262.10009765625,4214.89990234375,4218.5,913.0,58.417999267578125,58.417999267578125,58.474998474121094,56.13999938964844,56.220001220703125,994.0,5.218999862670898,5.218999862670898,5.28000020980835,5.185999870300293,5.210000038146973,1396.0,1670.0999755859375,1670.0999755859375,1670.0999755859375,1670.0999755859375,1670.0999755859375,0.0,59.31999969482422,59.31999969482422,59.970001220703125,58.83000183105469,58.959999084472656,232770.0,63.16999816894531,63.16999816894531,63.810001373291016,62.689998626708984,62.689998626708984,31203.0,6812.6298828125,6812.6298828125,6843.64990234375,6799.93994140625,6812.2998046875,4549370000.0,47289.328125,47289.328125,47676.03125,47271.109375,47580.8515625,482190000.0,23275.919921875,23275.919921875,23363.849609375,23110.2109375,23172.33984375,7859560000.0,49303.28125,49303.28125,50366.73828125,49215.9609375,50318.58984375,118200000.0,3501.0,3501.0,3547.0,3497.0,3542.0,5839810.0,23589.439453125,23589.439453125,23734.19921875,23433.48046875,23731.2890625,48999700.0,9702.5,9702.5,9735.400390625,9686.900390625,9720.599609375,823282000.0,99.41000366210938,99.41000366210938,99.51000213623047,99.01000213623047,99.4800033569336,0.0,155.92799377441406,155.92799377441406,155.91099548339844,154.68600463867188,155.88699340820312,0.0,86321.5703125,86321.5703125,90398.15625,83862.25,90389.109375,87962894424.0
2025-12-02,4186.60009765625,4186.60009765625,4230.5,4167.0,4230.5,366.0,57.983001708984375,57.983001708984375,58.459999084472656,56.58000183105469,57.66999816894531,392.0,5.160999774932861,5.160999774932861,5.227499961853027,5.1479997634887695,5.173999786376953,1740.0,1644.0,1644.0,1644.0,1644.0,1644.0,0.0,58.63999938964844,58.63999938964844,59.66999816894531,58.279998779296875,59.52000045776367,255513.0,62.45000076293945,62.45000076293945,63.43000030517578,62.16999816894531,63.29999923706055,39539.0,6829.3701171875,6829.3701171875,6851.5498046875,6806.7099609375,6830.9599609375,4582290000.0,47474.4609375,47474.4609375,47597.109375,47263.921875,47416.91015625,510900000.0,23413.669921875,23413.669921875,23526.23046875,23286.4609375,23379.75,7588580000.0,49303.44921875,49303.44921875,49636.7890625,49243.55078125,49494.578125,127100000.0,3501.0,3501.0,3522.0,3497.0,3509.0,1895160.0,23710.859375,23710.859375,23792.05078125,23607.69921875,23637.490234375,50968100.0,9701.7998046875,9701.7998046875,9744.7998046875,9682.2998046875,9702.5,654140300.0,99.36000061035156,99.36000061035156,99.56999969482422,99.31999969482422,99.44999694824219,0.0,155.5570068359375,155.5570068359375,156.17100524902344,155.45899963378906,155.5469970703125,0.0,91350.203125,91350.203125,92316.6328125,86202.1953125,86322.5390625,78546798211.0
2025-12-03,4199.2998046875,4199.2998046875,4234.10009765625,4195.7001953125,4215.7001953125,1897.0,57.92100143432617,57.92100143432617,58.900001525878906,57.650001525878906,58.78499984741211,264.0,5.308000087738037,5.308000087738037,5.35099983215332,5.1620001792907715,5.1620001792907715,1005.0,1656.5,1656.5,1656.5,1656.5,1656.5,0.0,58.95000076293945,58.95000076293945,59.63999938964844,58.369998931884766,58.650001525878906,260974.0,62.66999816894531,62.66999816894531,63.349998474121094,62.16999816894531,62.43000030517578,40622.0,6849.72021484375,6849.72021484375,6862.419921875,6810.43017578125,6815.2900390625,4736780000.0,47882.8984375,47882.8984375,47969.640625,47371.62109375,47371.62109375,490380000.0,23454.08984375,23454.08984375,23499.9296875,23271.830078125,23315.580078125,7962730000.0,49864.6796875,49864.6796875,50138.6015625,49521.23046875,49540.640625,119500000.0,3496.0,3496.0,3515.0,3489.0,3506.0,1199300.0,23693.7109375,23693.7109375,23838.05078125,23646.4296875,23788.8203125,51721300.0,9692.099609375,9692.099609375,9711.2998046875,9677.7001953125,9701.7998046875,750194100.0,98.8499984741211,98.8499984741211,99.29000091552734,98.81999969482422,99.27999877929688,0.0,155.8070068359375,155.8070068359375,155.7949981689453,155.00999450683594,155.74899291992188,0.0,93527.8046875,93527.8046875,94060.7734375,91056.390625,91345.09375,77650204986.0
2025-12-04,4211.7998046875,4211.7998046875,4211.7998046875,4175.0,4211.0,616.0,56.84700012207031,56.84700012207031,58.29999923706055,56.29999923706055,58.29999923706055,335.0,5.291500091552734,5.291500091552734,5.3125,5.232999801635742,5.308000087738037,1491.0,1654.4000244140625,1654.4000244140625,1654.4000244140625,1654.4000244140625,1654.4000244140625,0.0,59.66999816894531,59.66999816894531,60.02000045776367,58.810001373291016,59.09000015258789,264993.0,63.2599983215332,63.2599983215332,63.61000061035156,62.529998779296875,62.7599983215332,32164.0,6857.1201171875,6857.1201171875,6866.47021484375,6827.1201171875,6866.47021484375,4872440000.0,47850.94140625,47850.94140625,48049.71875,47692.9609375,47888.16015625,498740000.0,23505.140625,23505.140625,23528.529296875,23372.330078125,23527.30078125,7456860000.0,51028.421875,51028.421875,51028.421875,49910.05859375,49942.94140625,127300000.0,3566.0,3566.0,3567.0,3500.0,3501.0,2957180.0,23882.029296875,23882.029296875,23930.51953125,23797.7109375,23836.23046875,52994000.0,9710.900390625,9710.900390625,9727.599609375,9674.7998046875,9692.099609375,899242300.0,98.98999786376953,98.98999786376953,99.08000183105469,98.7699966430664,98.91999816894531,0.0,155.10699462890625,155.10699462890625,155.52999877929688,154.5189971923828,155.0970001220703,0.0,92141.625,92141.625,94038.2421875,90976.1015625,93454.2578125,64538402681.0
2025-12-05,4212.89990234375,4212.89990234375,4255.7001953125,4194.5,4204.10009765625,533.0,58.422000885009766,58.422000885009766,58.470001220703125,56.834999084472656,56.834999084472656,284.0,5.381999969482422,5.381999969482422,5.400000095367432,5.269499778747559,5.281000137329102,949.0,1655.0,1655.0,1655.0,1655.0,1655.0,0.0,60.08000183105469,60.08000183105469,60.5,59.41999816894531,59.70000076293945,255075.0,63.75,63.75,64.08000183105469,63.06999969482422,63.29999923706055,26349.0,6870.39990234375,6870.39990234375,6895.77978515625,6858.2900390625,6866.31982421875,4944560000.0,47954.98828125,47954.98828125,48133.5390625,47871.51171875,47879.6015625,456100000.0,23578.130859375,23578.130859375,23680.029296875,23506.0,23567.76953125,8248280000.0,50491.87109375,50491.87109375,50634.8515625,50215.41015625,50530.33984375,119300000.0,3522.0,3522.0,3535.0,3511.0,3528.0,1611350.0,24028.140625,24028.140625,24130.919921875,23929.259765625,23942.73046875,46889600.0,9667.0,9667.0,9738.2998046875,9667.0,9710.900390625,592674800.0,98.98999786376953,98.98999786376953,99.12999725341797,98.80999755859375,99.04000091552734,0.0,155.14199829101562,155.14199829101562,155.48199462890625,154.3520050048828,155.1020050048828,0.0,89387.7578125,89387.7578125,92702.640625,88152.140625,92133.6484375,63256398633.0
2025-12-06,4212.89990234375,4212.89990234375,4255.7001953125,4194.5,4204.10009765625,533.0,58.422000885009766,58.422000885009766,58.470001220703125,56.834999084472656,56.834999084472656,284.0,5.381999969482422,5.381999969482422,5.400000095367432,5.269499778747559,5.281000137329102,949.0,1655.0,1655.0,1655.0,1655.0,1655.0,0.0,60.08000183105469,60.08000183105469,60.5,59.41999816894531,59.70000076293945,255075.0,63.75,63.75,64.08000183105469,63.06999969482422,63.29999923706055,26349.0,6870.39990234375,6870.39990234375,6895.77978515625,6858.2900390625,6866.31982421875,4944560000.0,47954.98828125,47954.98828125,48133.5390625,47871.51171875,47879.6015625,456100000.0,23578.130859375,23578.130859375,23680.029296875,23506.0,23567.76953125,8248280000.0,50491.87109375,50491.87109375,50634.8515625,50215.41015625,50530.33984375,119300000.0,3522.0,3522.0,3535.0,3511.0,3528.0,1611350.0,24028.140625,24028.140625,24130.919921875,23929.259765625,23942.73046875,46889600.0,9667.0,9667.0,9738.2998046875,9667.0,9710.900390625,592674800.0,98.98999786376953,98.98999786376953,99.12999725341797,98.80999755859375,99.04000091552734,0.0,155.14199829101562,155.14199829101562,155.48199462890625,154.3520050048828,155.1020050048828,0.0,89272.375,89272.375,90267.4609375,88951.6640625,89389.359375,37994042405.0
2025-12-07,4212.89990234375,4212.89990234375,4255.7001953125,4194.5,4204.10009765625,533.0,58.422000885009766,58.422000885009766,58.470001220703125,56.834999084472656,56.834999084472656,284.0,5.381999969482422,5.381999969482422,5.400000095367432,5.269499778747559,5.281000137329102,949.0,1655.0,1655.0,1655.0,1655.0,1655.0,0.0,60.08000183105469,60.08000183105469,60.5,59.41999816894531,59.70000076293945,255075.0,63.75,63.75,64.08000183105469,63.06999969482422,63.29999923706055,26349.0,6870.39990234375,6870.39990234375,6895.77978515625,6858.2900390625,6866.31982421875,4944560000.0,47954.98828125,47954.98828125,48133.5390625,47871.51171875,47879.6015625,456100000.0,23578.130859375,23578.130859375,23680.029296875,23506.0,23567.76953125,8248280000.0,50491.87109375,50491.87109375,50634.8515625,50215.41015625,50530.33984375,119300000.0,3522.0,3522.0,3535.0,3511.0,3528.0,1611350.0,24028.140625,24028.140625,24130.919921875,23929.259765625,23942.73046875,46889600.0,9667.0,9667.0,9738.2998046875,9667.0,9710.900390625,592674800.0,98.98999786376953,98.98999786376953,99.12999725341797,98.80999755859375,99.04000091552734,0.0,155.14199829101562,155.14199829101562,155.48199462890625,154.3520050048828,155.1020050048828,0.0,90405.640625,90405.640625,91740.84375,87799.5625,89277.8125,47394898960.0
2025-12-08,4187.2001953125,4187.2001953125,4215.7998046875,4175.5,4205.5,318.0,57.77899932861328,57.77899932861328,58.34000015258789,57.52000045776367,58.209999084472656,518.0,5.364500045776367,5.364500045776367,5.376999855041504,5.316999912261963,5.373000144958496,621.0,1655.0,1655.0,1655.0,1655.0,1655.0,0.0,58.880001068115234,58.880001068115234,60.29999923706055,58.68000030517578,60.150001525878906,263009.0,62.4900016784668,62.4900016784668,63.959999084472656,62.349998474121094,63.900001525878906,38815.0,6846.509765625,6846.509765625,6878.27001953125,6827.18994140625,6875.2001953125,4757130000.0,47739.3203125,47739.3203125,47971.51171875,47611.9296875,47971.51171875,505490000.0,23545.900390625,23545.900390625,23698.9296875,23455.05078125,23638.220703125,8533670000.0,50581.94140625,50581.94140625,50678.05078125,50224.6484375,50643.08984375,104400000.0,3550.0,3550.0,3550.0,3518.0,3536.0,1589030.0,24046.009765625,24046.009765625,24116.990234375,23985.279296875,24015.970703125,46456700.0,9645.099609375,9645.099609375,9692.400390625,9629.2001953125,9667.099609375,777520000.0,99.08999633789062,99.08999633789062,99.2300033569336,98.79000091552734,98.97000122070312,0.0,155.33999633789062,155.33999633789062,155.97500610351562,154.9029998779297,155.30299377441406,0.0,90640.203125,90640.203125,92267.1171875,89644.890625,90424.5859375,57394099056.0
2025-12-09,4206.7001953125,4206.7001953125,4219.7001953125,4177.7001953125,4190.7001953125,660.0,60.16899871826172,60.16899871826172,60.52000045776367,57.6150016784668,57.6150016784668,324.0,5.240499973297119,5.240499973297119,5.33650016784668,5.236999988555908,5.33650016784668,440.0,1695.0999755859375,1695.0999755859375,1695.0999755859375,1695.0999755859375,1695.0999755859375,0.0,58.25,58.25,59.16999816894531,58.119998931884766,58.869998931884766,260206.0,61.939998626708984,61.939998626708984,62.779998779296875,61.83000183105469,62.5,32575.0,6840.509765625,6840.509765625,6864.919921875,6837.43017578125,6840.60986328125,4508050000.0,47560.2890625,47560.2890625,47957.7890625,47533.6015625,47724.51953125,425470000.0,23576.490234375,23576.490234375,23616.4609375,23449.73046875,23504.609375,7192600000.0,50655.1015625,50655.1015625,50793.69140625,50417.109375,50677.359375,107100000.0,3548.0,3548.0,3562.0,3541.0,3554.0,1711480.0,24162.650390625,24162.650390625,24186.919921875,24092.5,24094.990234375,49105800.0,9642.0,9642.0,9673.2001953125,9630.900390625,9645.099609375,787104800.0,99.22000122070312,99.22000122070312,99.30999755859375,98.94999694824219,99.05000305175781,0.0,155.843994140625,155.843994140625,156.9149932861328,155.75,155.83900451660156,0.0,92691.7109375,92691.7109375,94601.5703125,89586.9765625,90639.703125,66861721440.0
2025-12-10,4196.39990234375,4196.39990234375,4234.5,4183.60009765625,4209.0,692.0,60.37900161743164,60.37900161743164,61.529998779296875,60.1150016784668,60.56999969482422,462.0,5.2754998207092285,5.2754998207092285,5.323999881744385,5.247499942779541,5.247499942779541,948.0,1641.800048828125,1641.800048828125,1641.800048828125,1641.800048828125,1641.800048828125,0.0,58.459999084472656,58.459999084472656,59.04999923706055,57.65999984741211,58.369998931884766,256508.0,62.209999084472656,62.209999084472656,62.72999954223633,61.349998474121094,62.13999938964844,45191.0,6886.68017578125,6886.68017578125,6900.669921875,6824.68994140625,6833.490234375,5526570000.0,48057.75,48057.75,48197.30078125,47462.94140625,47573.9609375,545610000.0,23654.150390625,23654.150390625,23704.080078125,23435.169921875,23536.0,7987900000.0,50602.80078125,50602.80078125,51107.76953125,50329.26953125,50878.66015625,125100000.0,3552.0,3552.0,3574.0,3540.0,3561.0,1265780.0,24130.140625,24130.140625,24168.720703125,24001.4296875,24131.390625,47603300.0,9655.5,9655.5,9689.5,9622.7001953125,9642.0,932473800.0,98.79000091552734,98.79000091552734,99.26000213623047,98.58999633789062,99.22000122070312,0.0,156.83799743652344,156.83799743652344,156.91799926757812,156.322998046875,156.79800415039062,0.0,92020.9453125,92020.9453125,94477.15625,91640.1328125,92695.234375,65420694513.0
2025-12-11,4285.5,4285.5,4286.89990234375,4214.2998046875,4224.0,528.0,63.92900085449219,63.92900085449219,63.92900085449219,61.875,61.974998474121094,408.0,5.427000045776367,5.427000045776367,5.438499927520752,5.328000068664551,5.334000110626221,990.0,1707.800048828125,1707.800048828125,1707.800048828125,1707.800048828125,1707.800048828125,0.0,57.599998474121094,57.599998474121094,58.939998626708984,57.0099983215332,58.90999984741211,286808.0,61.279998779296875,61.279998779296875,62.619998931884766,60.75,62.619998931884766,48635.0,6901.0,6901.0,6903.4599609375,6833.4501953125,6861.2998046875,5021060000.0,48704.01171875,48704.01171875,48756.33984375,48082.8984375,48082.8984375,493950000.0,23593.859375,23593.859375,23606.69921875,23308.94921875,23509.220703125,8337770000.0,50148.8203125,50148.8203125,50875.98046875,49926.26953125,50818.390625,109900000.0,3525.0,3525.0,3578.0,3516.0,3574.0,2230780.0,24294.609375,24294.609375,24364.009765625,24007.98046875,24055.169921875,52093700.0,9703.2001953125,9703.2001953125,9715.2998046875,9635.2998046875,9655.599609375,637684000.0,98.3499984741211,98.3499984741211,98.76000213623047,98.12999725341797,98.55999755859375,0.0,155.7899932861328,155.7899932861328,156.1439971923828,154.94500732421875,155.74400329589844,0.0,92511.3359375,92511.3359375,93554.265625,89335.296875,92011.3046875,64532834621.0
2025-12-12,4300.10009765625,4300.10009765625,4355.0,4260.0,4276.39990234375,1531.0,61.36199951171875,61.36199951171875,63.55500030517578,60.665000915527344,63.06999969482422,435.0,5.2835001945495605,5.2835001945495605,5.435500144958496,5.210000038146973,5.423999786376953,1213.0,1757.0999755859375,1757.0999755859375,1757.0999755859375,1757.0999755859375,1757.0999755859375,0.0,57.439998626708984,57.439998626708984,58.189998626708984,57.150001525878906,57.88999938964844,212806.0,61.119998931884766,61.119998931884766,61.849998474121094,60.810001373291016,61.599998474121094,42931.0,6827.41015625,6827.41015625,6899.85009765625,6801.7900390625,6886.85009765625,4910160000.0,48458.05078125,48458.05078125,48886.859375,48334.1015625,48714.75,495830000.0,23195.169921875,23195.169921875,23554.890625,23094.509765625,23488.869140625,8724070000.0,50836.55078125,50836.55078125,51127.69140625,50457.421875,50480.23046875,152200000.0,3593.0,3593.0,3597.0,3554.0,3560.0,2486250.0,24186.490234375,24186.490234375,24474.619140625,24173.279296875,24368.939453125,45470300.0,9649.0,9649.0,9761.5,9639.2998046875,9703.2001953125,601108600.0,98.4000015258789,98.4000015258789,98.52999877929688,98.30000305175781,98.31999969482422,0.0,155.56700134277344,155.56700134277344,156.1219940185547,155.46099853515625,155.4770050048828,0.0,90270.4140625,90270.4140625,92747.9296875,89532.6015625,92513.6640625,80275884583.0
2025-12-13,4300.10009765625,4300.10009765625,4355.0,4260.0,4276.39990234375,1531.0,61.36199951171875,61.36199951171875,63.55500030517578,60.665000915527344,63.06999969482422,435.0,5.2835001945495605,5.2835001945495605,5.435500144958496,5.210000038146973,5.423999786376953,1213.0,1757.0999755859375,1757.0999755859375,1757.0999755859375,1757.0999755859375,1757.0999755859375,0.0,57.439998626708984,57.439998626708984,58.189998626708984,57.150001525878906,57.88999938964844,212806.0,61.119998931884766,61.119998931884766,61.849998474121094,60.810001373291016,61.599998474121094,42931.0,6827.41015625,6827.41015625,6899.85009765625,6801.7900390625,6886.85009765625,4910160000.0,48458.05078125,48458.05078125,48886.859375,48334.1015625,48714.75,495830000.0,23195.169921875,23195.169921875,23554.890625,23094.509765625,23488.869140625,8724070000.0,50836.55078125,50836.55078125,51127.69140625,50457.421875,50480.23046875,152200000.0,3593.0,3593.0,3597.0,3554.0,3560.0,2486250.0,24186.490234375,24186.490234375,24474.619140625,24173.279296875,24368.939453125,45470300.0,9649.0,9649.0,9761.5,9639.2998046875,9703.2001953125,601108600.0,98.4000015258789,98.4000015258789,98.52999877929688,98.30000305175781,98.31999969482422,0.0,155.56700134277344,155.56700134277344,156.1219940185547,155.46099853515625,155.4770050048828,0.0,90298.7109375,90298.7109375,90647.5703125,89800.9921875,90257.796875,64237748110.0
2025-12-14,4300.10009765625,4300.10009765625,4355.0,4260.0,4276.39990234375,1531.0,61.36199951171875,61.36199951171875,63.55500030517578,60.665000915527344,63.06999969482422,435.0,5.2835001945495605,5.2835001945495605,5.435500144958496,5.210000038146973,5.423999786376953,1213.0,1757.0999755859375,1757.0999755859375,1757.0999755859375,1757.0999755859375,1757.0999755859375,0.0,57.439998626708984,57.439998626708984,58.189998626708984,57.150001525878906,57.88999938964844,212806.0,61.119998931884766,61.119998931884766,61.849998474121094,60.810001373291016,61.599998474121094,42931.0,6827.41015625,6827.41015625,6899.85009765625,6801.7900390625,6886.85009765625,4910160000.0,48458.05078125,48458.05078125,48886.859375,48334.1015625,48714.75,495830000.0,23195.169921875,23195.169921875,23554.890625,23094.509765625,23488.869140625,8724070000.0,50836.55078125,50836.55078125,51127.69140625,50457.421875,50480.23046875,152200000.0,3593.0,3593.0,3597.0,3554.0,3560.0,2486250.0,24186.490234375,24186.490234375,24474.619140625,24173.279296875,24368.939453125,45470300.0,9649.0,9649.0,9761.5,9639.2998046875,9703.2001953125,601108600.0,98.4000015258789,98.4000015258789,98.52999877929688,98.30000305175781,98.31999969482422,0.0,155.56700134277344,155.56700134277344,156.1219940185547,155.46099853515625,155.4770050048828,0.0,88175.1796875,88175.1796875,90498.109375,87634.9375,90296.4375,50465972205.0
2025-12-15,4306.7001953125,4306.7001953125,4349.2001953125,4292.89990234375,4308.2998046875,854.0,62.939998626708984,62.939998626708984,62.95000076293945,61.22999954223633,61.22999954223633,387.0,5.338500022888184,5.338500022888184,5.409999847412109,5.273499965667725,5.273499965667725,1068.0,1810.5,1810.5,1810.5,1810.0,1810.5,1.0,56.81999969482422,56.81999969482422,57.79999923706055,56.400001525878906,57.5,229310.0,60.560001373291016,60.560001373291016,61.5,60.130001068115234,61.15999984741211,42976.0,6816.509765625,6816.509765625,6861.58984375,6801.490234375,6860.18994140625,4975600000.0,48416.55859375,48416.55859375,48679.140625,48283.26953125,48594.359375,516630000.0,23057.41015625,23057.41015625,23345.560546875,23012.0,23330.0390625,8649240000.0,50168.109375,50168.109375,50432.1015625,49965.6796875,50352.08984375,121900000.0,3606.0,3606.0,3606.0,3573.0,3576.0,2432080.0,24229.91015625,24229.91015625,24318.30078125,24170.44921875,24297.640625,47059700.0,9751.2998046875,9751.2998046875,9769.0,9649.0,9649.0,656861100.0,98.1500015258789,98.1500015258789,98.4800033569336,98.13999938964844,98.4000015258789,0.0,155.88800048828125,155.88800048828125,155.96800231933594,154.85000610351562,155.85899353027344,0.0,86419.78125,86419.78125,89983.921875,85304.078125,88171.078125,45559514323.0
2025-12-16,4304.5,4304.5,4321.39990234375,4270.5,4270.5,1796.0,62.70000076293945,62.70000076293945,63.0,62.540000915527344,62.665000915527344,70.0,5.2870001792907715,5.2870001792907715,5.306000232696533,5.269999980926514,5.269999980926514,798.0,1870.0999755859375,1870.0999755859375,1870.0999755859375,1870.0999755859375,1870.0999755859375,0.0,55.27000045776367,55.27000045776367,56.70000076293945,54.97999954223633,56.68000030517578,230933.0,58.91999816894531,58.91999816894531,60.40999984741211,58.720001220703125,60.33000183105469,48212.0,6800.259765625,6800.259765625,6819.27001953125,6759.740234375,6800.1201171875,4983180000.0,48114.26171875,48114.26171875,48452.171875,47946.25,48380.171875,457400000.0,23111.4609375,23111.4609375,23162.599609375,22920.66015625,22981.8203125,7759960000.0,49383.2890625,49383.2890625,50051.23828125,49355.87109375,50051.23828125,124600000.0,3538.0,3538.0,3601.0,3538.0,3598.0,3086770.0,24076.869140625,24076.869140625,24191.599609375,24011.80078125,24124.109375,53280600.0,9684.7998046875,9684.7998046875,9764.7998046875,9655.7001953125,9751.2998046875,760319300.0,98.1500015258789,98.1500015258789,98.31999969482422,97.87000274658203,98.2699966430664,0.0,155.01499938964844,155.01499938964844,155.11099243164062,154.47000122070312,155.0240020751953,0.0,87843.984375,87843.984375,88170.09375,85381.6875,86424.40625,41262178223.0
2025-12-17,4347.5,4347.5,4351.39990234375,4308.5,4308.5,2169.0,66.23699951171875,66.23699951171875,66.4749984741211,65.08999633789062,65.27999877929688,233.0,5.363500118255615,5.363500118255615,5.368000030517578,5.315000057220459,5.315000057220459,1289.0,1932.699951171875,1932.699951171875,1932.699951171875,1932.699951171875,1932.699951171875,0.0,55.939998626708984,55.939998626708984,56.97999954223633,55.20000076293945,55.22999954223633,125608.0,59.68000030517578,59.68000030517578,60.65999984741211,58.90999984741211,58.939998626708984,50078.0,6721.43017578125,6721.43017578125,6812.259765625,6720.43017578125,6802.8798828125,5122120000.0,47885.96875,47885.96875,48387.328125,47856.7890625,48128.05078125,534260000.0,22693.3203125,22693.3203125,23159.19921875,22692.0,23135.609375,8616140000.0,49512.28125,49512.28125,49571.5,49077.80859375,49413.19140625,113200000.0,3537.0,3537.0,3539.0,3507.0,3530.0,1087870.0,23960.58984375,23960.58984375,24185.470703125,23949.169921875,24159.619140625,52418200.0,9774.2998046875,9774.2998046875,9853.099609375,9684.7998046875,9684.7998046875,842799500.0,98.37000274658203,98.37000274658203,98.63999938964844,98.18000030517578,98.20999908447266,0.0,154.7779998779297,154.7779998779297,155.6269989013672,154.51400756835938,154.76800537109375,0.0,86143.7578125,86143.7578125,90264.5703125,85316.265625,87847.6171875,44243392914.0
2025-12-18,4339.5,4339.5,4348.10009765625,4328.2001953125,4331.0,705.0,64.59200286865234,64.59200286865234,65.7750015258789,64.27999877929688,65.7750015258789,118.0,5.366499900817871,5.366499900817871,5.386000156402588,5.322000026702881,5.322000026702881,860.0,1955.5,1955.5,1955.5,1955.5,1955.5,0.0,56.150001525878906,56.150001525878906,57.029998779296875,55.880001068115234,56.900001525878906,85735.0,59.81999969482422,59.81999969482422,60.720001220703125,59.54999923706055,60.63999938964844,31064.0,6774.759765625,6774.759765625,6816.1298828125,6758.5,6778.06005859375,5101190000.0,47951.8515625,47951.8515625,48365.9296875,47849.48046875,48101.1796875,521430000.0,23006.359375,23006.359375,23149.609375,22906.23046875,23012.060546875,7977920000.0,49001.5,49001.5,49169.7890625,48643.78125,49058.30859375,116200000.0,3521.0,3521.0,3531.0,3502.0,3512.0,1974510.0,24199.5,24199.5,24215.98046875,23923.970703125,23947.029296875,51639200.0,9837.7998046875,9837.7998046875,9845.099609375,9748.2998046875,9774.2998046875,702927400.0,98.43000030517578,98.43000030517578,98.55999755859375,98.16999816894531,98.37999725341797,0.0,155.4949951171875,155.4949951171875,155.96499633789062,155.28900146484375,155.47999572753906,0.0,85462.5078125,85462.5078125,89412.6640625,84436.3125,86144.3671875,52667115348.0
2025-12-19,4361.39990234375,4361.39990234375,4361.39990234375,4350.10009765625,4350.10009765625,1065.0,66.84500122070312,66.84500122070312,66.84500122070312,66.48500061035156,66.49500274658203,144.0,5.439499855041504,5.439499855041504,5.468999862670898,5.425000190734863,5.431000232696533,703.0,2013.199951171875,2013.199951171875,2013.199951171875,2013.199951171875,2013.199951171875,0.0,56.65999984741211,56.65999984741211,56.900001525878906,55.81999969482422,56.029998779296875,209264.0,60.470001220703125,60.470001220703125,60.63999938964844,59.40999984741211,59.77000045776367,36104.0,6834.5,6834.5,6840.02001953125,6792.6201171875,6792.6201171875,8554470000.0,48134.890625,48134.890625,48289.62890625,47974.8203125,47974.8203125,1227520000.0,23307.619140625,23307.619140625,23307.91015625,23106.189453125,23121.900390625,12874560000.0,49507.2109375,49507.2109375,49766.9609375,49257.1484375,49387.7109375,163300000.0,3553.0,3553.0,3563.0,3531.0,3537.0,2236430.0,24288.400390625,24288.400390625,24305.8203125,24153.23046875,24196.189453125,131439800.0,9897.400390625,9897.400390625,9903.099609375,9819.400390625,9837.7998046875,1611302500.0,98.5999984741211,98.5999984741211,98.75,98.41999816894531,98.45999908447266,0.0,155.58599853515625,155.58599853515625,157.48699951171875,155.5679931640625,155.5679931640625,0.0,88103.3828125,88103.3828125,89339.1171875,85107.6640625,85476.1328125,46733310561.0
2025-12-20,4361.39990234375,4361.39990234375,4361.39990234375,4350.10009765625,4350.10009765625,1065.0,66.84500122070312,66.84500122070312,66.84500122070312,66.48500061035156,66.49500274658203,144.0,5.439499855041504,5.439499855041504,5.468999862670898,5.425000190734863,5.431000232696533,703.0,2013.199951171875,2013.199951171875,2013.199951171875,2013.199951171875,2013.199951171875,0.0,56.65999984741211,56.65999984741211,56.900001525878906,55.81999969482422,56.029998779296875,209264.0,60.470001220703125,60.470001220703125,60.63999938964844,59.40999984741211,59.77000045776367,36104.0,6834.5,6834.5,6840.02001953125,6792.6201171875,6792.6201171875,8554470000.0,48134.890625,48134.890625,48289.62890625,47974.8203125,47974.8203125,1227520000.0,23307.619140625,23307.619140625,23307.91015625,23106.189453125,23121.900390625,12874560000.0,49507.2109375,49507.2109375,49766.9609375,49257.1484375,49387.7109375,163300000.0,3553.0,3553.0,3563.0,3531.0,3537.0,2236430.0,24288.400390625,24288.400390625,24305.8203125,24153.23046875,24196.189453125,131439800.0,9897.400390625,9897.400390625,9903.099609375,9819.400390625,9837.7998046875,1611302500.0,98.5999984741211,98.5999984741211,98.75,98.41999816894531,98.45999908447266,0.0,155.58599853515625,155.58599853515625,157.48699951171875,155.5679931640625,155.5679931640625,0.0,88344.0,88344.0,88497.203125,87924.875,88101.671875,14688196659.0
2025-12-21,4361.39990234375,4361.39990234375,4361.39990234375,4350.10009765625,4350.10009765625,1065.0,66.84500122070312,66.84500122070312,66.84500122070312,66.48500061035156,66.49500274658203,144.0,5.439499855041504,5.439499855041504,5.468999862670898,5.425000190734863,5.431000232696533,703.0,2013.199951171875,2013.199951171875,2013.199951171875,2013.199951171875,2013.199951171875,0.0,56.65999984741211,56.65999984741211,56.900001525878906,55.81999969482422,56.029998779296875,209264.0,60.470001220703125,60.470001220703125,60.63999938964844,59.40999984741211,59.77000045776367,36104.0,6834.5,6834.5,6840.02001953125,6792.6201171875,6792.6201171875,8554470000.0,48134.890625,48134.890625,48289.62890625,47974.8203125,47974.8203125,1227520000.0,23307.619140625,23307.619140625,23307.91015625,23106.189453125,23121.900390625,12874560000.0,49507.2109375,49507.2109375,49766.9609375,49257.1484375,49387.7109375,163300000.0,3553.0,3553.0,3563.0,3531.0,3537.0,2236430.0,24288.400390625,24288.400390625,24305.8203125,24153.23046875,24196.189453125,131439800.0,9897.400390625,9897.400390625,9903.099609375,9819.400390625,9837.7998046875,1611302500.0,98.5999984741211,98.5999984741211,98.75,98.41999816894531,98.45999908447266,0.0,155.58599853515625,155.58599853515625,157.48699951171875,155.5679931640625,155.5679931640625,0.0,88621.75,88621.75,89027.953125,87613.203125,88344.703125,19845522660.0
2025-12-22,4444.60009765625,4444.60009765625,4447.60009765625,4371.10009765625,4371.10009765625,449.0,67.90599822998047,67.90599822998047,68.86499786376953,67.00499725341797,67.00499725341797,130.0,5.4375,5.4375,5.480000019073486,5.41949987411499,5.441500186920166,1789.0,2084.0,2084.0,2119.89990234375,2084.0,2104.5,29.0,58.0099983215332,58.0099983215332,58.130001068115234,56.599998474121094,56.630001068115234,221576.0,62.06999969482422,62.06999969482422,62.15999984741211,60.560001373291016,60.56999969482422,35138.0,6878.490234375,6878.490234375,6882.02978515625,6855.740234375,6865.2099609375,4465030000.0,48362.6796875,48362.6796875,48457.46875,48199.12890625,48211.87890625,427050000.0,23428.830078125,23428.830078125,23476.5,23362.9296875,23450.529296875,7244910000.0,50402.390625,50402.390625,50590.87890625,49982.19921875,50084.55078125,112900000.0,3572.0,3572.0,3597.0,3567.0,3594.0,2086820.0,24283.970703125,24283.970703125,24356.109375,24203.369140625,24291.849609375,32252800.0,9866.0,9866.0,9898.0,9829.400390625,9897.400390625,466411600.0,98.29000091552734,98.29000091552734,98.7300033569336,98.19999694824219,98.66999816894531,0.0,157.67599487304688,157.67599487304688,157.6490020751953,156.86500549316406,157.60899353027344,0.0,88490.015625,88490.015625,90501.9296875,87908.0703125,88621.3984375,38047472118.0
2025-12-23,4482.7998046875,4482.7998046875,4503.7998046875,4450.39990234375,4503.2998046875,694.0,70.48500061035156,70.48500061035156,70.57499694824219,69.07499694824219,69.08000183105469,40.0,5.47599983215332,5.47599983215332,5.524499893188477,5.422999858856201,5.435999870300293,724.0,2282.0,2282.0,2282.0,2282.0,2282.0,0.0,58.380001068115234,58.380001068115234,58.560001373291016,57.7400016784668,57.95000076293945,183633.0,62.380001068115234,62.380001068115234,62.54999923706055,61.72999954223633,61.9900016784668,26231.0,6909.7900390625,6909.7900390625,6910.8798828125,6868.81005859375,6872.41015625,3820560000.0,48442.41015625,48442.41015625,48527.5,48254.30859375,48320.58984375,418920000.0,23561.83984375,23561.83984375,23563.4609375,23377.490234375,23407.69921875,7518190000.0,50412.87109375,50412.87109375,50544.55859375,50264.421875,50374.48046875,92700000.0,3588.0,3588.0,3594.0,3574.0,3577.0,14077830.0,24340.060546875,24340.060546875,24362.009765625,24257.470703125,24297.619140625,28299400.0,9889.2001953125,9889.2001953125,9901.5,9846.2998046875,9865.900390625,534194000.0,97.94000244140625,97.94000244140625,98.19999694824219,97.8499984741211,98.19999694824219,0.0,156.8769989013672,156.8769989013672,156.91099548339844,155.66400146484375,156.91099548339844,0.0,87414.0,87414.0,88898.3828125,86606.9765625,88490.03125,43683011533.0
2025-12-24,4480.60009765625,4480.60009765625,4503.39990234375,4468.39990234375,4500.7001953125,500.0,71.03099822998047,71.03099822998047,71.51499938964844,71.0,71.51499938964844,35.0,5.498499870300293,5.498499870300293,5.564000129699707,5.46999979019165,5.5,1111.0,2242.39990234375,2242.39990234375,2242.39990234375,2242.39990234375,2242.39990234375,0.0,58.349998474121094,58.349998474121094,58.75,58.130001068115234,58.470001220703125,111762.0,62.2400016784668,62.2400016784668,62.720001220703125,62.02000045776367,62.43000030517578,14966.0,6932.0498046875,6932.0498046875,6937.31982421875,6904.91015625,6904.91015625,1798270000.0,48731.16015625,48731.16015625,48771.3203125,48386.58984375,48424.7109375,206740000.0,23613.310546875,23613.310546875,23621.720703125,23527.970703125,23555.94921875,3885190000.0,50344.1015625,50344.1015625,50636.94921875,50323.921875,50475.48046875,83200000.0,3573.0,3573.0,3597.0,3568.0,3590.0,2074010.0,24340.060546875,24340.060546875,24362.009765625,24257.470703125,24297.619140625,28299400.0,9870.7001953125,9870.7001953125,9893.2001953125,9862.0,9889.2001953125,163408500.0,97.9800033569336,97.9800033569336,98.01000213623047,97.75,97.88999938964844,0.0,156.17599487304688,156.17599487304688,156.2519989013672,155.57200622558594,156.1649932861328,0.0,87611.9609375,87611.9609375,87956.8828125,86411.796875,87404.3203125,25550297986.0
2025-12-25,4480.60009765625,4480.60009765625,4503.39990234375,4468.39990234375,4500.7001953125,500.0,71.03099822998047,71.03099822998047,71.51499938964844,71.0,71.51499938964844,35.0,5.498499870300293,5.498499870300293,5.564000129699707,5.46999979019165,5.5,1111.0,2242.39990234375,2242.39990234375,2242.39990234375,2242.39990234375,2242.39990234375,0.0,58.349998474121094,58.349998474121094,58.75,58.130001068115234,58.470001220703125,111762.0,62.2400016784668,62.2400016784668,62.720001220703125,62.02000045776367,62.43000030517578,14966.0,6932.0498046875,6932.0498046875,6937.31982421875,6904.91015625,6904.91015625,1798270000.0,48731.16015625,48731.16015625,48771.3203125,48386.58984375,48424.7109375,206740000.0,23613.310546875,23613.310546875,23621.720703125,23527.970703125,23555.94921875,3885190000.0,50407.7890625,50407.7890625,50510.109375,50283.76171875,50450.1796875,58300000.0,3586.0,3586.0,3587.0,3569.0,3587.0,459000.0,24340.060546875,24340.060546875,24362.009765625,24257.470703125,24297.619140625,28299400.0,9870.7001953125,9870.7001953125,9893.2001953125,9862.0,9889.2001953125,163408500.0,97.9800033569336,97.9800033569336,98.01000213623047,97.75,97.88999938964844,0.0,156.17599487304688,156.17599487304688,156.2519989013672,155.57200622558594,156.1649932861328,0.0,87234.7421875,87234.7421875,88501.7890625,86949.2578125,87608.3203125,19953216347.0
2025-12-26,4529.10009765625,4529.10009765625,4556.2998046875,4502.0,4512.0,263.0,76.48600006103516,76.48600006103516,78.83999633789062,73.73500061035156,74.5,140.0,5.766499996185303,5.766499996185303,5.78000020980835,5.609499931335449,5.609499931335449,876.0,2467.699951171875,2467.699951171875,2467.699951171875,2467.699951171875,2467.699951171875,0.0,56.7400016784668,56.7400016784668,58.880001068115234,56.650001525878906,58.349998474121094,166669.0,60.63999938964844,60.63999938964844,62.689998626708984,60.59000015258789,62.349998474121094,9687.0,6929.93994140625,6929.93994140625,6945.77001953125,6921.60009765625,6936.02001953125,2586550000.0,48710.96875,48710.96875,48782.0,48589.0703125,48712.46875,288770000.0,23593.099609375,23593.099609375,23665.150390625,23567.859375,23645.91015625,5170300000.0,50750.390625,50750.390625,50941.890625,50527.12890625,50527.12890625,81100000.0,3588.0,3588.0,3604.0,3577.0,3590.0,1729000.0,24340.060546875,24340.060546875,24362.009765625,24257.470703125,24297.619140625,28299400.0,9870.7001953125,9870.7001953125,9893.2001953125,9862.0,9889.2001953125,163408500.0,98.0199966430664,98.0199966430664,98.12999725341797,97.86000061035156,97.91999816894531,0.0,156.08999633789062,156.08999633789062,156.63800048828125,155.9949951171875,156.1699981689453,0.0,87301.4296875,87301.4296875,89459.4296875,86628.140625,87235.5078125,42455674908.0
2025-12-27,4529.10009765625,4529.10009765625,4556.2998046875,4502.0,4512.0,263.0,76.48600006103516,76.48600006103516,78.83999633789062,73.73500061035156,74.5,140.0,5.766499996185303,5.766499996185303,5.78000020980835,5.609499931335449,5.609499931335449,876.0,2467.699951171875,2467.699951171875,2467.699951171875,2467.699951171875,2467.699951171875,0.0,56.7400016784668,56.7400016784668,58.880001068115234,56.650001525878906,58.349998474121094,166669.0,60.63999938964844,60.63999938964844,62.689998626708984,60.59000015258789,62.349998474121094,9687.0,6929.93994140625,6929.93994140625,6945.77001953125,6921.60009765625,6936.02001953125,2586550000.0,48710.96875,48710.96875,48782.0,48589.0703125,48712.46875,288770000.0,23593.099609375,23593.099609375,23665.150390625,23567.859375,23645.91015625,5170300000.0,50750.390625,50750.390625,50941.890625,50527.12890625,50527.12890625,81100000.0,3588.0,3588.0,3604.0,3577.0,3590.0,1729000.0,24340.060546875,24340.060546875,24362.009765625,24257.470703125,24297.619140625,28299400.0,9870.7001953125,9870.7001953125,9893.2001953125,9862.0,9889.2001953125,163408500.0,98.0199966430664,98.0199966430664,98.12999725341797,97.86000061035156,97.91999816894531,0.0,156.08999633789062,156.08999633789062,156.63800048828125,155.9949951171875,156.1699981689453,0.0,87802.15625,87802.15625,87874.78125,87182.9765625,87301.4296875,13741199310.0
2025-12-28,4529.10009765625,4529.10009765625,4556.2998046875,4502.0,4512.0,263.0,76.48600006103516,76.48600006103516,78.83999633789062,73.73500061035156,74.5,140.0,5.766499996185303,5.766499996185303,5.78000020980835,5.609499931335449,5.609499931335449,876.0,2467.699951171875,2467.699951171875,2467.699951171875,2467.699951171875,2467.699951171875,0.0,56.7400016784668,56.7400016784668,58.880001068115234,56.650001525878906,58.349998474121094,166669.0,60.63999938964844,60.63999938964844,62.689998626708984,60.59000015258789,62.349998474121094,9687.0,6929.93994140625,6929.93994140625,6945.77001953125,6921.60009765625,6936.02001953125,2586550000.0,48710.96875,48710.96875,48782.0,48589.0703125,48712.46875,288770000.0,23593.099609375,23593.099609375,23665.150390625,23567.859375,23645.91015625,5170300000.0,50750.390625,50750.390625,50941.890625,50527.12890625,50527.12890625,81100000.0,3588.0,3588.0,3604.0,3577.0,3590.0,1729000.0,24340.060546875,24340.060546875,24362.009765625,24257.470703125,24297.619140625,28299400.0,9870.7001953125,9870.7001953125,9893.2001953125,9862.0,9889.2001953125,163408500.0,98.0199966430664,98.0199966430664,98.12999725341797,97.86000061035156,97.91999816894531,0.0,156.08999633789062,156.08999633789062,156.63800048828125,155.9949951171875,156.1699981689453,0.0,87835.8359375,87835.8359375,87986.890625,87394.953125,87799.34375,15156557929.0
2025-12-29,4325.10009765625,4325.10009765625,4379.0,4325.10009765625,4371.5,2044.0,69.85600280761719,69.85600280761719,79.69999694824219,69.85600280761719,79.69999694824219,1608.0,5.490499973297119,5.490499973297119,5.78849983215332,5.490499973297119,5.78849983215332,2538.0,2104.800048828125,2104.800048828125,2104.800048828125,2104.800048828125,2104.800048828125,13375.0,58.08000183105469,58.08000183105469,58.29999923706055,56.90999984741211,57.040000915527344,178590.0,61.939998626708984,61.939998626708984,62.150001525878906,60.95000076293945,61.040000915527344,9170.0,6905.740234375,6905.740234375,6920.2099609375,6888.759765625,6903.60009765625,3541750000.0,48461.9296875,48461.9296875,48704.828125,48390.91015625,48636.62890625,321850000.0,23474.349609375,23474.349609375,23531.01953125,23397.51953125,23414.6796875,6527530000.0,50526.921875,50526.921875,50707.23046875,50347.6484375,50691.21875,98000000.0,3599.0,3599.0,3603.0,3577.0,3593.0,1217120.0,24351.119140625,24351.119140625,24389.150390625,24253.73046875,24370.939453125,35372300.0,9866.5,9866.5,9892.7998046875,9858.5,9870.7001953125,347896700.0,98.04000091552734,98.04000091552734,98.18000030517578,97.91999816894531,98.05000305175781,0.0,156.46299743652344,156.46299743652344,156.5,155.92799377441406,156.27499389648438,0.0,87138.140625,87138.140625,90299.15625,86717.9140625,87835.7890625,48411625849.0
2025-12-30,4370.10009765625,4370.10009765625,4403.60009765625,4338.0,4346.39990234375,1837.0,77.3740005493164,77.3740005493164,77.41000366210938,70.5,71.33000183105469,992.0,5.727499961853027,5.727499961853027,5.735499858856201,5.497499942779541,5.51200008392334,3056.0,2232.300048828125,2232.300048828125,2242.10009765625,2055.199951171875,2065.0,1820.0,57.95000076293945,57.95000076293945,58.470001220703125,57.599998474121094,57.810001373291016,143802.0,61.91999816894531,61.91999816894531,62.33000183105469,61.5099983215332,61.70000076293945,30567.0,6896.240234375,6896.240234375,6913.25,6893.47021484375,6900.43994140625,3309930000.0,48367.05859375,48367.05859375,48471.69921875,48297.26171875,48434.87890625,282570000.0,23419.080078125,23419.080078125,23521.05078125,23414.830078125,23465.669921875,6769300000.0,50339.48046875,50339.48046875,50534.640625,50198.96875,50312.8515625,93700000.0,3579.0,3579.0,3594.0,3578.0,3592.0,3859090.0,24490.41015625,24490.41015625,24527.939453125,24328.419921875,24343.189453125,23179300.0,9940.7001953125,9940.7001953125,9954.2998046875,9859.7998046875,9866.5,364742100.0,98.23999786376953,98.23999786376953,98.2699966430664,97.94000244140625,98.01000213623047,0.0,156.01300048828125,156.01300048828125,156.54800415039062,155.74200439453125,155.9320068359375,0.0,88430.1328125,88430.1328125,89297.9375,86735.546875,87134.3515625,35586356225.0
2025-12-31,4325.60009765625,4325.60009765625,4363.7998046875,4285.0,4333.5,785.0,70.13400268554688,70.13400268554688,74.625,70.13400268554688,74.6050033569336,343.0,5.630000114440918,5.630000114440918,5.64900016784668,5.624499797821045,5.632500171661377,1095.0,2034.5,2034.5,2162.0,1978.9000244140625,2162.0,640.0,57.41999816894531,57.41999816894531,58.54999923706055,57.20000076293945,57.95000076293945,157160.0,60.849998474121094,60.849998474121094,61.90999984741211,60.619998931884766,61.27000045776367,30919.0,6845.5,6845.5,6901.419921875,6844.5498046875,6898.81982421875,3261830000.0,48063.2890625,48063.2890625,48394.51171875,48050.87890625,48371.51953125,336060000.0,23241.990234375,23241.990234375,23445.259765625,23237.779296875,23420.849609375,5895130000.0,50339.48046875,50339.48046875,50534.640625,50198.96875,50312.8515625,93700000.0,3579.0,3579.0,3594.0,3578.0,3592.0,3859090.0,24490.41015625,24490.41015625,24527.939453125,24328.419921875,24343.189453125,23179300.0,9931.400390625,9931.400390625,9950.099609375,9916.7001953125,9940.7001953125,176045300.0,98.27999877929688,98.27999877929688,98.5,98.18000030517578,98.25,0.0,156.41299438476562,156.41299438476562,156.98899841308594,156.33099365234375,156.36700439453125,0.0,87508.828125,87508.828125,89080.2890625,87130.5625,88429.5859375,33830210616.0
2026-01-01,4325.60009765625,4325.60009765625,4363.7998046875,4285.0,4333.5,785.0,70.13400268554688,70.13400268554688,74.625,70.13400268554688,74.6050033569336,343.0,5.630000114440918,5.630000114440918,5.64900016784668,5.624499797821045,5.632500171661377,1095.0,2034.5,2034.5,2162.0,1978.9000244140625,2162.0,640.0,57.41999816894531,57.41999816894531,58.54999923706055,57.20000076293945,57.95000076293945,157160.0,60.849998474121094,60.849998474121094,61.90999984741211,60.619998931884766,61.27000045776367,30919.0,6845.5,6845.5,6901.419921875,6844.5498046875,6898.81982421875,3261830000.0,48063.2890625,48063.2890625,48394.51171875,48050.87890625,48371.51953125,336060000.0,23241.990234375,23241.990234375,23445.259765625,23237.779296875,23420.849609375,5895130000.0,50339.48046875,50339.48046875,50534.640625,50198.96875,50312.8515625,93700000.0,3579.0,3579.0,3594.0,3578.0,3592.0,3859090.0,24490.41015625,24490.41015625,24527.939453125,24328.419921875,24343.189453125,23179300.0,9931.400390625,9931.400390625,9950.099609375,9916.7001953125,9940.7001953125,176045300.0,98.27999877929688,98.27999877929688,98.5,98.18000030517578,98.25,0.0,156.41299438476562,156.41299438476562,156.98899841308594,156.33099365234375,156.36700439453125,0.0,88731.984375,88731.984375,88803.2265625,87399.40625,87508.046875,18849043990.0
2026-01-02,4314.39990234375,4314.39990234375,4350.60009765625,4314.39990234375,4350.60009765625,589.0,70.55599975585938,70.55599975585938,73.58999633789062,70.55599975585938,71.375,602.0,5.639999866485596,5.639999866485596,5.65500020980835,5.624000072479248,5.652500152587891,1307.0,2125.699951171875,2125.699951171875,2143.0,2090.0,2104.0,225.0,57.31999969482422,57.31999969482422,57.93000030517578,56.599998474121094,57.40999984741211,189503.0,60.75,60.75,61.36000061035156,60.0,60.91999816894531,33381.0,6858.47021484375,6858.47021484375,6894.8701171875,6824.31005859375,6878.10986328125,4184120000.0,48382.390625,48382.390625,48404.05859375,47853.0390625,48105.98046875,465060000.0,23235.630859375,23235.630859375,23585.9609375,23119.490234375,23481.490234375,7331460000.0,50339.48046875,50339.48046875,50534.640625,50198.96875,50312.8515625,93700000.0,3579.0,3579.0,3594.0,3578.0,3592.0,3859090.0,24539.33984375,24539.33984375,24676.7890625,24448.98046875,24499.509765625,48788700.0,9951.099609375,9951.099609375,10046.2998046875,9930.7998046875,9931.2998046875,627469100.0,98.41999816894531,98.41999816894531,98.48999786376953,98.1500015258789,98.23999786376953,0.0,156.7310028076172,156.7310028076172,156.99200439453125,156.50999450683594,156.73699951171875,0.0,89944.6953125,89944.6953125,90884.4609375,88298.6171875,88733.0625,46398906171.0
2026-01-03,4314.39990234375,4314.39990234375,4350.60009765625,4314.39990234375,4350.60009765625,589.0,70.55599975585938,70.55599975585938,73.58999633789062,70.55599975585938,71.375,602.0,5.639999866485596,5.639999866485596,5.65500020980835,5.624000072479248,5.652500152587891,1307.0,2125.699951171875,2125.699951171875,2143.0,2090.0,2104.0,225.0,57.31999969482422,57.31999969482422,57.93000030517578,56.599998474121094,57.40999984741211,189503.0,60.75,60.75,61.36000061035156,60.0,60.91999816894531,33381.0,6858.47021484375,6858.47021484375,6894.8701171875,6824.31005859375,6878.10986328125,4184120000.0,48382.390625,48382.390625,48404.05859375,47853.0390625,48105.98046875,465060000.0,23235.630859375,23235.630859375,23585.9609375,23119.490234375,23481.490234375,7331460000.0,50339.48046875,50339.48046875,50534.640625,50198.96875,50312.8515625,93700000.0,3579.0,3579.0,3594.0,3578.0,3592.0,3859090.0,24539.33984375,24539.33984375,24676.7890625,24448.98046875,24499.509765625,48788700.0,9951.099609375,9951.099609375,10046.2998046875,9930.7998046875,9931.2998046875,627469100.0,98.41999816894531,98.41999816894531,98.48999786376953,98.1500015258789,98.23999786376953,0.0,156.7310028076172,156.7310028076172,156.99200439453125,156.50999450683594,156.73699951171875,0.0,90603.1875,90603.1875,90679.5703125,89328.0703125,89945.0546875,20774828592.0
2026-01-04,4314.39990234375,4314.39990234375,4350.60009765625,4314.39990234375,4350.60009765625,589.0,70.55599975585938,70.55599975585938,73.58999633789062,70.55599975585938,71.375,602.0,5.639999866485596,5.639999866485596,5.65500020980835,5.624000072479248,5.652500152587891,1307.0,2125.699951171875,2125.699951171875,2143.0,2090.0,2104.0,225.0,57.31999969482422,57.31999969482422,57.93000030517578,56.599998474121094,57.40999984741211,189503.0,60.75,60.75,61.36000061035156,60.0,60.91999816894531,33381.0,6858.47021484375,6858.47021484375,6894.8701171875,6824.31005859375,6878.10986328125,4184120000.0,48382.390625,48382.390625,48404.05859375,47853.0390625,48105.98046875,465060000.0,23235.630859375,23235.630859375,23585.9609375,23119.490234375,23481.490234375,7331460000.0,50339.48046875,50339.48046875,50534.640625,50198.96875,50312.8515625,93700000.0,3579.0,3579.0,3594.0,3578.0,3592.0,3859090.0,24539.33984375,24539.33984375,24676.7890625,24448.98046875,24499.509765625,48788700.0,9951.099609375,9951.099609375,10046.2998046875,9930.7998046875,9931.2998046875,627469100.0,98.41999816894531,98.41999816894531,98.48999786376953,98.1500015258789,98.23999786376953,0.0,156.7310028076172,156.7310028076172,156.99200439453125,156.50999450683594,156.73699951171875,0.0,91413.4921875,91413.4921875,91712.5859375,90595.1015625,90603.0,26770491368.0
2026-01-05,4436.89990234375,4436.89990234375,4443.5,4384.7998046875,4386.7001953125,618.0,76.16400146484375,76.16400146484375,76.81999969482422,73.90499877929688,74.17500305175781,883.0,5.924499988555908,5.924499988555908,5.92549991607666,5.796500205993652,5.796500205993652,775.0,2269.5,2269.5,2284.60009765625,2242.60009765625,2242.800048828125,324.0,58.31999969482422,58.31999969482422,58.5099983215332,56.310001373291016,57.470001220703125,301483.0,61.7599983215332,61.7599983215332,61.880001068115234,59.7599983215332,60.88999938964844,45681.0,6902.0498046875,6902.0498046875,6920.3798828125,6891.56005859375,6892.18994140625,5771930000.0,48977.1796875,48977.1796875,49209.94921875,48449.62109375,48475.80859375,578580000.0,23395.8203125,23395.8203125,23476.509765625,23332.23046875,23449.669921875,8737320000.0,51832.80078125,51832.80078125,52033.23828125,50995.671875,51010.28125,139400000.0,3650.0,3650.0,3661.0,3622.0,3622.0,2601630.0,24868.689453125,24868.689453125,24872.919921875,24639.6796875,24681.349609375,53518200.0,10004.599609375,10004.599609375,10022.099609375,9951.5,9951.5,713151500.0,98.2699966430664,98.2699966430664,98.86000061035156,98.25,98.4800033569336,0.0,156.98899841308594,156.98899841308594,157.29200744628906,156.31500244140625,156.96600341796875,0.0,93882.5546875,93882.5546875,94762.0703125,91414.625,91414.625,53376407252.0
2026-01-06,4482.2001953125,4482.2001953125,4482.2001953125,4449.0,4449.7001953125,459.0,80.52999877929688,80.52999877929688,80.8550033569336,75.93000030517578,75.93000030517578,580.0,6.010499954223633,6.010499954223633,6.016499996185303,5.90749979019165,5.960000038146973,1480.0,2434.0,2434.0,2434.0,2298.699951171875,2332.800048828125,258.0,57.130001068115234,57.130001068115234,58.869998931884766,56.84000015258789,58.34000015258789,292067.0,60.70000076293945,60.70000076293945,62.31999969482422,60.400001525878906,61.790000915527344,48263.0,6944.81982421875,6944.81982421875,6948.68994140625,6904.02001953125,6908.02978515625,5509680000.0,49462.078125,49462.078125,49509.921875,48923.828125,48987.359375,541220000.0,23547.169921875,23547.169921875,23559.150390625,23389.5703125,23446.9609375,9012640000.0,52518.078125,52518.078125,52523.76953125,52024.62109375,52157.21875,151900000.0,3714.0,3714.0,3717.0,3684.0,3685.0,1708410.0,24892.19921875,24892.19921875,24969.169921875,24836.330078125,24904.6796875,57420800.0,10122.7001953125,10122.7001953125,10158.400390625,10003.7998046875,10004.400390625,718171700.0,98.58000183105469,98.58000183105469,98.62999725341797,98.16000366210938,98.41000366210938,0.0,156.62600708007812,156.62600708007812,156.7830047607422,156.15899658203125,156.58599853515625,0.0,93729.03125,93729.03125,94395.296875,91286.546875,93876.9453125,52430605257.0
2026-01-07,4449.2998046875,4449.2998046875,4450.0,4449.2998046875,4450.0,972.0,77.13500213623047,77.13500213623047,80.9000015258789,75.875,80.9000015258789,2093.0,5.809000015258789,5.809000015258789,5.9670000076293945,5.796500205993652,5.9670000076293945,1055.0,2253.39990234375,2253.39990234375,2372.5,2253.39990234375,2358.199951171875,126.0,55.9900016784668,55.9900016784668,57.16999816894531,55.7599983215332,57.0,383128.0,59.959999084472656,59.959999084472656,60.90999984741211,59.45000076293945,60.61000061035156,71788.0,6920.93017578125,6920.93017578125,6965.68994140625,6919.18994140625,6945.06982421875,5214480000.0,48996.078125,48996.078125,49621.4296875,48951.98828125,49512.71875,506140000.0,23584.279296875,23584.279296875,23723.369140625,23504.2109375,23544.890625,8396920000.0,51961.98046875,51961.98046875,52404.109375,51830.3984375,52144.640625,138600000.0,3684.0,3684.0,3701.0,3671.0,3684.0,1823760.0,25122.259765625,25122.259765625,25122.4609375,24982.619140625,24995.0,57897000.0,10048.2001953125,10048.2001953125,10124.7998046875,10032.7001953125,10122.7998046875,705731900.0,98.68000030517578,98.68000030517578,98.75,98.5,98.58000183105469,0.0,156.67999267578125,156.67999267578125,156.79400634765625,156.2989959716797,156.65699768066406,0.0,91308.0546875,91308.0546875,93738.7890625,90601.8046875,93727.46875,43461295053.0
2026-01-08,4449.7001953125,4449.7001953125,4461.2998046875,4418.0,4460.2001953125,2423.0,74.71600341796875,74.71600341796875,76.56999969482422,73.16500091552734,76.56999969482422,1447.0,5.746500015258789,5.746500015258789,5.798999786376953,5.671999931335449,5.798999786376953,1385.0,2251.699951171875,2251.699951171875,2251.699951171875,2251.699951171875,2251.699951171875,25.0,57.7599983215332,57.7599983215332,58.7400016784668,55.970001220703125,56.41999816894531,334134.0,61.9900016784668,61.9900016784668,63.0099983215332,59.95000076293945,60.349998474121094,64136.0,6921.4599609375,6921.4599609375,6931.27978515625,6899.330078125,6914.10986328125,5333200000.0,49266.109375,49266.109375,49357.73828125,48792.33984375,48850.171875,515070000.0,23480.01953125,23480.01953125,23558.169921875,23353.4609375,23548.880859375,7723140000.0,51117.26171875,51117.26171875,51866.19140625,51052.828125,51769.828125,135400000.0,3655.0,3655.0,3684.0,3655.0,3676.0,1644510.0,25127.4609375,25127.4609375,25217.51953125,25024.650390625,25128.4609375,57587500.0,10044.7001953125,10044.7001953125,10059.400390625,9995.900390625,10048.400390625,751003900.0,98.93000030517578,98.93000030517578,98.9800033569336,98.68000030517578,98.73999786376953,0.0,156.7310028076172,156.7310028076172,157.05999755859375,156.4669952392578,156.6929931640625,0.0,91027.125,91027.125,91485.8515625,89233.875,91309.640625,42386697030.0
2026-01-09,4490.2998046875,4490.2998046875,4490.2998046875,4473.0,4473.0,237.0,78.88400268554688,78.88400268554688,79.9749984741211,76.69999694824219,76.69999694824219,254.0,5.855500221252441,5.855500221252441,5.855500221252441,5.855500221252441,5.855500221252441,965.0,2278.300048828125,2278.300048828125,2278.300048828125,2260.0,2260.0,3.0,59.119998931884766,59.119998931884766,59.77000045776367,57.61000061035156,58.400001525878906,360309.0,63.34000015258789,63.34000015258789,63.90999984741211,61.84000015258789,62.66999816894531,56568.0,6966.27978515625,6966.27978515625,6978.35986328125,6917.64013671875,6927.830078125,5163900000.0,49504.0703125,49504.0703125,49571.41015625,49197.05859375,49234.80859375,444480000.0,23671.349609375,23671.349609375,23721.150390625,23426.48046875,23496.2109375,8124420000.0,51939.890625,51939.890625,51986.91015625,51189.140625,51367.98046875,133100000.0,3690.0,3690.0,3694.0,3661.0,3673.0,713630.0,25261.640625,25261.640625,25281.1796875,25107.919921875,25124.01953125,55247900.0,10124.599609375,10124.599609375,10135.7001953125,10032.900390625,10044.7001953125,714290200.0,99.12999725341797,99.12999725341797,99.26000213623047,98.9000015258789,98.91000366210938,0.0,156.8800048828125,156.8800048828125,158.16099548339844,156.88499450683594,156.89599609375,0.0,90513.1015625,90513.1015625,91910.671875,89625.3828125,91026.2734375,38305906684.0
2026-01-10,4490.2998046875,4490.2998046875,4490.2998046875,4473.0,4473.0,237.0,78.88400268554688,78.88400268554688,79.9749984741211,76.69999694824219,76.69999694824219,254.0,5.855500221252441,5.855500221252441,5.855500221252441,5.855500221252441,5.855500221252441,965.0,2278.300048828125,2278.300048828125,2278.300048828125,2260.0,2260.0,3.0,59.119998931884766,59.119998931884766,59.77000045776367,57.61000061035156,58.400001525878906,360309.0,63.34000015258789,63.34000015258789,63.90999984741211,61.84000015258789,62.66999816894531,56568.0,6966.27978515625,6966.27978515625,6978.35986328125,6917.64013671875,6927.830078125,5163900000.0,49504.0703125,49504.0703125,49571.41015625,49197.05859375,49234.80859375,444480000.0,23671.349609375,23671.349609375,23721.150390625,23426.48046875,23496.2109375,8124420000.0,51939.890625,51939.890625,51986.91015625,51189.140625,51367.98046875,133100000.0,3690.0,3690.0,3694.0,3661.0,3673.0,713630.0,25261.640625,25261.640625,25281.1796875,25107.919921875,25124.01953125,55247900.0,10124.599609375,10124.599609375,10135.7001953125,10032.900390625,10044.7001953125,714290200.0,99.12999725341797,99.12999725341797,99.26000213623047,98.9000015258789,98.91000366210938,0.0,156.8800048828125,156.8800048828125,158.16099548339844,156.88499450683594,156.89599609375,0.0,90386.6484375,90386.6484375,90713.03125,90283.3984375,90510.1015625,12385895282.0
2026-01-11,4490.2998046875,4490.2998046875,4490.2998046875,4473.0,4473.0,237.0,78.88400268554688,78.88400268554688,79.9749984741211,76.69999694824219,76.69999694824219,254.0,5.855500221252441,5.855500221252441,5.855500221252441,5.855500221252441,5.855500221252441,965.0,2278.300048828125,2278.300048828125,2278.300048828125,2260.0,2260.0,3.0,59.119998931884766,59.119998931884766,59.77000045776367,57.61000061035156,58.400001525878906,360309.0,63.34000015258789,63.34000015258789,63.90999984741211,61.84000015258789,62.66999816894531,56568.0,6966.27978515625,6966.27978515625,6978.35986328125,6917.64013671875,6927.830078125,5163900000.0,49504.0703125,49504.0703125,49571.41015625,49197.05859375,49234.80859375,444480000.0,23671.349609375,23671.349609375,23721.150390625,23426.48046875,23496.2109375,8124420000.0,51939.890625,51939.890625,51986.91015625,51189.140625,51367.98046875,133100000.0,3690.0,3690.0,3694.0,3661.0,3673.0,713630.0,25261.640625,25261.640625,25281.1796875,25107.919921875,25124.01953125,55247900.0,10124.599609375,10124.599609375,10135.7001953125,10032.900390625,10044.7001953125,714290200.0,99.12999725341797,99.12999725341797,99.26000213623047,98.9000015258789,98.91000366210938,0.0,156.8800048828125,156.8800048828125,158.16099548339844,156.88499450683594,156.89599609375,0.0,90827.4609375,90827.4609375,91155.2265625,90212.0234375,90385.359375,17165568977.0
2026-01-12,4604.2998046875,4604.2998046875,4620.0,4577.7998046875,4579.10009765625,156.0,84.61000061035156,84.61000061035156,85.82499694824219,82.0,82.0,575.0,5.985000133514404,5.985000133514404,6.011499881744385,5.940999984741211,5.953499794006348,1078.0,2359.60009765625,2359.60009765625,2359.60009765625,2359.60009765625,2359.60009765625,21.0,59.5,59.5,59.90999984741211,58.45000076293945,59.0,309700.0,63.869998931884766,63.869998931884766,64.27999877929688,62.7599983215332,63.40999984741211,56900.0,6977.27001953125,6977.27001953125,6986.330078125,6934.06982421875,6944.1201171875,5019040000.0,49590.19921875,49590.19921875,49633.3515625,49011.30859375,49499.671875,516430000.0,23733.900390625,23733.900390625,23804.0390625,23562.970703125,23576.880859375,8707170000.0,51939.890625,51939.890625,51986.91015625,51189.140625,51367.98046875,133100000.0,3690.0,3690.0,3694.0,3661.0,3673.0,713630.0,25405.33984375,25405.33984375,25421.419921875,25236.880859375,25248.369140625,47091400.0,10140.7001953125,10140.7001953125,10149.7001953125,10089.900390625,10124.5,652275500.0,98.86000061035156,98.86000061035156,99.25,98.66999816894531,99.16999816894531,0.0,158.1490020751953,158.1490020751953,158.18800354003906,157.52099609375,158.1230010986328,0.0,91192.9921875,91192.9921875,92395.5234375,90055.0234375,90825.859375,41346275358.0
2026-01-13,4589.2001953125,4589.2001953125,4617.10009765625,4578.60009765625,4578.60009765625,239.0,85.87699890136719,85.87699890136719,88.61000061035156,84.58999633789062,84.90499877929688,341.0,5.96999979019165,5.96999979019165,5.9710001945495605,5.959000110626221,5.965000152587891,1211.0,2333.800048828125,2333.800048828125,2376.5,2317.800048828125,2320.60009765625,74.0,61.150001525878906,61.150001525878906,61.5,59.470001220703125,59.95000076293945,411190.0,65.47000122070312,65.47000122070312,65.91000366210938,63.849998474121094,64.16999816894531,80180.0,6963.740234375,6963.740234375,6985.830078125,6938.77001953125,6977.41015625,5091730000.0,49191.98828125,49191.98828125,49616.94921875,49056.30859375,49616.94921875,549950000.0,23709.869140625,23709.869140625,23813.30078125,23607.58984375,23735.119140625,9416400000.0,53549.16015625,53549.16015625,53814.7890625,52741.640625,52808.2890625,168500000.0,3775.0,3775.0,3787.0,3760.0,3786.0,3085420.0,25420.66015625,25420.66015625,25507.7890625,25338.30078125,25408.369140625,51680900.0,10137.400390625,10137.400390625,10152.5,10097.099609375,10140.7001953125,956031500.0,99.12999725341797,99.12999725341797,99.2300033569336,98.8499984741211,98.9000015258789,0.0,157.98599243164062,157.98599243164062,159.18699645996094,157.96499633789062,157.99600219726562,0.0,95321.78125,95321.78125,96011.625,90941.9296875,91185.3359375,54980674354.0
2026-01-14,4626.2998046875,4626.2998046875,4635.0,4608.2001953125,4610.2998046875,1313.0,90.86900329589844,90.86900329589844,93.0,88.70500183105469,89.3499984741211,470.0,6.008999824523926,6.008999824523926,6.019000053405762,5.978000164031982,6.0,1011.0,2367.10009765625,2367.10009765625,2400.0,2367.10009765625,2367.10009765625,7.0,62.02000045776367,62.02000045776367,62.36000061035156,59.189998626708984,61.119998931884766,410261.0,66.5199966430664,66.5199966430664,66.80999755859375,63.470001220703125,65.44000244140625,96568.0,6926.60009765625,6926.60009765625,6941.2998046875,6885.740234375,6937.41015625,5530830000.0,49149.62890625,49149.62890625,49195.1015625,48851.98046875,49088.25,530670000.0,23471.75,23471.75,23590.19921875,23306.66015625,23563.919921875,12165220000.0,54341.23046875,54341.23046875,54487.3203125,53792.6796875,53827.23828125,144500000.0,3824.0,3824.0,3824.0,3788.0,3795.0,2484590.0,25286.240234375,25286.240234375,25461.359375,25268.26953125,25429.75,64458300.0,10184.400390625,10184.400390625,10184.400390625,10135.400390625,10137.2998046875,717891900.0,99.12999725341797,99.12999725341797,99.25,98.93000030517578,99.19000244140625,0.0,159.1790008544922,159.1790008544922,159.43800354003906,158.11000061035156,159.1790008544922,0.0,96929.328125,96929.328125,97860.6015625,94583.046875,95322.90625,60592490863.0
2026-01-15,4616.2998046875,4616.2998046875,4616.2998046875,4612.89990234375,4612.89990234375,4358.0,91.8759994506836,91.8759994506836,92.41999816894531,86.12999725341797,90.82499694824219,390.0,5.947999954223633,5.947999954223633,5.957499980926514,5.894000053405762,5.938000202178955,1068.0,2390.0,2390.0,2390.0,2390.0,2390.0,0.0,59.189998626708984,59.189998626708984,61.13999938964844,58.880001068115234,61.060001373291016,113642.0,63.7599983215332,63.7599983215332,65.69000244140625,63.279998779296875,65.69000244140625,54944.0,6944.47021484375,6944.47021484375,6979.33984375,6937.93017578125,6969.4599609375,5114050000.0,49442.44140625,49442.44140625,49581.1796875,49201.1015625,49201.1015625,541520000.0,23530.01953125,23530.01953125,23721.109375,23502.1796875,23693.970703125,9740630000.0,54110.5,54110.5,54153.609375,53709.87109375,54039.3984375,150900000.0,3854.0,3854.0,3859.0,3814.0,3815.0,1410370.0,25352.390625,25352.390625,25378.55078125,25233.3203125,25275.830078125,58342400.0,10238.900390625,10238.900390625,10250.5,10173.5,10184.400390625,1132107400.0,99.31999969482422,99.31999969482422,99.48999786376953,99.08999633789062,99.12999725341797,0.0,158.40199279785156,158.40199279785156,158.875,158.22300720214844,158.43600463867188,0.0,95551.1875,95551.1875,97150.171875,95103.2421875,96931.2890625,53086363027.0
2026-01-16,4588.39990234375,4588.39990234375,4608.0,4588.39990234375,4608.0,352.0,88.09100341796875,88.09100341796875,90.92500305175781,86.19499969482422,90.44000244140625,685.0,5.78849983215332,5.78849983215332,5.790999889373779,5.75,5.78000020980835,868.0,2303.800048828125,2303.800048828125,2303.800048828125,2240.5,2285.800048828125,55.0,59.439998626708984,59.439998626708984,60.18000030517578,58.939998626708984,59.2599983215332,113794.0,64.12999725341797,64.12999725341797,64.7699966430664,63.45000076293945,63.79999923706055,35235.0,6940.009765625,6940.009765625,6967.2998046875,6925.08984375,6960.5400390625,5356550000.0,49359.328125,49359.328125,49616.69921875,49246.23828125,49466.69921875,992970000.0,23515.390625,23515.390625,23664.259765625,23446.810546875,23639.689453125,9514500000.0,53936.171875,53936.171875,54130.6015625,53706.7890625,54071.28125,144300000.0,3848.0,3848.0,3849.0,3824.0,3837.0,1125560.0,25297.130859375,25297.130859375,25354.109375,25198.529296875,25336.009765625,62873300.0,10235.2998046875,10235.2998046875,10257.7998046875,10212.7998046875,10238.900390625,870108800.0,99.38999938964844,99.38999938964844,99.4800033569336,99.16000366210938,99.37000274658203,0.0,158.5959930419922,158.5959930419922,158.67599487304688,157.8209991455078,158.57200622558594,0.0,95525.1171875,95525.1171875,95801.890625,94259.2734375,95554.1015625,33248170537.0
2026-01-17,4588.39990234375,4588.39990234375,4608.0,4588.39990234375,4608.0,352.0,88.09100341796875,88.09100341796875,90.92500305175781,86.19499969482422,90.44000244140625,685.0,5.78849983215332,5.78849983215332,5.790999889373779,5.75,5.78000020980835,868.0,2303.800048828125,2303.800048828125,2303.800048828125,2240.5,2285.800048828125,55.0,59.439998626708984,59.439998626708984,60.18000030517578,58.939998626708984,59.2599983215332,113794.0,64.12999725341797,64.12999725341797,64.7699966430664,63.45000076293945,63.79999923706055,35235.0,6940.009765625,6940.009765625,6967.2998046875,6925.08984375,6960.5400390625,5356550000.0,49359.328125,49359.328125,49616.69921875,49246.23828125,49466.69921875,992970000.0,23515.390625,23515.390625,23664.259765625,23446.810546875,23639.689453125,9514500000.0,53936.171875,53936.171875,54130.6015625,53706.7890625,54071.28125,144300000.0,3848.0,3848.0,3849.0,3824.0,3837.0,1125560.0,25297.130859375,25297.130859375,25354.109375,25198.529296875,25336.009765625,62873300.0,10235.2998046875,10235.2998046875,10257.7998046875,10212.7998046875,10238.900390625,870108800.0,99.38999938964844,99.38999938964844,99.4800033569336,99.16000366210938,99.37000274658203,0.0,158.5959930419922,158.5959930419922,158.67599487304688,157.8209991455078,158.57200622558594,0.0,95099.921875,95099.921875,95598.4765625,95005.6171875,95525.15625,16021715122.0
2026-01-18,4588.39990234375,4588.39990234375,4608.0,4588.39990234375,4608.0,352.0,88.09100341796875,88.09100341796875,90.92500305175781,86.19499969482422,90.44000244140625,685.0,5.78849983215332,5.78849983215332,5.790999889373779,5.75,5.78000020980835,868.0,2303.800048828125,2303.800048828125,2303.800048828125,2240.5,2285.800048828125,55.0,59.439998626708984,59.439998626708984,60.18000030517578,58.939998626708984,59.2599983215332,113794.0,64.12999725341797,64.12999725341797,64.7699966430664,63.45000076293945,63.79999923706055,35235.0,6940.009765625,6940.009765625,6967.2998046875,6925.08984375,6960.5400390625,5356550000.0,49359.328125,49359.328125,49616.69921875,49246.23828125,49466.69921875,992970000.0,23515.390625,23515.390625,23664.259765625,23446.810546875,23639.689453125,9514500000.0,53936.171875,53936.171875,54130.6015625,53706.7890625,54071.28125,144300000.0,3848.0,3848.0,3849.0,3824.0,3837.0,1125560.0,25297.130859375,25297.130859375,25354.109375,25198.529296875,25336.009765625,62873300.0,10235.2998046875,10235.2998046875,10257.7998046875,10212.7998046875,10238.900390625,870108800.0,99.38999938964844,99.38999938964844,99.4800033569336,99.16000366210938,99.37000274658203,0.0,158.5959930419922,158.5959930419922,158.67599487304688,157.8209991455078,158.57200622558594,0.0,93634.4296875,93634.4296875,95491.5078125,93588.8671875,95101.1796875,20809781232.0
2026-01-19,4588.39990234375,4588.39990234375,4608.0,4588.39990234375,4608.0,352.0,88.09100341796875,88.09100341796875,90.92500305175781,86.19499969482422,90.44000244140625,685.0,5.78849983215332,5.78849983215332,5.790999889373779,5.75,5.78000020980835,868.0,2303.800048828125,2303.800048828125,2303.800048828125,2240.5,2285.800048828125,55.0,59.439998626708984,59.439998626708984,60.18000030517578,58.939998626708984,59.2599983215332,113794.0,64.12999725341797,64.12999725341797,64.7699966430664,63.45000076293945,63.79999923706055,35235.0,6940.009765625,6940.009765625,6967.2998046875,6925.08984375,6960.5400390625,5356550000.0,49359.328125,49359.328125,49616.69921875,49246.23828125,49466.69921875,992970000.0,23515.390625,23515.390625,23664.259765625,23446.810546875,23639.689453125,9514500000.0,53583.5703125,53583.5703125,53583.5703125,53091.44921875,53390.05078125,122900000.0,3840.0,3840.0,3841.0,3800.0,3820.0,1355570.0,24959.060546875,24959.060546875,25070.609375,24911.58984375,24940.470703125,59769000.0,10195.400390625,10195.400390625,10235.2998046875,10166.2998046875,10235.2998046875,628321300.0,99.38999938964844,99.38999938964844,99.4800033569336,99.16000366210938,99.37000274658203,0.0,157.53500366210938,157.53500366210938,158.1479949951172,157.4250030517578,157.56700134277344,0.0,92553.59375,92553.59375,93660.828125,92089.25,93655.671875,39195241508.0
2026-01-20,4759.60009765625,4759.60009765625,4764.0,4661.7998046875,4662.2001953125,175.0,94.20600128173828,94.20600128173828,94.98999786376953,92.05999755859375,92.31999969482422,543.0,5.7729997634887695,5.7729997634887695,5.879499912261963,5.747000217437744,5.8495001792907715,772.0,2431.5,2431.5,2431.5,2406.300048828125,2418.0,79.0,60.34000015258789,60.34000015258789,60.68000030517578,58.70000076293945,59.0099983215332,499595.0,64.91999816894531,64.91999816894531,65.12000274658203,63.2599983215332,63.560001373291016,78657.0,6796.85986328125,6796.85986328125,6871.169921875,6789.0498046875,6865.240234375,5769500000.0,48488.58984375,48488.58984375,49005.01171875,48428.12890625,49005.01171875,676030000.0,22954.3203125,22954.3203125,23236.05078125,22916.830078125,23142.689453125,9469480000.0,52991.1015625,52991.1015625,53408.3515625,52852.8984375,53348.58984375,126800000.0,3804.0,3804.0,3827.0,3801.0,3822.0,1773360.0,24703.119140625,24703.119140625,24758.3203125,24507.109375,24747.349609375,61404900.0,10126.7998046875,10126.7998046875,10195.2001953125,10050.2001953125,10195.2001953125,986370500.0,98.63999938964844,98.63999938964844,99.13999938964844,98.25,99.13999938964844,0.0,158.177001953125,158.177001953125,158.5919952392578,157.5659942626953,158.17999267578125,0.0,88310.90625,88310.90625,92798.4296875,87814.9296875,92553.6015625,53072968031.0
2026-01-21,4831.7998046875,4831.7998046875,4872.2998046875,4771.5,4863.5,1706.0,92.20999908447266,92.20999908447266,94.52999877929688,91.58999633789062,93.88500213623047,231.0,5.729499816894531,5.729499816894531,5.827000141143799,5.727499961853027,5.802499771118164,744.0,2480.39990234375,2480.39990234375,2480.39990234375,2463.0,2477.199951171875,6.0,60.619998931884766,60.619998931884766,60.88999938964844,59.220001220703125,59.56999969482422,333062.0,65.23999786376953,65.23999786376953,65.41000366210938,63.630001068115234,64.01000213623047,52906.0,6875.6201171875,6875.6201171875,6910.39013671875,6804.9599609375,6810.7099609375,5835520000.0,49077.23046875,49077.23046875,49295.03125,48546.03125,48546.03125,600840000.0,23224.8203125,23224.8203125,23383.240234375,22927.880859375,23017.6796875,9162740000.0,52774.640625,52774.640625,52848.78125,52194.80859375,52228.078125,139000000.0,3769.0,3769.0,3780.0,3745.0,3751.0,2231270.0,24560.98046875,24560.98046875,24656.73046875,24349.5390625,24636.55078125,60845300.0,10138.099609375,10138.099609375,10161.5,10093.7001953125,10126.900390625,758651200.0,98.76000213623047,98.76000213623047,98.87000274658203,98.37999725341797,98.61000061035156,0.0,158.16200256347656,158.16200256347656,158.2969970703125,157.75,158.156005859375,0.0,89376.9609375,89376.9609375,90430.40625,87231.5703125,88326.5078125,56330422434.0
2026-01-22,4908.7998046875,4908.7998046875,4908.7998046875,4791.89990234375,4791.89990234375,1175.0,95.97599792480469,95.97599792480469,95.9800033569336,92.4800033569336,92.83499908447266,548.0,5.742499828338623,5.742499828338623,5.763999938964844,5.700500011444092,5.700500011444092,981.0,2561.800048828125,2561.800048828125,2561.800048828125,2561.800048828125,2561.800048828125,39.0,59.36000061035156,59.36000061035156,60.81999969482422,58.959999084472656,60.68000030517578,324349.0,64.05999755859375,64.05999755859375,65.37000274658203,63.560001373291016,65.13999938964844,49453.0,6913.35009765625,6913.35009765625,6934.75,6893.6201171875,6914.43994140625,5307580000.0,49384.01171875,49384.01171875,49607.2890625,49201.80859375,49201.80859375,455130000.0,23436.01953125,23436.01953125,23503.16015625,23335.150390625,23440.7109375,9034850000.0,53688.890625,53688.890625,53922.53125,53242.37890625,53327.390625,150900000.0,3801.0,3801.0,3818.0,3794.0,3817.0,1460340.0,24856.470703125,24856.470703125,24937.080078125,24772.5390625,24877.630859375,68349500.0,10150.099609375,10150.099609375,10226.5,10138.099609375,10138.099609375,790113900.0,98.36000061035156,98.36000061035156,98.83000183105469,98.27999877929688,98.79000091552734,0.0,158.45599365234375,158.45599365234375,158.875,158.2030029296875,158.45700073242188,0.0,89462.453125,89462.453125,90258.9609375,88438.4453125,89378.5234375,35549685694.0
2026-01-23,4976.2001953125,4976.2001953125,4976.2001953125,4936.0,4949.60009765625,169.0,100.92500305175781,100.92500305175781,102.92500305175781,97.7300033569336,98.2699966430664,283.0,5.910999774932861,5.910999774932861,5.9145002365112305,5.754000186920166,5.783999919891357,767.0,2722.10009765625,2722.10009765625,2722.10009765625,2640.5,2645.800048828125,41.0,61.06999969482422,61.06999969482422,61.36000061035156,59.52000045776367,59.65999984741211,283419.0,65.87999725341797,65.87999725341797,66.20999908447266,64.23999786376953,64.27999877929688,34015.0,6915.60986328125,6915.60986328125,6932.9599609375,6895.5,6907.85009765625,4871930000.0,49098.7109375,49098.7109375,49265.4609375,48963.05078125,49264.5390625,461030000.0,23501.240234375,23501.240234375,23610.740234375,23374.259765625,23440.919921875,8228760000.0,53846.87109375,53846.87109375,54050.83984375,53603.6796875,53898.44921875,129500000.0,3813.0,3813.0,3830.0,3802.0,3815.0,1225720.0,24900.7109375,24900.7109375,24930.150390625,24796.9296875,24819.939453125,51854400.0,10143.400390625,10143.400390625,10184.099609375,10131.7998046875,10150.099609375,630823700.0,97.5999984741211,97.5999984741211,98.4800033569336,97.43000030517578,98.33000183105469,0.0,158.50100708007812,158.50100708007812,159.20700073242188,157.39199829101562,158.48800659179688,0.0,89503.875,89503.875,91100.25,88486.359375,89462.046875,38997586037.0
2026-01-24,4976.2001953125,4976.2001953125,4976.2001953125,4936.0,4949.60009765625,169.0,100.92500305175781,100.92500305175781,102.92500305175781,97.7300033569336,98.2699966430664,283.0,5.910999774932861,5.910999774932861,5.9145002365112305,5.754000186920166,5.783999919891357,767.0,2722.10009765625,2722.10009765625,2722.10009765625,2640.5,2645.800048828125,41.0,61.06999969482422,61.06999969482422,61.36000061035156,59.52000045776367,59.65999984741211,283419.0,65.87999725341797,65.87999725341797,66.20999908447266,64.23999786376953,64.27999877929688,34015.0,6915.60986328125,6915.60986328125,6932.9599609375,6895.5,6907.85009765625,4871930000.0,49098.7109375,49098.7109375,49265.4609375,48963.05078125,49264.5390625,461030000.0,23501.240234375,23501.240234375,23610.740234375,23374.259765625,23440.919921875,8228760000.0,53846.87109375,53846.87109375,54050.83984375,53603.6796875,53898.44921875,129500000.0,3813.0,3813.0,3830.0,3802.0,3815.0,1225720.0,24900.7109375,24900.7109375,24930.150390625,24796.9296875,24819.939453125,51854400.0,10143.400390625,10143.400390625,10184.099609375,10131.7998046875,10150.099609375,630823700.0,97.5999984741211,97.5999984741211,98.4800033569336,97.43000030517578,98.33000183105469,0.0,158.50100708007812,158.50100708007812,159.20700073242188,157.39199829101562,158.48800659179688,0.0,89110.734375,89110.734375,89811.609375,89044.2890625,89506.1484375,14558687712.0
2026-01-25,4976.2001953125,4976.2001953125,4976.2001953125,4936.0,4949.60009765625,169.0,100.92500305175781,100.92500305175781,102.92500305175781,97.7300033569336,98.2699966430664,283.0,5.910999774932861,5.910999774932861,5.9145002365112305,5.754000186920166,5.783999919891357,767.0,2722.10009765625,2722.10009765625,2722.10009765625,2640.5,2645.800048828125,41.0,61.06999969482422,61.06999969482422,61.36000061035156,59.52000045776367,59.65999984741211,283419.0,65.87999725341797,65.87999725341797,66.20999908447266,64.23999786376953,64.27999877929688,34015.0,6915.60986328125,6915.60986328125,6932.9599609375,6895.5,6907.85009765625,4871930000.0,49098.7109375,49098.7109375,49265.4609375,48963.05078125,49264.5390625,461030000.0,23501.240234375,23501.240234375,23610.740234375,23374.259765625,23440.919921875,8228760000.0,53846.87109375,53846.87109375,54050.83984375,53603.6796875,53898.44921875,129500000.0,3813.0,3813.0,3830.0,3802.0,3815.0,1225720.0,24900.7109375,24900.7109375,24930.150390625,24796.9296875,24819.939453125,51854400.0,10143.400390625,10143.400390625,10184.099609375,10131.7998046875,10150.099609375,630823700.0,97.5999984741211,97.5999984741211,98.4800033569336,97.43000030517578,98.33000183105469,0.0,158.50100708007812,158.50100708007812,159.20700073242188,157.39199829101562,158.48800659179688,0.0,86572.21875,86572.21875,89193.1484375,86003.7109375,89104.765625,36124986722.0
2026-01-26,5079.7001953125,5079.7001953125,5095.60009765625,5052.2001953125,5081.5,180.0,115.08000183105469,115.08000183105469,117.19499969482422,103.22000122070312,105.04499816894531,537.0,5.984000205993652,5.984000205993652,5.988999843597412,5.878499984741211,5.980000019073486,720.0,2852.39990234375,2852.39990234375,2852.39990234375,2852.39990234375,2852.39990234375,18.0,60.630001068115234,60.630001068115234,61.709999084472656,60.31999969482422,61.220001220703125,281062.0,65.58999633789062,65.58999633789062,66.51000213623047,65.27999877929688,66.06999969482422,25795.0,6950.22998046875,6950.22998046875,6964.66015625,6921.60009765625,6923.22998046875,4968050000.0,49412.3984375,49412.3984375,49488.80859375,49137.6484375,49137.6484375,454370000.0,23601.359375,23601.359375,23688.939453125,23486.080078125,23529.279296875,7505250000.0,52885.25,52885.25,53138.671875,52656.0,53023.28125,138300000.0,3729.0,3729.0,3757.0,3725.0,3741.0,2172360.0,24933.080078125,24933.080078125,24985.150390625,24790.740234375,24890.30078125,46863200.0,10148.900390625,10148.900390625,10184.900390625,10125.2998046875,10143.099609375,659600800.0,97.04000091552734,97.04000091552734,97.33000183105469,96.80999755859375,97.02999877929688,0.0,155.16600036621094,155.16600036621094,155.3260040283203,153.35299682617188,155.18699645996094,0.0,88267.140625,88267.140625,88743.0703125,86429.2890625,86566.5234375,45329286974.0
2026-01-27,5079.89990234375,5079.89990234375,5079.89990234375,5079.89990234375,5079.89990234375,34.0,105.52300262451172,105.52300262451172,110.5199966430664,103.0999984741211,104.4000015258789,131.0,5.828499794006348,5.828499794006348,5.841000080108643,5.820499897003174,5.831999778747559,917.0,2513.199951171875,2513.199951171875,2513.199951171875,2513.199951171875,2513.199951171875,0.0,62.38999938964844,62.38999938964844,62.630001068115234,60.13999938964844,60.779998779296875,360208.0,67.56999969482422,67.56999969482422,67.77999877929688,65.0,65.7300033569336,34327.0,6978.60009765625,6978.60009765625,6988.81982421875,6958.830078125,6965.9599609375,5331720000.0,49003.41015625,49003.41015625,49157.80078125,48862.51953125,49103.578125,533780000.0,23817.099609375,23817.099609375,23865.259765625,23694.380859375,23734.75,8026050000.0,53333.5390625,53333.5390625,53334.03125,52637.66015625,52847.5390625,136700000.0,3740.0,3740.0,3747.0,3702.0,3728.0,1335300.0,24894.439453125,24894.439453125,25020.220703125,24848.529296875,25008.029296875,54957100.0,10207.7998046875,10207.7998046875,10228.2001953125,10147.5,10149.0,763839700.0,96.22000122070312,96.22000122070312,97.29000091552734,95.55000305175781,97.05000305175781,0.0,154.33599853515625,154.33599853515625,154.86900329589844,152.89100646972656,154.3489990234375,0.0,89102.5703125,89102.5703125,89427.125,87228.921875,88257.4765625,38744942267.0
2026-01-28,5301.60009765625,5301.60009765625,5301.60009765625,5301.60009765625,5301.60009765625,112054.0,113.11100006103516,113.11100006103516,114.57499694824219,112.73500061035156,114.57499694824219,1436.0,5.892499923706055,5.892499923706055,5.894499778747559,5.881499767303467,5.881499767303467,1681.0,2605.699951171875,2605.699951171875,2605.699951171875,2605.699951171875,2605.699951171875,243.0,63.209999084472656,63.209999084472656,63.56999969482422,62.06999969482422,62.58000183105469,354864.0,68.4000015258789,68.4000015258789,68.69999694824219,67.12999725341797,67.7699966430664,23555.0,6978.02978515625,6978.02978515625,7002.27978515625,6963.4599609375,7002.0,5507670000.0,49015.6015625,49015.6015625,49150.33984375,48901.48828125,49024.6796875,470990000.0,23857.44921875,23857.44921875,23988.26953125,23775.490234375,23965.109375,8151580000.0,53358.7109375,53358.7109375,53507.1796875,52788.1015625,53023.87890625,149800000.0,3708.0,3708.0,3727.0,3696.0,3710.0,2245170.0,24822.7890625,24822.7890625,24926.029296875,24707.189453125,24878.23046875,64693800.0,10154.400390625,10154.400390625,10225.5,10144.7001953125,10207.599609375,785126300.0,96.44999694824219,96.44999694824219,96.79000091552734,95.86000061035156,95.97000122070312,0.0,152.4530029296875,152.4530029296875,153.76600646972656,152.3300018310547,152.5189971923828,0.0,89184.5703125,89184.5703125,90439.2890625,88721.4609375,89104.046875,39807419296.0
2026-01-29,5318.39990234375,5318.39990234375,5586.2001953125,5097.5,5415.7001953125,23709.0,114.03700256347656,114.03700256347656,121.30000305175781,107.97000122070312,116.88999938964844,1261.0,6.17549991607666,6.17549991607666,6.507999897003174,6.131499767303467,6.1570000648498535,3804.0,2597.39990234375,2597.39990234375,2597.39990234375,2597.39990234375,2597.39990234375,91.0,65.41999816894531,65.41999816894531,66.4800033569336,63.279998779296875,63.5,560007.0,70.70999908447266,70.70999908447266,71.87999725341797,68.61000061035156,68.66999816894531,26980.0,6969.009765625,6969.009765625,6992.83984375,6870.7998046875,6977.740234375,6877780000.0,49071.55859375,49071.55859375,49292.80859375,48597.21875,48938.26953125,693040000.0,23685.119140625,23685.119140625,23840.55078125,23232.779296875,23830.919921875,8782210000.0,53375.6015625,53375.6015625,53742.69140625,52990.421875,53301.26171875,154500000.0,3719.0,3719.0,3735.0,3684.0,3714.0,2052240.0,24309.4609375,24309.4609375,24758.73046875,24266.330078125,24697.380859375,72617900.0,10171.7998046875,10171.7998046875,10277.7001953125,10154.2001953125,10154.2001953125,794022100.0,96.27999877929688,96.27999877929688,96.66000366210938,96.0199966430664,96.16000366210938,0.0,153.0959930419922,153.0959930419922,153.50599670410156,152.75900268554688,153.12399291992188,0.0,84561.5859375,84561.5859375,89200.78125,83250.6015625,89169.8515625,64653083162.0
2026-01-30,4713.89990234375,4713.89990234375,5440.5,4700.0,5376.39990234375,8374.0,78.29000091552734,78.29000091552734,117.79000091552734,76.0250015258789,116.86499786376953,841.0,5.896999835968018,5.896999835968018,6.1545000076293945,5.745999813079834,6.1545000076293945,1981.0,2102.800048828125,2102.800048828125,2470.0,2102.800048828125,2470.0,34.0,65.20999908447266,65.20999908447266,66.11000061035156,63.63999938964844,65.5199966430664,449325.0,70.69000244140625,70.69000244140625,70.91999816894531,69.11000061035156,70.16000366210938,85305.0,6939.02978515625,6939.02978515625,6964.08984375,6893.47998046875,6947.27001953125,6697340000.0,48892.46875,48892.46875,49047.6796875,48459.87890625,48991.62109375,761990000.0,23461.8203125,23461.8203125,23662.25,23351.55078125,23578.9609375,9255930000.0,53322.8515625,53322.8515625,53590.23828125,52923.12109375,53434.73046875,156800000.0,3744.0,3744.0,3752.0,3712.0,3737.0,1982240.0,24538.810546875,24538.810546875,24585.44921875,24366.390625,24376.150390625,65569500.0,10223.5,10223.5,10234.0,10141.599609375,10171.7998046875,832508200.0,96.98999786376953,96.98999786376953,97.1500015258789,96.31999969482422,96.31999969482422,0.0,153.16200256347656,153.16200256347656,154.74600219726562,153.0850067138672,153.14700317382812,0.0,84128.65625,84128.65625,84602.1640625,81071.4765625,84562.7265625,72083816087.0
2026-01-31,4713.89990234375,4713.89990234375,5440.5,4700.0,5376.39990234375,8374.0,78.29000091552734,78.29000091552734,117.79000091552734,76.0250015258789,116.86499786376953,841.0,5.896999835968018,5.896999835968018,6.1545000076293945,5.745999813079834,6.1545000076293945,1981.0,2102.800048828125,2102.800048828125,2470.0,2102.800048828125,2470.0,34.0,65.20999908447266,65.20999908447266,66.11000061035156,63.63999938964844,65.5199966430664,449325.0,70.69000244140625,70.69000244140625,70.91999816894531,69.11000061035156,70.16000366210938,85305.0,6939.02978515625,6939.02978515625,6964.08984375,6893.47998046875,6947.27001953125,6697340000.0,48892.46875,48892.46875,49047.6796875,48459.87890625,48991.62109375,761990000.0,23461.8203125,23461.8203125,23662.25,23351.55078125,23578.9609375,9255930000.0,53322.8515625,53322.8515625,53590.23828125,52923.12109375,53434.73046875,156800000.0,3744.0,3744.0,3752.0,3712.0,3737.0,1982240.0,24538.810546875,24538.810546875,24585.44921875,24366.390625,24376.150390625,65569500.0,10223.5,10223.5,10234.0,10141.599609375,10171.7998046875,832508200.0,96.98999786376953,96.98999786376953,97.1500015258789,96.31999969482422,96.31999969482422,0.0,153.16200256347656,153.16200256347656,154.74600219726562,153.0850067138672,153.14700317382812,0.0,78621.1171875,78621.1171875,84136.921875,75815.8828125,84126.5,70479259159.0
2026-02-01,4713.89990234375,4713.89990234375,5440.5,4700.0,5376.39990234375,8374.0,78.29000091552734,78.29000091552734,117.79000091552734,76.0250015258789,116.86499786376953,841.0,5.896999835968018,5.896999835968018,6.1545000076293945,5.745999813079834,6.1545000076293945,1981.0,2102.800048828125,2102.800048828125,2470.0,2102.800048828125,2470.0,34.0,65.20999908447266,65.20999908447266,66.11000061035156,63.63999938964844,65.5199966430664,449325.0,70.69000244140625,70.69000244140625,70.91999816894531,69.11000061035156,70.16000366210938,85305.0,6939.02978515625,6939.02978515625,6964.08984375,6893.47998046875,6947.27001953125,6697340000.0,48892.46875,48892.46875,49047.6796875,48459.87890625,48991.62109375,761990000.0,23461.8203125,23461.8203125,23662.25,23351.55078125,23578.9609375,9255930000.0,53322.8515625,53322.8515625,53590.23828125,52923.12109375,53434.73046875,156800000.0,3744.0,3744.0,3752.0,3712.0,3737.0,1982240.0,24538.810546875,24538.810546875,24585.44921875,24366.390625,24376.150390625,65569500.0,10223.5,10223.5,10234.0,10141.599609375,10171.7998046875,832508200.0,96.98999786376953,96.98999786376953,97.1500015258789,96.31999969482422,96.31999969482422,0.0,153.16200256347656,153.16200256347656,154.74600219726562,153.0850067138672,153.14700317382812,0.0,76974.4453125,76974.4453125,79322.609375,75698.8984375,78626.125,53372509744.0
2026-02-02,4622.5,4622.5,4855.7998046875,4400.0,4807.7001953125,3588.0,76.77799987792969,76.77799987792969,84.38999938964844,73.36000061035156,81.0,388.0,5.801499843597412,5.801499843597412,5.859499931335449,5.568999767303467,5.739999771118164,1104.0,2093.5,2093.5,2105.0,2082.89990234375,2096.699951171875,160.0,62.13999938964844,62.13999938964844,64.73999786376953,61.38999938964844,64.72000122070312,414083.0,66.30000305175781,66.30000305175781,68.80999755859375,65.45999908447266,68.72000122070312,80104.0,6976.43994140625,6976.43994140625,6991.919921875,6914.33984375,6916.64013671875,5772050000.0,49407.66015625,49407.66015625,49484.94921875,48673.578125,48777.76953125,632100000.0,23592.109375,23592.109375,23686.830078125,23356.400390625,23370.5390625,8882530000.0,52655.1796875,52655.1796875,54247.1484375,52655.1796875,53575.37109375,153800000.0,3713.0,3713.0,3809.0,3709.0,3787.0,2379740.0,24797.51953125,24797.51953125,24851.69921875,24384.2109375,24392.08984375,57389000.0,10341.599609375,10341.599609375,10345.5,10145.400390625,10223.7001953125,951139400.0,97.61000061035156,97.61000061035156,97.7300033569336,97.01000213623047,97.19000244140625,0.0,155.20199584960938,155.20199584960938,155.68499755859375,154.56900024414062,155.13499450683594,0.0,78688.765625,78688.765625,79258.609375,74551.3359375,76968.875,75140589684.0
2026-02-03,4903.7001953125,4903.7001953125,4984.60009765625,4674.2998046875,4680.0,1213.0,83.04199981689453,83.04199981689453,88.19499969482422,80.0,80.125,840.0,6.0625,6.0625,6.07450008392334,5.869500160217285,5.874499797821045,699.0,2195.60009765625,2195.60009765625,2195.60009765625,2195.60009765625,2195.60009765625,20.0,63.209999084472656,63.209999084472656,64.20999908447266,61.119998931884766,62.279998779296875,381144.0,67.33000183105469,67.33000183105469,68.2699966430664,65.19000244140625,66.30000305175781,83736.0,6917.81005859375,6917.81005859375,6993.080078125,6862.0498046875,6985.4501953125,7017660000.0,49240.98828125,49240.98828125,49653.12890625,48832.78125,49358.58984375,741310000.0,23255.189453125,23255.189453125,23691.599609375,23027.2109375,23667.439453125,10306320000.0,54720.66015625,54720.66015625,54782.828125,53307.73828125,53332.1796875,156900000.0,3831.0,3831.0,3833.0,3773.0,3778.0,1818780.0,24780.7890625,24780.7890625,25098.7109375,24703.619140625,24956.759765625,69071000.0,10314.599609375,10314.599609375,10373.2998046875,10232.2001953125,10341.2998046875,874101200.0,97.44000244140625,97.44000244140625,97.69000244140625,97.30000305175781,97.5199966430664,0.0,155.4429931640625,155.4429931640625,156.07000732421875,155.31199645996094,155.5030059814453,0.0,75633.546875,75633.546875,79118.8515625,72897.140625,78693.5078125,68249110822.0
2026-02-04,4920.39990234375,4920.39990234375,5082.2001953125,4897.89990234375,4923.2998046875,3886.0,84.16500091552734,84.16500091552734,90.9749984741211,83.625,87.11000061035156,158.0,5.826000213623047,5.826000213623047,6.078999996185303,5.826000213623047,6.059999942779541,831.0,2162.699951171875,2162.699951171875,2282.39990234375,2162.699951171875,2245.0,85.0,65.13999938964844,65.13999938964844,65.52999877929688,62.86000061035156,63.79999923706055,446588.0,69.45999908447266,69.45999908447266,69.75,66.98999786376953,67.94000244140625,98236.0,6882.72021484375,6882.72021484375,6936.08984375,6838.7998046875,6924.5,7475750000.0,49501.30078125,49501.30078125,49649.859375,49112.4296875,49323.58984375,742920000.0,22904.580078125,22904.580078125,23270.0703125,22684.509765625,23217.01953125,10862000000.0,54293.359375,54293.359375,54459.41015625,53965.51171875,54250.41015625,186300000.0,3838.0,3838.0,3843.0,3801.0,3818.0,1222360.0,24603.0390625,24603.0390625,24877.91015625,24602.880859375,24845.58984375,89361200.0,10402.2998046875,10402.2998046875,10481.5,10308.0,10314.5,930136600.0,97.62000274658203,97.62000274658203,97.7300033569336,97.30999755859375,97.43000030517578,0.0,155.7989959716797,155.7989959716797,156.84500122070312,155.81500244140625,155.81500244140625,0.0,73019.703125,73019.703125,76864.65625,71779.9296875,75640.09375,67215363944.0
2026-02-05,4861.39990234375,4861.39990234375,5012.2998046875,4786.0,5008.7001953125,793.0,76.52899932861328,76.52899932861328,88.44000244140625,71.08000183105469,88.44000244140625,422.0,5.798999786376953,5.798999786376953,5.802999973297119,5.679999828338623,5.7769999504089355,884.0,2061.60009765625,2061.60009765625,2080.0,2061.60009765625,2080.0,42.0,63.290000915527344,63.290000915527344,64.66999816894531,62.650001525878906,64.48999786376953,389763.0,67.55000305175781,67.55000305175781,68.94000244140625,66.91999816894531,68.83000183105469,65248.0,6798.39990234375,6798.39990234375,6857.85009765625,6780.1298828125,6837.39013671875,6989120000.0,48908.71875,48908.71875,49340.8984375,48829.1015625,49313.0390625,710270000.0,22540.58984375,22540.58984375,22841.279296875,22461.140625,22604.01953125,10109230000.0,53818.0390625,53818.0390625,54459.078125,53653.05859375,54289.05078125,213200000.0,3836.0,3836.0,3870.0,3821.0,3855.0,1599190.0,24491.060546875,24491.060546875,24663.810546875,24272.619140625,24607.470703125,77762500.0,10309.2001953125,10309.2001953125,10404.0,10289.2998046875,10402.599609375,1277189600.0,97.81999969482422,97.81999969482422,97.98999786376953,97.61000061035156,97.66999816894531,0.0,156.91700744628906,156.91700744628906,157.3280029296875,156.56300354003906,156.9040069580078,0.0,62702.09765625,62702.09765625,73161.5546875,62353.53515625,73016.375,125509410908.0
2026-02-06,4951.2001953125,4951.2001953125,4958.5,4655.0,4762.0,1386.0,76.73500061035156,76.73500061035156,77.31999969482422,68.70999908447266,70.40499877929688,118.0,5.863500118255615,5.863500118255615,5.864500045776367,5.650000095367432,5.650000095367432,421.0,2093.300048828125,2093.300048828125,2093.300048828125,2093.300048828125,2093.300048828125,20.0,63.54999923706055,63.54999923706055,64.58000183105469,62.20000076293945,63.099998474121094,448924.0,68.05000305175781,68.05000305175781,68.81999969482422,66.58000183105469,67.41000366210938,79538.0,6932.2998046875,6932.2998046875,6944.89013671875,6816.740234375,6816.740234375,6283680000.0,50115.671875,50115.671875,50169.6484375,49032.19140625,49032.19140625,775490000.0,23031.2109375,23031.2109375,23088.4609375,22586.400390625,22625.30078125,9054400000.0,54253.6796875,54253.6796875,54253.6796875,52950.1484375,53435.37109375,188900000.0,3885.0,3885.0,3885.0,3793.0,3814.0,2961800.0,24721.4609375,24721.4609375,24737.970703125,24393.109375,24452.150390625,57339100.0,10369.7998046875,10369.7998046875,10380.5,10253.2001953125,10309.099609375,758885000.0,97.62999725341797,97.62999725341797,97.94999694824219,97.55999755859375,97.94999694824219,0.0,156.78399658203125,156.78399658203125,157.13099670410156,156.53900146484375,156.77099609375,0.0,70555.390625,70555.390625,71681.3046875,60074.203125,62704.453125,114674259489.0
2026-02-07,4951.2001953125,4951.2001953125,4958.5,4655.0,4762.0,1386.0,76.73500061035156,76.73500061035156,77.31999969482422,68.70999908447266,70.40499877929688,118.0,5.863500118255615,5.863500118255615,5.864500045776367,5.650000095367432,5.650000095367432,421.0,2093.300048828125,2093.300048828125,2093.300048828125,2093.300048828125,2093.300048828125,20.0,63.54999923706055,63.54999923706055,64.58000183105469,62.20000076293945,63.099998474121094,448924.0,68.05000305175781,68.05000305175781,68.81999969482422,66.58000183105469,67.41000366210938,79538.0,6932.2998046875,6932.2998046875,6944.89013671875,6816.740234375,6816.740234375,6283680000.0,50115.671875,50115.671875,50169.6484375,49032.19140625,49032.19140625,775490000.0,23031.2109375,23031.2109375,23088.4609375,22586.400390625,22625.30078125,9054400000.0,54253.6796875,54253.6796875,54253.6796875,52950.1484375,53435.37109375,188900000.0,3885.0,3885.0,3885.0,3793.0,3814.0,2961800.0,24721.4609375,24721.4609375,24737.970703125,24393.109375,24452.150390625,57339100.0,10369.7998046875,10369.7998046875,10380.5,10253.2001953125,10309.099609375,758885000.0,97.62999725341797,97.62999725341797,97.94999694824219,97.55999755859375,97.94999694824219,0.0,156.78399658203125,156.78399658203125,157.13099670410156,156.53900146484375,156.77099609375,0.0,69281.96875,69281.96875,71611.1484375,67364.4453125,70553.796875,62347107663.0
2026-02-08,4951.2001953125,4951.2001953125,4958.5,4655.0,4762.0,1386.0,76.73500061035156,76.73500061035156,77.31999969482422,68.70999908447266,70.40499877929688,118.0,5.863500118255615,5.863500118255615,5.864500045776367,5.650000095367432,5.650000095367432,421.0,2093.300048828125,2093.300048828125,2093.300048828125,2093.300048828125,2093.300048828125,20.0,63.54999923706055,63.54999923706055,64.58000183105469,62.20000076293945,63.099998474121094,448924.0,68.05000305175781,68.05000305175781,68.81999969482422,66.58000183105469,67.41000366210938,79538.0,6932.2998046875,6932.2998046875,6944.89013671875,6816.740234375,6816.740234375,6283680000.0,50115.671875,50115.671875,50169.6484375,49032.19140625,49032.19140625,775490000.0,23031.2109375,23031.2109375,23088.4609375,22586.400390625,22625.30078125,9054400000.0,54253.6796875,54253.6796875,54253.6796875,52950.1484375,53435.37109375,188900000.0,3885.0,3885.0,3885.0,3793.0,3814.0,2961800.0,24721.4609375,24721.4609375,24737.970703125,24393.109375,24452.150390625,57339100.0,10369.7998046875,10369.7998046875,10380.5,10253.2001953125,10309.099609375,758885000.0,97.62999725341797,97.62999725341797,97.94999694824219,97.55999755859375,97.94999694824219,0.0,156.78399658203125,156.78399658203125,157.13099670410156,156.53900146484375,156.77099609375,0.0,70264.7265625,70264.7265625,72206.90625,68852.8984375,69283.7265625,39721722619.0
2026-02-09,5050.89990234375,5050.89990234375,5065.7001953125,4979.10009765625,5017.39990234375,170.0,82.06500244140625,82.06500244140625,82.06500244140625,79.9800033569336,80.50499725341797,443.0,5.945000171661377,5.945000171661377,5.952499866485596,5.879499912261963,5.879499912261963,542.0,2108.89990234375,2108.89990234375,2108.89990234375,2108.89990234375,2108.89990234375,0.0,64.36000061035156,64.36000061035156,64.87999725341797,62.619998931884766,62.9900016784668,298005.0,69.04000091552734,69.04000091552734,69.44000244140625,67.02999877929688,67.51000213623047,51346.0,6964.81982421875,6964.81982421875,6980.10009765625,6905.8701171875,6917.259765625,5650260000.0,50135.87109375,50135.87109375,50219.3984375,49837.44921875,50047.7890625,623640000.0,23238.669921875,23238.669921875,23314.669921875,22878.369140625,22952.240234375,8174050000.0,56363.94140625,56363.94140625,57337.0703125,55018.5703125,55130.62890625,205000000.0,3973.0,3973.0,4019.0,3965.0,4017.0,4164860.0,25014.869140625,25014.869140625,25016.009765625,24714.890625,24860.669921875,50684100.0,10386.2001953125,10386.2001953125,10420.2998046875,10316.0,10369.7998046875,1018460900.0,96.81999969482422,96.81999969482422,97.76000213623047,96.79000091552734,97.69999694824219,0.0,157.24400329589844,157.24400329589844,157.2550048828125,155.53199768066406,157.2550048828125,0.0,70120.78125,70120.78125,71369.96875,68291.03125,70243.328125,52081598792.0
2026-02-10,5003.7998046875,5003.7998046875,5029.0,5002.7001953125,5013.5,281.0,80.21800231933594,80.21800231933594,81.67500305175781,79.83999633789062,81.67500305175781,112.0,5.895999908447266,5.895999908447266,5.901000022888184,5.875500202178955,5.887499809265137,445.0,2091.60009765625,2091.60009765625,2091.60009765625,2091.60009765625,2091.60009765625,0.0,63.959999084472656,63.959999084472656,64.70999908447266,63.650001525878906,64.44000244140625,276292.0,68.80000305175781,68.80000305175781,69.5,68.48999786376953,69.1500015258789,45779.0,6941.81005859375,6941.81005859375,6986.830078125,6937.52978515625,6974.490234375,5595950000.0,50188.140625,50188.140625,50512.7890625,50115.03125,50193.48828125,532700000.0,23102.470703125,23102.470703125,23310.73046875,23089.099609375,23271.220703125,8513440000.0,57650.5390625,57650.5390625,57960.19140625,56812.01171875,56812.01171875,191500000.0,4047.0,4047.0,4058.0,4007.0,4007.0,2156780.0,24987.849609375,24987.849609375,25075.75,24935.33984375,24960.58984375,61273800.0,10353.7998046875,10353.7998046875,10402.2001953125,10330.7998046875,10386.2001953125,993226600.0,96.80000305175781,96.80000305175781,97.01000213623047,96.61000061035156,97.0,0.0,156.1320037841797,156.1320037841797,156.28500366210938,154.07400512695312,156.1219940185547,0.0,68793.9609375,68793.9609375,70464.265625,67913.09375,70137.390625,40593063077.0
2026-02-11,5071.60009765625,5071.60009765625,5111.2998046875,5041.2998046875,5049.89990234375,2681.0,83.75399780273438,83.75399780273438,84.47000122070312,80.98500061035156,80.99500274658203,11.0,5.948999881744385,5.948999881744385,5.952499866485596,5.922999858856201,5.922999858856201,653.0,2137.89990234375,2137.89990234375,2137.89990234375,2137.89990234375,2137.89990234375,0.0,64.62999725341797,64.62999725341797,65.83000183105469,64.1500015258789,64.19999694824219,340194.0,69.4000015258789,69.4000015258789,70.72000122070312,69.01000213623047,69.11000061035156,49482.0,6941.47021484375,6941.47021484375,6993.47998046875,6911.97021484375,6976.47998046875,6175510000.0,50121.3984375,50121.3984375,50499.0390625,49901.609375,50243.1484375,569380000.0,23066.470703125,23066.470703125,23320.619140625,22902.009765625,23278.2890625,9927010000.0,57650.5390625,57650.5390625,57960.19140625,56812.01171875,56812.01171875,191500000.0,4047.0,4047.0,4058.0,4007.0,4007.0,2156780.0,24856.150390625,24856.150390625,25001.51953125,24834.7890625,24956.4609375,81192800.0,10472.099609375,10472.099609375,10493.7998046875,10353.7998046875,10353.7998046875,961824500.0,96.83000183105469,96.83000183105469,97.2699966430664,96.48999786376953,96.91000366210938,0.0,154.48199462890625,154.48199462890625,154.54600524902344,152.82400512695312,154.5019989013672,0.0,66991.96875,66991.96875,69242.6796875,65757.3046875,68791.859375,49671946030.0
2026-02-12,4923.7001953125,4923.7001953125,5078.10009765625,4892.0,5060.39990234375,484.0,75.5459976196289,75.5459976196289,82.69499969482422,75.5459976196289,82.68499755859375,78.0,5.770999908447266,5.770999908447266,5.972499847412109,5.75,5.972499847412109,1109.0,2014.0,2014.0,2014.0,2014.0,2014.0,0.0,62.84000015258789,62.84000015258789,65.0999984741211,62.38999938964844,64.87000274658203,369303.0,67.5199966430664,67.5199966430664,69.83999633789062,67.08999633789062,69.63999938964844,48058.0,6832.759765625,6832.759765625,6973.22021484375,6824.0400390625,6957.5400390625,7118700000.0,49451.98046875,49451.98046875,50447.01171875,49420.28125,50170.26953125,765340000.0,22597.150390625,22597.150390625,23161.599609375,22548.01953125,23142.869140625,8855290000.0,57639.83984375,57639.83984375,58015.078125,57554.48828125,57864.73828125,190000000.0,4077.0,4077.0,4083.0,4039.0,4051.0,4025310.0,24852.689453125,24852.689453125,25239.009765625,24813.23046875,25060.80078125,83215100.0,10402.400390625,10402.400390625,10535.7998046875,10392.0,10472.2001953125,1022354000.0,96.93000030517578,96.93000030517578,97.06999969482422,96.73999786376953,96.95999908447266,0.0,153.2689971923828,153.2689971923828,153.73800659179688,152.2779998779297,153.23899841308594,0.0,66221.84375,66221.84375,68339.4921875,65092.109375,66992.1953125,44651071271.0
2026-02-13,5022.0,5022.0,5043.89990234375,4946.2001953125,4953.0,232.0,77.85099792480469,77.85099792480469,78.47000122070312,74.83000183105469,75.11000061035156,63.0,5.792500019073486,5.792500019073486,5.798999786376953,5.699999809265137,5.795499801635742,1584.0,2071.199951171875,2071.199951171875,2071.199951171875,2071.199951171875,2071.199951171875,0.0,62.88999938964844,62.88999938964844,63.2599983215332,62.13999938964844,62.9900016784668,255793.0,67.75,67.75,68.05000305175781,66.88999938964844,67.58999633789062,42167.0,6836.169921875,6836.169921875,6881.9599609375,6794.5498046875,6834.27001953125,5718360000.0,49500.9296875,49500.9296875,49743.98046875,49084.3515625,49439.578125,597100000.0,22546.669921875,22546.669921875,22742.060546875,22402.380859375,22561.4609375,7964830000.0,56941.96875,56941.96875,57407.25,56652.48046875,57197.328125,210000000.0,4012.0,4012.0,4058.0,4005.0,4036.0,2848620.0,24914.880859375,24914.880859375,24953.150390625,24750.470703125,24822.30078125,83099200.0,10446.400390625,10446.400390625,10454.5,10380.900390625,10402.5,1406698800.0,96.87999725341797,96.87999725341797,97.16000366210938,96.80000305175781,96.94000244140625,0.0,152.8209991455078,152.8209991455078,153.65499877929688,152.7449951171875,152.7570037841797,0.0,68857.84375,68857.84375,69382.8359375,65835.78125,66213.375,40820775886.0
2026-02-14,5022.0,5022.0,5043.89990234375,4946.2001953125,4953.0,232.0,77.85099792480469,77.85099792480469,78.47000122070312,74.83000183105469,75.11000061035156,63.0,5.792500019073486,5.792500019073486,5.798999786376953,5.699999809265137,5.795499801635742,1584.0,2071.199951171875,2071.199951171875,2071.199951171875,2071.199951171875,2071.199951171875,0.0,62.88999938964844,62.88999938964844,63.2599983215332,62.13999938964844,62.9900016784668,255793.0,67.75,67.75,68.05000305175781,66.88999938964844,67.58999633789062,42167.0,6836.169921875,6836.169921875,6881.9599609375,6794.5498046875,6834.27001953125,5718360000.0,49500.9296875,49500.9296875,49743.98046875,49084.3515625,49439.578125,597100000.0,22546.669921875,22546.669921875,22742.060546875,22402.380859375,22561.4609375,7964830000.0,56941.96875,56941.96875,57407.25,56652.48046875,57197.328125,210000000.0,4012.0,4012.0,4058.0,4005.0,4036.0,2848620.0,24914.880859375,24914.880859375,24953.150390625,24750.470703125,24822.30078125,83099200.0,10446.400390625,10446.400390625,10454.5,10380.900390625,10402.5,1406698800.0,96.87999725341797,96.87999725341797,97.16000366210938,96.80000305175781,96.94000244140625,0.0,152.8209991455078,152.8209991455078,153.65499877929688,152.7449951171875,152.7570037841797,0.0,69767.625,69767.625,70481.1640625,68706.6171875,68856.984375,36012397645.0
2026-02-15,5022.0,5022.0,5043.89990234375,4946.2001953125,4953.0,232.0,77.85099792480469,77.85099792480469,78.47000122070312,74.83000183105469,75.11000061035156,63.0,5.792500019073486,5.792500019073486,5.798999786376953,5.699999809265137,5.795499801635742,1584.0,2071.199951171875,2071.199951171875,2071.199951171875,2071.199951171875,2071.199951171875,0.0,62.88999938964844,62.88999938964844,63.2599983215332,62.13999938964844,62.9900016784668,255793.0,67.75,67.75,68.05000305175781,66.88999938964844,67.58999633789062,42167.0,6836.169921875,6836.169921875,6881.9599609375,6794.5498046875,6834.27001953125,5718360000.0,49500.9296875,49500.9296875,49743.98046875,49084.3515625,49439.578125,597100000.0,22546.669921875,22546.669921875,22742.060546875,22402.380859375,22561.4609375,7964830000.0,56941.96875,56941.96875,57407.25,56652.48046875,57197.328125,210000000.0,4012.0,4012.0,4058.0,4005.0,4036.0,2848620.0,24914.880859375,24914.880859375,24953.150390625,24750.470703125,24822.30078125,83099200.0,10446.400390625,10446.400390625,10454.5,10380.900390625,10402.5,1406698800.0,96.87999725341797,96.87999725341797,97.16000366210938,96.80000305175781,96.94000244140625,0.0,152.8209991455078,152.8209991455078,153.65499877929688,152.7449951171875,152.7570037841797,0.0,68788.1875,68788.1875,70939.2890625,68052.546875,69764.953125,40191152750.0
2026-02-16,5022.0,5022.0,5043.89990234375,4946.2001953125,4953.0,232.0,77.85099792480469,77.85099792480469,78.47000122070312,74.83000183105469,75.11000061035156,63.0,5.792500019073486,5.792500019073486,5.798999786376953,5.699999809265137,5.795499801635742,1584.0,2071.199951171875,2071.199951171875,2071.199951171875,2071.199951171875,2071.199951171875,0.0,62.88999938964844,62.88999938964844,63.2599983215332,62.13999938964844,62.9900016784668,255793.0,67.75,67.75,68.05000305175781,66.88999938964844,67.58999633789062,42167.0,6836.169921875,6836.169921875,6881.9599609375,6794.5498046875,6834.27001953125,5718360000.0,49500.9296875,49500.9296875,49743.98046875,49084.3515625,49439.578125,597100000.0,22546.669921875,22546.669921875,22742.060546875,22402.380859375,22561.4609375,7964830000.0,56806.41015625,56806.41015625,57219.19921875,56748.1796875,57212.96875,137400000.0,3981.0,3981.0,4025.0,3973.0,4025.0,1882040.0,24800.91015625,24800.91015625,25020.830078125,24793.580078125,24988.609375,47149400.0,10473.7001953125,10473.7001953125,10490.099609375,10446.2998046875,10446.2998046875,540732700.0,96.87999725341797,96.87999725341797,97.16000366210938,96.80000305175781,96.94000244140625,0.0,152.7790069580078,152.7790069580078,153.61900329589844,152.77000427246094,152.78799438476562,0.0,68843.15625,68843.15625,70067.234375,67301.5859375,68782.3984375,33618145426.0
2026-02-17,4882.89990234375,4882.89990234375,5020.0,4847.7998046875,5020.0,540.0,73.4469985961914,73.4469985961914,75.3499984741211,72.0,75.3499984741211,61.0,5.632999897003174,5.632999897003174,5.636499881744385,5.632999897003174,5.634500026702881,941.0,2012.5,2012.5,2012.5,2012.5,2012.5,0.0,62.33000183105469,62.33000183105469,64.13999938964844,61.869998931884766,63.29999923706055,328727.0,67.41999816894531,67.41999816894531,69.02999877929688,66.83000183105469,68.05999755859375,74745.0,6843.22021484375,6843.22021484375,6866.990234375,6775.5,6819.85986328125,5418480000.0,49533.19140625,49533.19140625,49732.37109375,49169.83984375,49525.37109375,558570000.0,22578.380859375,22578.380859375,22690.830078125,22256.759765625,22394.759765625,7654300000.0,56566.48828125,56566.48828125,56926.23828125,56135.12109375,56819.37109375,132600000.0,3952.0,3952.0,3985.0,3932.0,3977.0,1415470.0,24998.400390625,24998.400390625,25020.640625,24734.0390625,24796.8203125,64755400.0,10556.2001953125,10556.2001953125,10556.2001953125,10472.7001953125,10474.0,650471900.0,97.16000366210938,97.16000366210938,97.55000305175781,97.06999969482422,97.12000274658203,0.0,153.60899353027344,153.60899353027344,153.88699340820312,152.7010040283203,153.5500030517578,0.0,67494.21875,67494.21875,69201.8671875,66615.28125,68843.09375,34866936040.0
2026-02-18,4986.5,4986.5,4987.0,4869.5,4872.2001953125,544.0,77.50900268554688,77.50900268554688,77.50900268554688,75.69999694824219,75.69999694824219,18.0,5.793499946594238,5.793499946594238,5.800000190734863,5.666999816894531,5.666999816894531,1156.0,2106.39990234375,2106.39990234375,2106.39990234375,2106.39990234375,2106.39990234375,0.0,65.19000244140625,65.19000244140625,65.55999755859375,62.119998931884766,62.29999923706055,115379.0,70.3499984741211,70.3499984741211,70.68000030517578,67.33999633789062,67.51000213623047,56115.0,6881.31005859375,6881.31005859375,6909.1201171875,6849.66015625,6855.47998046875,5098160000.0,49662.66015625,49662.66015625,49897.30859375,49469.05859375,49571.921875,493390000.0,22753.630859375,22753.630859375,22895.9609375,22597.76953125,22629.849609375,7705590000.0,57143.83984375,57143.83984375,57392.890625,56734.26953125,56734.26953125,130100000.0,3997.0,3997.0,4008.0,3972.0,3975.0,977350.0,25278.2109375,25278.2109375,25315.009765625,25100.919921875,25127.130859375,67611600.0,10686.2001953125,10686.2001953125,10715.7998046875,10554.0,10556.0,1080504800.0,97.69999694824219,97.69999694824219,97.73999786376953,97.12000274658203,97.13999938964844,0.0,153.1490020751953,153.1490020751953,154.47900390625,153.06300354003906,153.11599731445312,0.0,66425.3203125,66425.3203125,68434.4296875,65845.8984375,67488.0234375,33094301643.0
2026-02-19,4975.89990234375,4975.89990234375,5014.7001953125,4975.89990234375,5014.7001953125,37.0,77.56500244140625,77.56500244140625,78.94000244140625,76.94000244140625,76.94000244140625,208.0,5.730000019073486,5.730000019073486,5.735000133514404,5.724999904632568,5.735000133514404,993.0,2062.300048828125,2062.300048828125,2062.300048828125,2062.300048828125,2062.300048828125,0.0,66.43000030517578,66.43000030517578,66.9000015258789,64.87999725341797,65.0999984741211,113408.0,71.66000366210938,71.66000366210938,72.12999725341797,70.05000305175781,70.05000305175781,73081.0,6861.89013671875,6861.89013671875,6879.1201171875,6833.06005859375,6861.33984375,5151690000.0,49395.16015625,49395.16015625,49606.171875,49197.53125,49576.21875,439980000.0,22682.73046875,22682.73046875,22768.830078125,22583.609375,22639.880859375,6984780000.0,57467.828125,57467.828125,57709.8203125,57362.01171875,57472.078125,135500000.0,4046.0,4046.0,4052.0,4005.0,4016.0,1401950.0,25043.5703125,25043.5703125,25228.939453125,24983.890625,25198.380859375,57793900.0,10627.0,10627.0,10687.400390625,10597.599609375,10686.400390625,1134090700.0,97.93000030517578,97.93000030517578,98.06999969482422,97.56999969482422,97.7300033569336,0.0,154.6929931640625,154.6929931640625,155.31199645996094,154.53799438476562,154.6840057373047,0.0,66957.5234375,66957.5234375,67277.125,65637.4296875,66425.625,31492987019.0
2026-02-20,5059.2998046875,5059.2998046875,5072.7001953125,5039.5,5039.5,134.0,82.28299713134766,82.28299713134766,84.41500091552734,80.45999908447266,80.45999908447266,30.0,5.830999851226807,5.830999851226807,5.860499858856201,5.727499961853027,5.742000102996826,658.0,2169.699951171875,2169.699951171875,2169.699951171875,2169.699951171875,2169.699951171875,0.0,66.38999938964844,66.38999938964844,67.05000305175781,65.94000244140625,66.66999816894531,351351.0,71.76000213623047,71.76000213623047,72.31999969482422,71.08000183105469,71.73999786376953,40579.0,6909.509765625,6909.509765625,6915.85986328125,6836.330078125,6843.259765625,5432480000.0,49625.96875,49625.96875,49712.55859375,49158.28125,49323.0,574810000.0,22886.0703125,22886.0703125,22948.869140625,22539.05078125,22542.279296875,8063070000.0,56825.69921875,56825.69921875,56979.73828125,56680.87890625,56979.73828125,152400000.0,4001.0,4001.0,4015.0,3984.0,4014.0,1382940.0,25260.689453125,25260.689453125,25331.060546875,25004.810546875,25070.0,61964100.0,10686.900390625,10686.900390625,10745.7998046875,10626.7001953125,10627.0,798124100.0,97.80000305175781,97.80000305175781,98.08000183105469,97.58999633789062,97.9000015258789,0.0,155.16000366210938,155.16000366210938,155.625,154.718994140625,155.1739959716797,0.0,68005.421875,68005.421875,68269.03125,66452.484375,66958.578125,47507867304.0
2026-02-21,5059.2998046875,5059.2998046875,5072.7001953125,5039.5,5039.5,134.0,82.28299713134766,82.28299713134766,84.41500091552734,80.45999908447266,80.45999908447266,30.0,5.830999851226807,5.830999851226807,5.860499858856201,5.727499961853027,5.742000102996826,658.0,2169.699951171875,2169.699951171875,2169.699951171875,2169.699951171875,2169.699951171875,0.0,66.38999938964844,66.38999938964844,67.05000305175781,65.94000244140625,66.66999816894531,351351.0,71.76000213623047,71.76000213623047,72.31999969482422,71.08000183105469,71.73999786376953,40579.0,6909.509765625,6909.509765625,6915.85986328125,6836.330078125,6843.259765625,5432480000.0,49625.96875,49625.96875,49712.55859375,49158.28125,49323.0,574810000.0,22886.0703125,22886.0703125,22948.869140625,22539.05078125,22542.279296875,8063070000.0,56825.69921875,56825.69921875,56979.73828125,56680.87890625,56979.73828125,152400000.0,4001.0,4001.0,4015.0,3984.0,4014.0,1382940.0,25260.689453125,25260.689453125,25331.060546875,25004.810546875,25070.0,61964100.0,10686.900390625,10686.900390625,10745.7998046875,10626.7001953125,10627.0,798124100.0,97.80000305175781,97.80000305175781,98.08000183105469,97.58999633789062,97.9000015258789,0.0,155.16000366210938,155.16000366210938,155.625,154.718994140625,155.1739959716797,0.0,68003.765625,68003.765625,68657.703125,67533.0703125,68000.25,18357635642.0
2026-02-22,5059.2998046875,5059.2998046875,5072.7001953125,5039.5,5039.5,134.0,82.28299713134766,82.28299713134766,84.41500091552734,80.45999908447266,80.45999908447266,30.0,5.830999851226807,5.830999851226807,5.860499858856201,5.727499961853027,5.742000102996826,658.0,2169.699951171875,2169.699951171875,2169.699951171875,2169.699951171875,2169.699951171875,0.0,66.38999938964844,66.38999938964844,67.05000305175781,65.94000244140625,66.66999816894531,351351.0,71.76000213623047,71.76000213623047,72.31999969482422,71.08000183105469,71.73999786376953,40579.0,6909.509765625,6909.509765625,6915.85986328125,6836.330078125,6843.259765625,5432480000.0,49625.96875,49625.96875,49712.55859375,49158.28125,49323.0,574810000.0,22886.0703125,22886.0703125,22948.869140625,22539.05078125,22542.279296875,8063070000.0,56825.69921875,56825.69921875,56979.73828125,56680.87890625,56979.73828125,152400000.0,4001.0,4001.0,4015.0,3984.0,4014.0,1382940.0,25260.689453125,25260.689453125,25331.060546875,25004.810546875,25070.0,61964100.0,10686.900390625,10686.900390625,10745.7998046875,10626.7001953125,10627.0,798124100.0,97.80000305175781,97.80000305175781,98.08000183105469,97.58999633789062,97.9000015258789,0.0,155.16000366210938,155.16000366210938,155.625,154.718994140625,155.1739959716797,0.0,67659.390625,67659.390625,68235.2265625,67185.6015625,67998.828125,17893536012.0
2026-02-23,5204.7001953125,5204.7001953125,5211.60009765625,5120.2998046875,5120.2998046875,779.0,86.52300262451172,86.52300262451172,87.91500091552734,86.49500274658203,86.49500274658203,41.0,5.7729997634887695,5.7729997634887695,5.880000114440918,5.750500202178955,5.880000114440918,764.0,2146.39990234375,2146.39990234375,2146.39990234375,2146.39990234375,2146.39990234375,0.0,66.30999755859375,66.30999755859375,67.27999877929688,65.37999725341797,65.88999938964844,270365.0,71.48999786376953,71.48999786376953,72.4800033569336,70.73999786376953,71.23999786376953,28933.0,6837.75,6837.75,6916.9599609375,6819.81982421875,6901.25,5638350000.0,48804.05859375,48804.05859375,49695.609375,48731.4609375,49536.5390625,574610000.0,22627.26953125,22627.26953125,22893.220703125,22547.119140625,22840.970703125,8263920000.0,56825.69921875,56825.69921875,56979.73828125,56680.87890625,56979.73828125,152400000.0,4001.0,4001.0,4015.0,3984.0,4014.0,1382940.0,24991.970703125,24991.970703125,25194.9296875,24937.560546875,25114.390625,51828500.0,10684.7001953125,10684.7001953125,10738.7001953125,10660.0,10686.7998046875,702118900.0,97.69999694824219,97.69999694824219,97.8499984741211,97.36000061035156,97.69999694824219,0.0,154.33900451660156,154.33900451660156,155.02200317382812,153.9949951171875,154.3560028076172,0.0,64616.73828125,64616.73828125,67668.4296875,63924.4375,67668.4296875,50953457309.0
2026-02-24,5155.7998046875,5155.7998046875,5159.0,5112.7001953125,5158.7998046875,88.0,87.45700073242188,87.45700073242188,87.45700073242188,86.29000091552734,86.29000091552734,268.0,5.922999858856201,5.922999858856201,5.928500175476074,5.854000091552734,5.854000091552734,937.0,2181.10009765625,2181.10009765625,2181.10009765625,2181.10009765625,2181.10009765625,0.0,65.62999725341797,65.62999725341797,67.1500015258789,65.55000305175781,66.30999755859375,312124.0,70.7699966430664,70.7699966430664,72.23999786376953,70.70999908447266,71.47000122070312,37988.0,6890.06982421875,6890.06982421875,6899.169921875,6815.43017578125,6837.3701171875,5266090000.0,49174.5,49174.5,49295.2109375,48752.73828125,48827.80078125,524270000.0,22863.6796875,22863.6796875,22895.48046875,22528.259765625,22641.599609375,7932270000.0,57321.08984375,57321.08984375,57421.671875,56732.9296875,56764.140625,157800000.0,4011.0,4011.0,4016.0,3981.0,4000.0,2365630.0,24986.25,24986.25,25091.94921875,24878.099609375,24952.16015625,60643200.0,10680.599609375,10680.599609375,10717.7001953125,10645.7998046875,10684.900390625,999959100.0,97.87999725341797,97.87999725341797,97.98999786376953,97.69999694824219,97.69999694824219,0.0,154.63499450683594,154.63499450683594,156.24200439453125,154.61900329589844,154.63699340820312,0.0,64080.04296875,64080.04296875,64992.15625,62553.1875,64616.015625,40849331086.0
2026-02-25,5206.39990234375,5206.39990234375,5206.39990234375,5166.0,5166.0,1772.0,90.93900299072266,90.93900299072266,90.93900299072266,90.93900299072266,90.93900299072266,36156.0,5.979499816894531,5.979499816894531,5.982999801635742,5.9704999923706055,5.9704999923706055,29280.0,2325.60009765625,2325.60009765625,2325.60009765625,2325.60009765625,2325.60009765625,206.0,65.41999816894531,65.41999816894531,66.5999984741211,65.12000274658203,66.06999969482422,306780.0,70.8499984741211,70.8499984741211,71.76000213623047,70.44999694824219,71.22000122070312,18491.0,6946.1298828125,6946.1298828125,6952.509765625,6915.14990234375,6915.14990234375,5328060000.0,49482.1484375,49482.1484375,49517.359375,49206.87109375,49357.62890625,541620000.0,23152.080078125,23152.080078125,23169.6796875,23004.689453125,23005.009765625,8427450000.0,58583.12109375,58583.12109375,58875.171875,57656.5,57695.3984375,167100000.0,4045.0,4045.0,4055.0,3998.0,4035.0,1662870.0,25175.939453125,25175.939453125,25184.41015625,24988.609375,25051.83984375,55165100.0,10806.400390625,10806.400390625,10806.400390625,10680.7001953125,10680.7001953125,1270688000.0,97.69999694824219,97.69999694824219,98.0,97.62000274658203,97.8499984741211,0.0,155.8800048828125,155.8800048828125,156.80799865722656,155.35699462890625,155.91200256347656,0.0,67960.125,67960.125,69953.53125,63942.484375,64077.76953125,53629234355.0
2026-02-26,5176.5,5176.5,5199.2001953125,5143.89990234375,5177.2001953125,1520.0,86.99800109863281,86.99800109863281,90.25499725341797,84.9800033569336,88.92500305175781,6626.0,5.947000026702881,5.947000026702881,6.000500202178955,5.914000034332275,5.992499828338623,7727.0,2230.699951171875,2230.699951171875,2291.5,2230.699951171875,2291.5,65.0,65.20999908447266,65.20999908447266,66.70999908447266,63.599998474121094,65.6500015258789,498542.0,70.75,70.75,72.58999633789062,69.31999969482422,71.11000061035156,17725.0,6908.85986328125,6908.85986328125,6947.25,6859.72998046875,6944.740234375,5889550000.0,49499.19921875,49499.19921875,49815.21875,49237.37890625,49544.578125,684630000.0,22878.380859375,22878.380859375,23109.4609375,22670.80078125,23100.580078125,9033470000.0,58753.390625,58753.390625,59332.4296875,58577.83984375,58995.390625,155300000.0,4078.0,4078.0,4100.0,4072.0,4086.0,2366650.0,25289.01953125,25289.01953125,25318.94921875,25088.490234375,25095.859375,57068300.0,10846.7001953125,10846.7001953125,10856.7998046875,10770.7998046875,10806.400390625,853819000.0,97.79000091552734,97.79000091552734,97.9800033569336,97.48999786376953,97.58999633789062,0.0,156.1999969482422,156.1999969482422,156.26100158691406,155.74600219726562,156.14300537109375,0.0,67453.7734375,67453.7734375,68843.3515625,66523.734375,67954.8671875,42988597523.0
2026-02-27,5230.5,5230.5,5280.0,5176.7001953125,5186.7001953125,354.0,92.68199920654297,92.68199920654297,93.87999725341797,87.81999969482422,88.06500244140625,1134.0,6.004499912261963,6.004499912261963,6.079999923706055,5.959499835968018,5.959499835968018,3035.0,2365.60009765625,2365.60009765625,2365.60009765625,2357.39990234375,2358.300048828125,21.0,67.0199966430664,67.0199966430664,67.83000183105469,64.8499984741211,65.3499984741211,437053.0,72.4800033569336,72.4800033569336,72.98999786376953,70.44000244140625,70.5,79435.0,6878.8798828125,6878.8798828125,6882.9599609375,6831.740234375,6856.5400390625,6665660000.0,48977.921875,48977.921875,49253.5703125,48678.78125,49253.5703125,811800000.0,22668.2109375,22668.2109375,22735.779296875,22538.30078125,22615.4296875,9552610000.0,58850.26953125,58850.26953125,58924.171875,58130.5703125,58606.03125,192400000.0,4131.0,4131.0,4137.0,4071.0,4076.0,2116310.0,25284.259765625,25284.259765625,25405.970703125,25188.30078125,25294.369140625,95190700.0,10910.599609375,10910.599609375,10934.900390625,10845.5,10846.900390625,1531094400.0,97.61000061035156,97.61000061035156,97.8499984741211,97.55999755859375,97.75,0.0,155.85899353027344,155.85899353027344,156.2169952392578,155.54100036621094,155.87100219726562,0.0,65881.796875,65881.796875,68220.40625,64946.03515625,67456.515625,40283655942.0
2026-02-28,5230.5,5230.5,5280.0,5176.7001953125,5186.7001953125,354.0,92.68199920654297,92.68199920654297,93.87999725341797,87.81999969482422,88.06500244140625,1134.0,6.004499912261963,6.004499912261963,6.079999923706055,5.959499835968018,5.959499835968018,3035.0,2365.60009765625,2365.60009765625,2365.60009765625,2357.39990234375,2358.300048828125,21.0,67.0199966430664,67.0199966430664,67.83000183105469,64.8499984741211,65.3499984741211,437053.0,72.4800033569336,72.4800033569336,72.98999786376953,70.44000244140625,70.5,79435.0,6878.8798828125,6878.8798828125,6882.9599609375,6831.740234375,6856.5400390625,6665660000.0,48977.921875,48977.921875,49253.5703125,48678.78125,49253.5703125,811800000.0,22668.2109375,22668.2109375,22735.779296875,22538.30078125,22615.4296875,9552610000.0,58850.26953125,58850.26953125,58924.171875,58130.5703125,58606.03125,192400000.0,4131.0,4131.0,4137.0,4071.0,4076.0,2116310.0,25284.259765625,25284.259765625,25405.970703125,25188.30078125,25294.369140625,95190700.0,10910.599609375,10910.599609375,10934.900390625,10845.5,10846.900390625,1531094400.0,97.61000061035156,97.61000061035156,97.8499984741211,97.55999755859375,97.75,0.0,155.85899353027344,155.85899353027344,156.2169952392578,155.54100036621094,155.87100219726562,0.0,66995.859375,66995.859375,67714.5234375,63062.21875,65878.9296875,42041497112.0
2026-03-01,5230.5,5230.5,5280.0,5176.7001953125,5186.7001953125,354.0,92.68199920654297,92.68199920654297,93.87999725341797,87.81999969482422,88.06500244140625,1134.0,6.004499912261963,6.004499912261963,6.079999923706055,5.959499835968018,5.959499835968018,3035.0,2365.60009765625,2365.60009765625,2365.60009765625,2357.39990234375,2358.300048828125,21.0,67.0199966430664,67.0199966430664,67.83000183105469,64.8499984741211,65.3499984741211,437053.0,72.4800033569336,72.4800033569336,72.98999786376953,70.44000244140625,70.5,79435.0,6878.8798828125,6878.8798828125,6882.9599609375,6831.740234375,6856.5400390625,6665660000.0,48977.921875,48977.921875,49253.5703125,48678.78125,49253.5703125,811800000.0,22668.2109375,22668.2109375,22735.779296875,22538.30078125,22615.4296875,9552610000.0,58850.26953125,58850.26953125,58924.171875,58130.5703125,58606.03125,192400000.0,4131.0,4131.0,4137.0,4071.0,4076.0,2116310.0,25284.259765625,25284.259765625,25405.970703125,25188.30078125,25294.369140625,95190700.0,10910.599609375,10910.599609375,10934.900390625,10845.5,10846.900390625,1531094400.0,97.61000061035156,97.61000061035156,97.8499984741211,97.55999755859375,97.75,0.0,155.85899353027344,155.85899353027344,156.2169952392578,155.54100036621094,155.87100219726562,0.0,65738.1015625,65738.1015625,68162.8203125,65076.73046875,67005.8828125,40733141929.0
2026-03-02,5294.39990234375,5294.39990234375,5405.0,5266.2998046875,5346.60009765625,72.0,88.28399658203125,88.28399658203125,95.86000061035156,86.22000122070312,95.86000061035156,1338.0,5.894499778747559,5.894499778747559,6.0304999351501465,5.876999855041504,5.9664998054504395,1695.0,2311.89990234375,2311.89990234375,2311.89990234375,2311.89990234375,2311.89990234375,23.0,71.2300033569336,71.2300033569336,75.33000183105469,69.19999694824219,75.0,881329.0,77.73999786376953,77.73999786376953,82.11000061035156,75.79000091552734,77.0,143671.0,6881.6201171875,6881.6201171875,6901.009765625,6796.85009765625,6824.35986328125,6079080000.0,48904.78125,48904.78125,49064.671875,48377.9609375,48794.421875,552340000.0,22748.859375,22748.859375,22802.80078125,22306.080078125,22322.119140625,8303030000.0,58057.23828125,58057.23828125,58365.2109375,57285.76953125,57976.19921875,162400000.0,4094.0,4094.0,4094.0,4015.0,4038.0,4055250.0,24638.0,24638.0,24897.609375,24577.419921875,24695.439453125,78329800.0,10780.099609375,10780.099609375,10911.0,10731.900390625,10911.0,1305516300.0,98.37999725341797,98.37999725341797,98.75,97.7699966430664,97.87000274658203,0.0,156.63299560546875,156.63299560546875,157.74400329589844,156.1479949951172,156.60800170898438,0.0,68775.8515625,68775.8515625,70044.0,65303.13671875,65734.078125,56698092052.0
2026-03-03,5107.39990234375,5107.39990234375,5303.7998046875,5023.0,5298.7001953125,1776.0,82.9229965209961,82.9229965209961,90.80000305175781,79.0,89.58999633789062,1600.0,5.773499965667725,5.773499965667725,5.943999767303467,5.71999979019165,5.909999847412109,1489.0,2074.800048828125,2074.800048828125,2074.800048828125,2074.800048828125,2074.800048828125,0.0,74.55999755859375,74.55999755859375,77.9800033569336,70.41000366210938,71.2300033569336,1009753.0,81.4000015258789,81.4000015258789,85.05000305175781,77.37000274658203,78.05000305175781,229556.0,6816.6298828125,6816.6298828125,6840.0498046875,6710.419921875,6800.259765625,6442080000.0,48501.26953125,48501.26953125,48695.359375,47626.8515625,48493.109375,533540000.0,22516.689453125,22516.689453125,22601.58984375,22124.779296875,22292.369140625,9705500000.0,56279.05078125,56279.05078125,57890.76171875,56091.5390625,57729.80078125,179000000.0,3959.0,3959.0,4066.0,3952.0,4054.0,3375980.0,23790.650390625,23790.650390625,24239.51953125,23601.109375,24207.439453125,105244400.0,10484.099609375,10484.099609375,10780.2998046875,10406.099609375,10780.2998046875,1502778100.0,99.05000305175781,99.05000305175781,99.68000030517578,98.44000244140625,98.55999755859375,0.0,157.2570037841797,157.2570037841797,157.96600341796875,157.1529998779297,157.27200317382812,0.0,68293.6484375,68293.6484375,69232.890625,66237.6171875,68785.078125,47947999049.0
2026-03-04,5120.2001953125,5120.2001953125,5180.2001953125,5117.2001953125,5130.7001953125,679.0,82.63300323486328,82.63300323486328,85.01499938964844,82.63300323486328,83.08499908447266,502.0,5.855000019073486,5.855000019073486,5.889500141143799,5.789000034332275,5.790500164031982,736.0,2154.699951171875,2154.699951171875,2154.699951171875,2154.699951171875,2154.699951171875,5.0,74.66000366210938,74.66000366210938,77.2300033569336,73.27999877929688,74.73999786376953,617822.0,81.4000015258789,81.4000015258789,84.44999694824219,80.30000305175781,81.9000015258789,152390.0,6869.5,6869.5,6885.93994140625,6811.64013671875,6831.68994140625,5252170000.0,48739.41015625,48739.41015625,48854.05078125,48354.37109375,48589.76953125,511380000.0,22807.48046875,22807.48046875,22891.880859375,22570.669921875,22620.890625,10918410000.0,54245.5390625,54245.5390625,55701.26953125,53618.19921875,55470.87890625,214000000.0,3818.0,3818.0,3910.0,3770.0,3859.0,8175700.0,24205.359375,24205.359375,24242.490234375,23814.890625,23901.3203125,74842200.0,10567.7001953125,10567.7001953125,10588.7998046875,10443.5,10483.900390625,1040017600.0,98.7699966430664,98.7699966430664,99.33000183105469,98.69999694824219,99.11000061035156,0.0,157.7729949951172,157.7729949951172,157.84500122070312,156.88299560546875,157.781005859375,0.0,72710.578125,72710.578125,74051.8046875,67437.40625,68290.5625,75073101274.0
2026-03-05,5065.2998046875,5065.2998046875,5169.5,5054.7001953125,5169.5,1701.0,81.68699645996094,81.68699645996094,84.1500015258789,80.95500183105469,84.09500122070312,597.0,5.752999782562256,5.752999782562256,5.848999977111816,5.730000019073486,5.848999977111816,1705.0,2130.0,2130.0,2130.0,2130.0,2130.0,205.0,81.01000213623047,81.01000213623047,82.16000366210938,74.97000122070312,76.1500015258789,707030.0,85.41000366210938,85.41000366210938,86.27999877929688,81.5199966430664,82.43000030517578,146018.0,6830.7099609375,6830.7099609375,6870.43017578125,6770.77978515625,6851.080078125,5989300000.0,47954.73828125,47954.73828125,48526.73046875,47577.109375,48526.73046875,625110000.0,22748.990234375,22748.990234375,22877.01953125,22500.2890625,22707.470703125,10994660000.0,55278.05859375,55278.05859375,56619.98046875,54910.328125,55204.16015625,184900000.0,3885.0,3885.0,3966.0,3866.0,3939.0,3757840.0,23815.75,23815.75,24366.810546875,23754.650390625,24145.439453125,77049300.0,10413.900390625,10413.900390625,10636.099609375,10402.0,10567.7001953125,978325000.0,99.31999969482422,99.31999969482422,99.41000366210938,98.66999816894531,98.7699966430664,0.0,156.98300170898438,156.98300170898438,157.76800537109375,156.4739990234375,156.9709930419922,0.0,70841.125,70841.125,73555.7890625,70654.8828125,72712.65625,51172841727.0
2026-03-06,5146.10009765625,5146.10009765625,5146.10009765625,5076.10009765625,5121.0,148.0,83.81600189208984,83.81600189208984,84.33499908447266,81.42500305175781,82.91999816894531,282.0,5.756999969482422,5.756999969482422,5.791999816894531,5.735499858856201,5.785999774932861,1171.0,2142.39990234375,2142.39990234375,2142.39990234375,2142.39990234375,2142.39990234375,0.0,90.9000015258789,90.9000015258789,92.61000061035156,78.23999786376953,79.08000183105469,996251.0,92.69000244140625,92.69000244140625,94.55000305175781,83.16999816894531,84.83999633789062,197523.0,6740.02001953125,6740.02001953125,6773.419921875,6711.56005859375,6769.02978515625,5793120000.0,47501.55078125,47501.55078125,47634.55078125,47009.01171875,47634.55078125,541850000.0,22387.6796875,22387.6796875,22614.41015625,22328.130859375,22421.169921875,9300220000.0,55620.83984375,55620.83984375,55686.55859375,54513.4296875,54674.6015625,142800000.0,3903.0,3903.0,3908.0,3834.0,3842.0,2447550.0,23591.029296875,23591.029296875,24028.439453125,23342.880859375,23942.890625,88264600.0,10284.7998046875,10284.7998046875,10481.099609375,10234.5,10413.599609375,1060629000.0,98.98999786376953,98.98999786376953,99.44000244140625,98.83999633789062,99.01000213623047,0.0,157.53399658203125,157.53399658203125,158.07400512695312,157.41200256347656,157.52200317382812,0.0,68136.4921875,68136.4921875,71378.5703125,67757.8203125,70842.15625,43776962871.0
2026-03-07,5146.10009765625,5146.10009765625,5146.10009765625,5076.10009765625,5121.0,148.0,83.81600189208984,83.81600189208984,84.33499908447266,81.42500305175781,82.91999816894531,282.0,5.756999969482422,5.756999969482422,5.791999816894531,5.735499858856201,5.785999774932861,1171.0,2142.39990234375,2142.39990234375,2142.39990234375,2142.39990234375,2142.39990234375,0.0,90.9000015258789,90.9000015258789,92.61000061035156,78.23999786376953,79.08000183105469,996251.0,92.69000244140625,92.69000244140625,94.55000305175781,83.16999816894531,84.83999633789062,197523.0,6740.02001953125,6740.02001953125,6773.419921875,6711.56005859375,6769.02978515625,5793120000.0,47501.55078125,47501.55078125,47634.55078125,47009.01171875,47634.55078125,541850000.0,22387.6796875,22387.6796875,22614.41015625,22328.130859375,22421.169921875,9300220000.0,55620.83984375,55620.83984375,55686.55859375,54513.4296875,54674.6015625,142800000.0,3903.0,3903.0,3908.0,3834.0,3842.0,2447550.0,23591.029296875,23591.029296875,24028.439453125,23342.880859375,23942.890625,88264600.0,10284.7998046875,10284.7998046875,10481.099609375,10234.5,10413.599609375,1060629000.0,98.98999786376953,98.98999786376953,99.44000244140625,98.83999633789062,99.01000213623047,0.0,157.53399658203125,157.53399658203125,158.07400512695312,157.41200256347656,157.52200317382812,0.0,67272.59375,67272.59375,68515.1640625,66969.2578125,68136.6875,23258701211.0
2026-03-08,5146.10009765625,5146.10009765625,5146.10009765625,5076.10009765625,5121.0,148.0,83.81600189208984,83.81600189208984,84.33499908447266,81.42500305175781,82.91999816894531,282.0,5.756999969482422,5.756999969482422,5.791999816894531,5.735499858856201,5.785999774932861,1171.0,2142.39990234375,2142.39990234375,2142.39990234375,2142.39990234375,2142.39990234375,0.0,90.9000015258789,90.9000015258789,92.61000061035156,78.23999786376953,79.08000183105469,996251.0,92.69000244140625,92.69000244140625,94.55000305175781,83.16999816894531,84.83999633789062,197523.0,6740.02001953125,6740.02001953125,6773.419921875,6711.56005859375,6769.02978515625,5793120000.0,47501.55078125,47501.55078125,47634.55078125,47009.01171875,47634.55078125,541850000.0,22387.6796875,22387.6796875,22614.41015625,22328.130859375,22421.169921875,9300220000.0,55620.83984375,55620.83984375,55686.55859375,54513.4296875,54674.6015625,142800000.0,3903.0,3903.0,3908.0,3834.0,3842.0,2447550.0,23591.029296875,23591.029296875,24028.439453125,23342.880859375,23942.890625,88264600.0,10284.7998046875,10284.7998046875,10481.099609375,10234.5,10413.599609375,1060629000.0,98.98999786376953,98.98999786376953,99.44000244140625,98.83999633789062,99.01000213623047,0.0,157.53399658203125,157.53399658203125,158.07400512695312,157.41200256347656,157.52200317382812,0.0,65969.78125,65969.78125,68177.7890625,65639.1953125,67272.5,33195080116.0
2026-03-09,5091.5,5091.5,5160.60009765625,5077.7001953125,5155.0,639.0,84.03199768066406,84.03199768066406,86.51000213623047,79.5,82.49500274658203,497.0,5.80049991607666,5.80049991607666,5.8460001945495605,5.630000114440918,5.7230000495910645,1061.0,2169.60009765625,2169.60009765625,2169.60009765625,2169.60009765625,2169.60009765625,0.0,94.7699966430664,94.7699966430664,119.4800033569336,81.19000244140625,98.0,1107193.0,98.95999908447266,98.95999908447266,119.4000015258789,83.87999725341797,98.36000061035156,235965.0,6795.990234375,6795.990234375,6810.43994140625,6636.0400390625,6699.7998046875,6709410000.0,47740.80078125,47740.80078125,47876.05859375,46615.51953125,47371.28125,560020000.0,22695.94921875,22695.94921875,22741.029296875,22061.970703125,22184.05078125,9797740000.0,52728.71875,52728.71875,54608.62890625,51407.66015625,54608.62890625,219400000.0,3754.0,3754.0,3768.0,3668.0,3693.0,5997620.0,23409.369140625,23409.369140625,23470.80078125,22927.55078125,22998.939453125,71540700.0,10249.5,10249.5,10285.0,10082.0,10285.0,1073211800.0,99.18000030517578,99.18000030517578,99.69999694824219,98.72000122070312,98.86000061035156,0.0,158.427001953125,158.427001953125,158.8939971923828,158.0030059814453,158.38400268554688,0.0,68402.3828125,68402.3828125,69474.9453125,65858.0078125,65969.5859375,49499875378.0
2026-03-10,5229.7001953125,5229.7001953125,5229.7001953125,5137.60009765625,5138.2001953125,4300.0,89.08300018310547,89.08300018310547,89.58999633789062,87.0,87.12000274658203,106.0,5.9039998054504395,5.9039998054504395,5.90749979019165,5.829500198364258,5.8445000648498535,737.0,2235.0,2235.0,2235.0,2235.0,2235.0,200.0,83.44999694824219,83.44999694824219,91.4800033569336,76.7300033569336,85.75,801564.0,87.80000305175781,87.80000305175781,95.08000183105469,81.16000366210938,92.44999694824219,144614.0,6781.47998046875,6781.47998046875,6845.080078125,6759.740234375,6796.56005859375,5944950000.0,47706.51171875,47706.51171875,48220.5390625,47444.23046875,47771.4296875,490360000.0,22697.099609375,22697.099609375,22906.720703125,22608.23046875,22722.939453125,8800580000.0,54248.390625,54248.390625,54694.890625,53487.19140625,53524.08984375,162500000.0,3847.0,3847.0,3876.0,3808.0,3824.0,3101620.0,23968.630859375,23968.630859375,24061.150390625,23765.240234375,23886.380859375,76604500.0,10412.2001953125,10412.2001953125,10447.5,10235.400390625,10249.2001953125,1224090500.0,98.83000183105469,98.83000183105469,98.94999694824219,98.48999786376953,98.80000305175781,0.0,157.84800720214844,157.84800720214844,157.95899963378906,157.27699279785156,157.8560028076172,0.0,69926.921875,69926.921875,71770.8984375,68402.71875,68402.71875,54003996096.0
2026-03-11,5167.39990234375,5167.39990234375,5191.2998046875,5167.39990234375,5190.7998046875,633.0,85.06500244140625,85.06500244140625,88.68000030517578,84.5250015258789,88.54499816894531,1455.0,5.8454999923706055,5.8454999923706055,5.888500213623047,5.7895002365112305,5.888500213623047,853.0,2205.0,2205.0,2205.0,2205.0,2205.0,0.0,87.25,87.25,88.98999786376953,81.79000091552734,86.88999938964844,538020.0,91.9800033569336,91.9800033569336,93.25,86.31999969482422,91.30000305175781,101940.0,6775.7998046875,6775.7998046875,6811.14990234375,6745.58984375,6790.08984375,5511090000.0,47417.26953125,47417.26953125,47711.26171875,47185.890625,47690.76171875,419500000.0,22716.130859375,22716.130859375,22877.7109375,22602.330078125,22771.26953125,8348570000.0,55025.37109375,55025.37109375,55745.37890625,54882.578125,54917.9296875,146900000.0,3883.0,3883.0,3929.0,3879.0,3898.0,2376950.0,23640.029296875,23640.029296875,23824.73046875,23533.69921875,23725.2109375,59778300.0,10353.7998046875,10353.7998046875,10412.2998046875,10293.7998046875,10412.2998046875,1036944800.0,99.2300033569336,99.2300033569336,99.30000305175781,98.69999694824219,98.94000244140625,0.0,158.11399841308594,158.11399841308594,158.83900451660156,157.8699951171875,158.0679931640625,0.0,70204.8828125,70204.8828125,71337.6640625,68998.8671875,69931.25,45236859848.0
2026-03-12,5115.7998046875,5115.7998046875,5137.2001953125,5115.7998046875,5137.2001953125,410.0,84.66999816894531,84.66999816894531,87.16000366210938,84.66999816894531,86.56500244140625,284.0,5.82450008392334,5.82450008392334,5.852499961853027,5.77400016784668,5.8520002365112305,636.0,2160.0,2160.0,2160.0,2160.0,2160.0,0.0,95.7300033569336,95.7300033569336,97.19000244140625,88.61000061035156,89.31999969482422,548999.0,100.45999908447266,100.45999908447266,101.80000305175781,93.69999694824219,93.73999786376953,92219.0,6672.6201171875,6672.6201171875,6740.8798828125,6670.39990234375,6740.8798828125,6292170000.0,46677.8515625,46677.8515625,47242.51953125,46662.23046875,47242.51953125,535900000.0,22311.98046875,22311.98046875,22550.75,22290.48046875,22526.58984375,8490850000.0,54452.9609375,54452.9609375,54733.078125,53796.01171875,54387.8984375,154100000.0,3829.0,3829.0,3849.0,3794.0,3834.0,2992830.0,23589.650390625,23589.650390625,23703.55078125,23368.0703125,23577.8203125,78270100.0,10305.2001953125,10305.2001953125,10355.2998046875,10258.400390625,10353.7998046875,1083987200.0,99.73999786376953,99.73999786376953,99.76000213623047,99.25,99.44999694824219,0.0,159.0749969482422,159.0749969482422,159.28399658203125,158.572998046875,159.09300231933594,0.0,70493.4609375,70493.4609375,70775.828125,69230.15625,70209.765625,40871848129.0
2026-03-13,5052.5,5052.5,5117.0,5009.5,5089.60009765625,479.0,80.91400146484375,80.91400146484375,83.81500244140625,79.44999694824219,82.0,856.0,5.7144999504089355,5.7144999504089355,5.791999816894531,5.628499984741211,5.729000091552734,546.0,2036.5999755859375,2036.5999755859375,2036.5999755859375,2036.5999755859375,2036.5999755859375,0.0,98.70999908447266,98.70999908447266,99.31999969482422,92.04000091552734,96.73999786376953,436700.0,103.13999938964844,103.13999938964844,103.9000015258789,97.55000305175781,101.66000366210938,71698.0,6632.18994140625,6632.18994140625,6733.2998046875,6623.919921875,6673.490234375,5337120000.0,46558.46875,46558.46875,47123.98828125,46494.62890625,46689.23828125,453250000.0,22105.359375,22105.359375,22521.380859375,22069.240234375,22425.69921875,8278740000.0,53819.609375,53819.609375,54065.30859375,53286.69140625,53587.30078125,169000000.0,3809.0,3809.0,3831.0,3755.0,3779.0,3244700.0,23447.2890625,23447.2890625,23762.119140625,23293.51953125,23381.91015625,62336900.0,10261.2001953125,10261.2001953125,10367.400390625,10200.2001953125,10305.5,816906000.0,100.36000061035156,100.36000061035156,100.54000091552734,99.58999633789062,99.69000244140625,0.0,159.20599365234375,159.20599365234375,159.63099670410156,159.00399780273438,159.2100067138672,0.0,70968.265625,70968.265625,73927.328125,70410.7265625,70497.046875,61167226505.0
2026-03-14,5052.5,5052.5,5117.0,5009.5,5089.60009765625,479.0,80.91400146484375,80.91400146484375,83.81500244140625,79.44999694824219,82.0,856.0,5.7144999504089355,5.7144999504089355,5.791999816894531,5.628499984741211,5.729000091552734,546.0,2036.5999755859375,2036.5999755859375,2036.5999755859375,2036.5999755859375,2036.5999755859375,0.0,98.70999908447266,98.70999908447266,99.31999969482422,92.04000091552734,96.73999786376953,436700.0,103.13999938964844,103.13999938964844,103.9000015258789,97.55000305175781,101.66000366210938,71698.0,6632.18994140625,6632.18994140625,6733.2998046875,6623.919921875,6673.490234375,5337120000.0,46558.46875,46558.46875,47123.98828125,46494.62890625,46689.23828125,453250000.0,22105.359375,22105.359375,22521.380859375,22069.240234375,22425.69921875,8278740000.0,53819.609375,53819.609375,54065.30859375,53286.69140625,53587.30078125,169000000.0,3809.0,3809.0,3831.0,3755.0,3779.0,3244700.0,23447.2890625,23447.2890625,23762.119140625,23293.51953125,23381.91015625,62336900.0,10261.2001953125,10261.2001953125,10367.400390625,10200.2001953125,10305.5,816906000.0,100.36000061035156,100.36000061035156,100.54000091552734,99.58999633789062,99.69000244140625,0.0,159.20599365234375,159.20599365234375,159.63099670410156,159.00399780273438,159.2100067138672,0.0,71214.625,71214.625,71291.203125,70339.5859375,70965.3828125,22283546496.0
2026-03-15,5052.5,5052.5,5117.0,5009.5,5089.60009765625,479.0,80.91400146484375,80.91400146484375,83.81500244140625,79.44999694824219,82.0,856.0,5.7144999504089355,5.7144999504089355,5.791999816894531,5.628499984741211,5.729000091552734,546.0,2036.5999755859375,2036.5999755859375,2036.5999755859375,2036.5999755859375,2036.5999755859375,0.0,98.70999908447266,98.70999908447266,99.31999969482422,92.04000091552734,96.73999786376953,436700.0,103.13999938964844,103.13999938964844,103.9000015258789,97.55000305175781,101.66000366210938,71698.0,6632.18994140625,6632.18994140625,6733.2998046875,6623.919921875,6673.490234375,5337120000.0,46558.46875,46558.46875,47123.98828125,46494.62890625,46689.23828125,453250000.0,22105.359375,22105.359375,22521.380859375,22069.240234375,22425.69921875,8278740000.0,53819.609375,53819.609375,54065.30859375,53286.69140625,53587.30078125,169000000.0,3809.0,3809.0,3831.0,3755.0,3779.0,3244700.0,23447.2890625,23447.2890625,23762.119140625,23293.51953125,23381.91015625,62336900.0,10261.2001953125,10261.2001953125,10367.400390625,10200.2001953125,10305.5,816906000.0,100.36000061035156,100.36000061035156,100.54000091552734,99.58999633789062,99.69000244140625,0.0,159.20599365234375,159.20599365234375,159.63099670410156,159.00399780273438,159.2100067138672,0.0,72789.9140625,72789.9140625,73173.0078125,70882.421875,71213.6796875,27991268669.0
2026-03-16,4994.0,4994.0,5010.60009765625,4994.0,5001.60009765625,130.0,80.26300048828125,80.26300048828125,80.90499877929688,79.0,79.0,91.0,5.790500164031982,5.790500164031982,5.809500217437744,5.630000114440918,5.630000114440918,571.0,2089.5,2089.5,2105.800048828125,2070.699951171875,2070.699951171875,2.0,93.5,93.5,102.44000244140625,92.93000030517578,100.93000030517578,455454.0,100.20999908447266,100.20999908447266,106.51000213623047,99.55999755859375,105.51000213623047,77839.0,6699.3798828125,6699.3798828125,6729.7900390625,6674.3701171875,6674.3701171875,5176290000.0,46946.41015625,46946.41015625,47176.140625,46707.3984375,46707.3984375,514980000.0,22374.1796875,22374.1796875,22521.58984375,22316.630859375,22340.390625,8208800000.0,53751.1484375,53751.1484375,53983.51171875,53113.94921875,53627.859375,128800000.0,3790.0,3790.0,3821.0,3764.0,3802.0,1864930.0,23564.009765625,23564.009765625,23699.5,23334.970703125,23480.5,63894500.0,10317.7001953125,10317.7001953125,10376.5,10255.2998046875,10261.099609375,896903000.0,99.70999908447266,99.70999908447266,100.4800033569336,99.66000366210938,100.43000030517578,0.0,159.5679931640625,159.5679931640625,159.62100219726562,158.85400390625,159.51199340820312,0.0,74861.0859375,74861.0859375,74901.859375,72300.6328125,72798.171875,55572438409.0
2026-03-17,5001.0,5001.0,5017.60009765625,4994.2001953125,5017.60009765625,239.0,79.52999877929688,79.52999877929688,82.23999786376953,78.58000183105469,80.43000030517578,248.0,5.726500034332275,5.726500034332275,5.748499870300293,5.699999809265137,5.742000102996826,703.0,2131.800048828125,2131.800048828125,2131.800048828125,2131.800048828125,2131.800048828125,0.0,96.20999908447266,96.20999908447266,98.41999816894531,93.83000183105469,94.41000366210938,308425.0,103.41999816894531,103.41999816894531,104.9800033569336,100.76000213623047,101.37000274658203,65199.0,6716.08984375,6716.08984375,6754.2998046875,6710.7998046875,6722.35009765625,5063390000.0,46993.26171875,46993.26171875,47428.12109375,46975.51953125,47085.53125,479900000.0,22479.529296875,22479.529296875,22569.640625,22409.0703125,22458.029296875,8505210000.0,53700.390625,53700.390625,54388.4296875,53482.58984375,54286.26171875,117800000.0,3809.0,3809.0,3854.0,3793.0,3838.0,2428570.0,23730.919921875,23730.919921875,23820.580078125,23464.83984375,23500.33984375,62749800.0,10403.599609375,10403.599609375,10436.099609375,10317.599609375,10317.599609375,886665000.0,99.58000183105469,99.58000183105469,100.12000274658203,99.5,99.86000061035156,0.0,159.10499572753906,159.10499572753906,159.48699951171875,158.72500610351562,159.13900756835938,0.0,73922.4765625,73922.4765625,75988.3984375,73444.2265625,74855.296875,49500721728.0
2026-03-18,4889.89990234375,4889.89990234375,4949.60009765625,4821.7001953125,4949.60009765625,1461.0,77.23799896240234,77.23799896240234,77.73500061035156,74.80000305175781,76.5,340.0,5.553999900817871,5.553999900817871,5.734000205993652,5.440000057220459,5.721499919891357,1985.0,2052.0,2052.0,2052.0,2052.0,2052.0,0.0,96.31999969482422,96.31999969482422,100.55000305175781,91.95999908447266,96.0,157222.0,107.37999725341797,107.37999725341797,111.86000061035156,100.33999633789062,103.44999694824219,73104.0,6624.7001953125,6624.7001953125,6705.18017578125,6621.66015625,6697.16015625,5275480000.0,46225.1484375,46225.1484375,46913.9296875,46193.05859375,46913.9296875,472020000.0,22152.419921875,22152.419921875,22461.759765625,22144.759765625,22421.9609375,9325170000.0,55239.3984375,55239.3984375,55239.3984375,54148.83984375,54148.83984375,136700000.0,3907.0,3907.0,3907.0,3840.0,3840.0,2268090.0,23502.25,23502.25,23957.099609375,23449.560546875,23837.19921875,76065300.0,10305.2998046875,10305.2998046875,10447.7001953125,10279.099609375,10403.5,861491600.0,100.08999633789062,100.08999633789062,100.30999755859375,99.47000122070312,99.55000305175781,0.0,158.88900756835938,158.88900756835938,159.5659942626953,158.56700134277344,158.88999938964844,0.0,71245.578125,71245.578125,74658.9765625,70503.859375,73936.8515625,46229011155.0
2026-03-19,4600.7001953125,4600.7001953125,4830.2998046875,4554.0,4830.2998046875,627.0,70.9020004272461,70.9020004272461,76.1050033569336,67.0,75.70500183105469,138.0,5.433000087738037,5.433000087738037,5.480500221252441,5.2895002365112305,5.480000019073486,1355.0,1939.199951171875,1939.199951171875,1939.199951171875,1910.0,1910.0,25.0,96.13999938964844,96.13999938964844,101.4800033569336,92.80000305175781,99.12999725341797,118719.0,108.6500015258789,108.6500015258789,119.12000274658203,103.75,109.66000366210938,87485.0,6606.490234375,6606.490234375,6636.740234375,6557.81982421875,6583.1201171875,5973390000.0,46021.4296875,46021.4296875,46247.21875,45733.69921875,46134.87109375,482890000.0,22090.689453125,22090.689453125,22187.060546875,21851.05078125,21871.0390625,8547870000.0,53372.53125,53372.53125,54333.01953125,53190.1796875,54287.80078125,200600000.0,3791.0,3791.0,3838.0,3788.0,3817.0,2202110.0,22839.560546875,22839.560546875,23180.140625,22759.419921875,23160.580078125,106709300.0,10063.5,10063.5,10305.599609375,9997.400390625,10305.599609375,1157510300.0,99.2300033569336,99.2300033569336,100.30999755859375,98.9800033569336,100.2300033569336,0.0,159.7949981689453,159.7949981689453,159.8159942626953,158.07400512695312,159.8159942626953,0.0,69912.7890625,69912.7890625,71598.84375,68805.5234375,71250.3515625,44631433398.0
2026-03-20,4570.39990234375,4570.39990234375,4686.89990234375,4570.39990234375,4686.89990234375,235.0,69.36000061035156,69.36000061035156,71.92500305175781,69.36000061035156,71.91999816894531,45.0,5.34250020980835,5.34250020980835,5.514500141143799,5.26800012588501,5.514500141143799,1388.0,1970.5999755859375,1970.5999755859375,1970.5999755859375,1970.5999755859375,1970.5999755859375,0.0,98.31999969482422,98.31999969482422,99.66999816894531,93.41999816894531,95.0,461845.0,112.19000244140625,112.19000244140625,113.11000061035156,105.0999984741211,107.66999816894531,57217.0,6506.47998046875,6506.47998046875,6594.66015625,6473.52001953125,6594.66015625,10025820000.0,45577.46875,45577.46875,46068.30859375,45369.390625,45975.6484375,1044540000.0,21647.609375,21647.609375,21997.08984375,21522.75,21989.330078125,11743490000.0,53372.53125,53372.53125,54333.01953125,53190.1796875,54287.80078125,200600000.0,3791.0,3791.0,3838.0,3788.0,3817.0,2202110.0,22380.189453125,22380.189453125,23176.169921875,22369.470703125,23083.890625,174316700.0,9918.2998046875,9918.2998046875,10127.599609375,9915.7001953125,10063.2998046875,2623375100.0,99.6500015258789,99.6500015258789,99.79000091552734,99.25,99.29000091552734,0.0,157.9239959716797,157.9239959716797,159.2570037841797,157.73699951171875,157.9149932861328,0.0,70522.5859375,70522.5859375,71346.796875,69398.8828125,69911.53125,38299078407.0
2026-03-21,4570.39990234375,4570.39990234375,4686.89990234375,4570.39990234375,4686.89990234375,235.0,69.36000061035156,69.36000061035156,71.92500305175781,69.36000061035156,71.91999816894531,45.0,5.34250020980835,5.34250020980835,5.514500141143799,5.26800012588501,5.514500141143799,1388.0,1970.5999755859375,1970.5999755859375,1970.5999755859375,1970.5999755859375,1970.5999755859375,0.0,98.31999969482422,98.31999969482422,99.66999816894531,93.41999816894531,95.0,461845.0,112.19000244140625,112.19000244140625,113.11000061035156,105.0999984741211,107.66999816894531,57217.0,6506.47998046875,6506.47998046875,6594.66015625,6473.52001953125,6594.66015625,10025820000.0,45577.46875,45577.46875,46068.30859375,45369.390625,45975.6484375,1044540000.0,21647.609375,21647.609375,21997.08984375,21522.75,21989.330078125,11743490000.0,53372.53125,53372.53125,54333.01953125,53190.1796875,54287.80078125,200600000.0,3791.0,3791.0,3838.0,3788.0,3817.0,2202110.0,22380.189453125,22380.189453125,23176.169921875,22369.470703125,23083.890625,174316700.0,9918.2998046875,9918.2998046875,10127.599609375,9915.7001953125,10063.2998046875,2623375100.0,99.6500015258789,99.6500015258789,99.79000091552734,99.25,99.29000091552734,0.0,157.9239959716797,157.9239959716797,159.2570037841797,157.73699951171875,157.9149932861328,0.0,68711.5234375,68711.5234375,71051.2734375,68602.9140625,70522.46875,21109354718.0
2026-03-22,4570.39990234375,4570.39990234375,4686.89990234375,4570.39990234375,4686.89990234375,235.0,69.36000061035156,69.36000061035156,71.92500305175781,69.36000061035156,71.91999816894531,45.0,5.34250020980835,5.34250020980835,5.514500141143799,5.26800012588501,5.514500141143799,1388.0,1970.5999755859375,1970.5999755859375,1970.5999755859375,1970.5999755859375,1970.5999755859375,0.0,98.31999969482422,98.31999969482422,99.66999816894531,93.41999816894531,95.0,461845.0,112.19000244140625,112.19000244140625,113.11000061035156,105.0999984741211,107.66999816894531,57217.0,6506.47998046875,6506.47998046875,6594.66015625,6473.52001953125,6594.66015625,10025820000.0,45577.46875,45577.46875,46068.30859375,45369.390625,45975.6484375,1044540000.0,21647.609375,21647.609375,21997.08984375,21522.75,21989.330078125,11743490000.0,53372.53125,53372.53125,54333.01953125,53190.1796875,54287.80078125,200600000.0,3791.0,3791.0,3838.0,3788.0,3817.0,2202110.0,22380.189453125,22380.189453125,23176.169921875,22369.470703125,23083.890625,174316700.0,9918.2998046875,9918.2998046875,10127.599609375,9915.7001953125,10063.2998046875,2623375100.0,99.6500015258789,99.6500015258789,99.79000091552734,99.25,99.29000091552734,0.0,157.9239959716797,157.9239959716797,159.2570037841797,157.73699951171875,157.9149932861328,0.0,67845.2109375,67845.2109375,69561.7734375,67372.875,68737.4453125,30108051508.0
2026-03-23,4404.10009765625,4404.10009765625,4480.39990234375,4100.7998046875,4353.0,544.0,69.04900360107422,69.04900360107422,69.51000213623047,61.09000015258789,64.73999786376953,271.0,5.439499855041504,5.439499855041504,5.5,5.421999931335449,5.452499866485596,1206.0,1860.300048828125,1860.300048828125,1860.300048828125,1860.300048828125,1860.300048828125,2.0,88.12999725341797,88.12999725341797,101.66999816894531,84.37000274658203,100.51000213623047,666790.0,99.94000244140625,99.94000244140625,115.0999984741211,96.25,114.9000015258789,113332.0,6581.0,6581.0,6651.6201171875,6565.5498046875,6574.9599609375,6020650000.0,46208.46875,46208.46875,46712.328125,45803.8203125,45803.8203125,530140000.0,21946.759765625,21946.759765625,22189.33984375,21865.80078125,21995.779296875,8895880000.0,51515.48828125,51515.48828125,52479.80859375,50688.76171875,52468.71875,177100000.0,3659.0,3659.0,3683.0,3619.0,3672.0,3239020.0,22653.859375,22653.859375,23178.69921875,21863.810546875,21947.8203125,104919900.0,9894.2001953125,9894.2001953125,10036.7001953125,9670.5,9918.5,1660414200.0,98.94999694824219,98.94999694824219,100.1500015258789,98.87999725341797,99.68000030517578,0.0,159.23399353027344,159.23399353027344,159.64999389648438,158.22500610351562,159.13999938964844,0.0,70914.859375,70914.859375,71782.2578125,67458.84375,67843.0,51508669357.0
2026-03-24,4399.2998046875,4399.2998046875,4399.2998046875,4325.2001953125,4338.7001953125,378.0,69.27400207519531,69.27400207519531,71.18499755859375,68.55000305175781,69.08999633789062,122.0,5.422500133514404,5.422500133514404,5.5,5.375999927520752,5.393499851226807,1140.0,1892.0,1892.0,1892.0,1892.0,1892.0,18.0,92.3499984741211,92.3499984741211,93.36000061035156,86.33999633789062,88.77999877929688,420067.0,104.48999786376953,104.48999786376953,105.04000091552734,98.08999633789062,100.5,68614.0,6556.3701171875,6556.3701171875,6595.75,6525.10986328125,6552.08984375,5278580000.0,46124.05859375,46124.05859375,46400.8203125,45769.69140625,46099.859375,474450000.0,21761.890625,21761.890625,21916.16015625,21712.0390625,21807.599609375,8488380000.0,52252.28125,52252.28125,52701.98828125,51645.1484375,52380.6015625,131800000.0,3743.0,3743.0,3762.0,3700.0,3758.0,3455650.0,22636.91015625,22636.91015625,22730.830078125,22350.33984375,22677.08984375,57909800.0,9965.2001953125,9965.2001953125,9972.7001953125,9839.2001953125,9894.0,1214990300.0,99.43000030517578,99.43000030517578,99.62000274658203,99.05999755859375,99.13999938964844,0.0,158.47900390625,158.47900390625,158.93699645996094,158.40899658203125,158.49000549316406,0.0,70517.859375,70517.859375,71371.3046875,68920.6953125,70912.671875,40181522399.0
2026-03-25,4549.7998046875,4549.7998046875,4551.89990234375,4541.7998046875,4549.0,388.0,72.36100006103516,72.36100006103516,73.16999816894531,71.2249984741211,71.38999938964844,211.0,5.5289998054504395,5.5289998054504395,5.53249979019165,5.493000030517578,5.53249979019165,811.0,1925.199951171875,1925.199951171875,1925.199951171875,1925.199951171875,1925.199951171875,0.0,90.31999969482422,90.31999969482422,91.7300033569336,86.45999908447266,88.48999786376953,405170.0,102.22000122070312,102.22000122070312,103.4000015258789,97.1500015258789,99.98999786376953,53714.0,6591.89990234375,6591.89990234375,6633.93994140625,6568.41015625,6598.35009765625,4936720000.0,46429.48828125,46429.48828125,46718.421875,46196.91015625,46314.23828125,462990000.0,21929.8203125,21929.8203125,22093.1796875,21865.4609375,22006.4296875,8056920000.0,53749.62109375,53749.62109375,54022.87890625,53015.80078125,53015.80078125,133700000.0,3836.0,3836.0,3845.0,3816.0,3835.0,3073180.0,22957.080078125,22957.080078125,23079.369140625,22815.7109375,22961.890625,60508800.0,10106.7998046875,10106.7998046875,10118.2001953125,9965.2001953125,9965.2001953125,816852200.0,99.5999984741211,99.5999984741211,99.66999816894531,99.06999969482422,99.19999694824219,0.0,158.71800231933594,158.71800231933594,159.22500610351562,158.57699584960938,158.7100067138672,0.0,71309.8828125,71309.8828125,71985.7421875,70383.59375,70520.046875,35409791747.0
2026-03-26,4375.5,4375.5,4443.10009765625,4375.5,4441.5,1070.0,67.6709976196289,67.6709976196289,70.1050033569336,67.2300033569336,70.1050033569336,31.0,5.446499824523926,5.446499824523926,5.4770002365112305,5.425000190734863,5.463500022888184,547.0,1838.300048828125,1838.300048828125,1838.300048828125,1838.300048828125,1838.300048828125,0.0,94.4800033569336,94.4800033569336,95.44000244140625,89.51000213623047,91.37999725341797,350768.0,108.01000213623047,108.01000213623047,109.05999755859375,102.77999877929688,103.08000183105469,28970.0,6477.16015625,6477.16015625,6573.22021484375,6473.7900390625,6555.85986328125,4845560000.0,45960.109375,45960.109375,46547.58984375,45910.75,46344.640625,505010000.0,21408.080078125,21408.080078125,21823.580078125,21395.76953125,21693.1796875,7726590000.0,53603.6484375,53603.6484375,54175.80078125,53176.76953125,53855.12890625,124500000.0,3826.0,3826.0,3857.0,3791.0,3843.0,1437710.0,22612.970703125,22612.970703125,22813.41015625,22557.099609375,22740.7109375,57630400.0,9972.2001953125,9972.2001953125,10107.0,9956.2998046875,10107.0,791260400.0,99.9000015258789,99.9000015258789,100.01000213623047,99.55999755859375,99.62999725341797,0.0,159.38400268554688,159.38400268554688,159.68899536132812,159.28700256347656,159.4010009765625,0.0,68791.625,68791.625,71410.390625,68118.3515625,71310.1171875,38962070215.0
2026-03-27,4492.0,4492.0,4492.0,4492.0,4492.0,74348.0,69.54499816894531,69.54499816894531,69.54499816894531,67.54000091552734,67.55000305175781,391.0,5.4670000076293945,5.4670000076293945,5.4670000076293945,5.4670000076293945,5.4670000076293945,4008.0,1870.5999755859375,1870.5999755859375,1870.5999755859375,1870.5999755859375,1870.5999755859375,7440.0,99.63999938964844,99.63999938964844,101.23999786376953,92.08000183105469,93.30999755859375,374920.0,112.56999969482422,112.56999969482422,114.80999755859375,105.25,106.22000122070312,18402.0,6368.85009765625,6368.85009765625,6453.89013671875,6356.080078125,6453.89013671875,5303490000.0,45166.640625,45166.640625,45904.25,45063.328125,45904.25,555090000.0,20948.359375,20948.359375,21293.5,20909.9296875,21287.189453125,8713310000.0,53373.0703125,53373.0703125,53714.8984375,52516.921875,53239.58984375,170500000.0,3827.0,3827.0,3848.0,3777.0,3799.0,2077820.0,22300.75,22300.75,22631.759765625,22215.859375,22612.9296875,59200300.0,9967.400390625,9967.400390625,10024.099609375,9883.2001953125,9972.2998046875,1115045000.0,100.1500015258789,100.1500015258789,100.20999908447266,99.80000305175781,99.87000274658203,0.0,159.70399475097656,159.70399475097656,160.1580047607422,159.45599365234375,159.71499633789062,0.0,66338.375,66338.375,69117.53125,65532.5703125,68790.8359375,46483453594.0
2026-03-28,4492.0,4492.0,4492.0,4492.0,4492.0,74348.0,69.54499816894531,69.54499816894531,69.54499816894531,67.54000091552734,67.55000305175781,391.0,5.4670000076293945,5.4670000076293945,5.4670000076293945,5.4670000076293945,5.4670000076293945,4008.0,1870.5999755859375,1870.5999755859375,1870.5999755859375,1870.5999755859375,1870.5999755859375,7440.0,99.63999938964844,99.63999938964844,101.23999786376953,92.08000183105469,93.30999755859375,374920.0,112.56999969482422,112.56999969482422,114.80999755859375,105.25,106.22000122070312,18402.0,6368.85009765625,6368.85009765625,6453.89013671875,6356.080078125,6453.89013671875,5303490000.0,45166.640625,45166.640625,45904.25,45063.328125,45904.25,555090000.0,20948.359375,20948.359375,21293.5,20909.9296875,21287.189453125,8713310000.0,53373.0703125,53373.0703125,53714.8984375,52516.921875,53239.58984375,170500000.0,3827.0,3827.0,3848.0,3777.0,3799.0,2077820.0,22300.75,22300.75,22631.759765625,22215.859375,22612.9296875,59200300.0,9967.400390625,9967.400390625,10024.099609375,9883.2001953125,9972.2998046875,1115045000.0,100.1500015258789,100.1500015258789,100.20999908447266,99.80000305175781,99.87000274658203,0.0,159.70399475097656,159.70399475097656,160.1580047607422,159.45599365234375,159.71499633789062,0.0,66319.6953125,66319.6953125,67232.859375,65906.7421875,66338.5,20924883455.0
2026-03-29,4492.0,4492.0,4492.0,4492.0,4492.0,74348.0,69.54499816894531,69.54499816894531,69.54499816894531,67.54000091552734,67.55000305175781,391.0,5.4670000076293945,5.4670000076293945,5.4670000076293945,5.4670000076293945,5.4670000076293945,4008.0,1870.5999755859375,1870.5999755859375,1870.5999755859375,1870.5999755859375,1870.5999755859375,7440.0,99.63999938964844,99.63999938964844,101.23999786376953,92.08000183105469,93.30999755859375,374920.0,112.56999969482422,112.56999969482422,114.80999755859375,105.25,106.22000122070312,18402.0,6368.85009765625,6368.85009765625,6453.89013671875,6356.080078125,6453.89013671875,5303490000.0,45166.640625,45166.640625,45904.25,45063.328125,45904.25,555090000.0,20948.359375,20948.359375,21293.5,20909.9296875,21287.189453125,8713310000.0,53373.0703125,53373.0703125,53714.8984375,52516.921875,53239.58984375,170500000.0,3827.0,3827.0,3848.0,3777.0,3799.0,2077820.0,22300.75,22300.75,22631.759765625,22215.859375,22612.9296875,59200300.0,9967.400390625,9967.400390625,10024.099609375,9883.2001953125,9972.2998046875,1115045000.0,100.1500015258789,100.1500015258789,100.20999908447266,99.80000305175781,99.87000274658203,0.0,159.70399475097656,159.70399475097656,160.1580047607422,159.45599365234375,159.71499633789062,0.0,65954.921875,65954.921875,67052.953125,64971.70703125,66319.6953125,21645889785.0
2026-03-30,4526.0,4526.0,4579.10009765625,4413.39990234375,4482.7998046875,10816.0,70.3239974975586,70.3239974975586,70.9800033569336,67.81999969482422,67.90499877929688,482.0,5.47599983215332,5.47599983215332,5.499000072479248,5.401000022888184,5.401000022888184,2377.0,1885.5999755859375,1885.5999755859375,1915.0999755859375,1822.5,1843.300048828125,2364.0,102.87999725341797,102.87999725341797,105.36000061035156,99.43000030517578,102.5999984741211,374075.0,112.77999877929688,112.77999877929688,116.87000274658203,111.5,116.13999938964844,15053.0,6343.72021484375,6343.72021484375,6427.31005859375,6316.91015625,6403.3701171875,5458640000.0,45216.140625,45216.140625,45625.76171875,45057.28125,45283.05859375,540680000.0,20794.640625,20794.640625,21139.720703125,20690.25,21096.240234375,9234380000.0,51885.8515625,51885.8515625,52054.6796875,50566.98828125,52054.6796875,183100000.0,376.3999938964844,376.3999938964844,376.3999938964844,367.3999938964844,370.0,7975490.0,22562.880859375,22562.880859375,22562.880859375,22209.44921875,22213.859375,56264500.0,10128.0,10128.0,10135.099609375,9958.099609375,9967.5,954019300.0,100.51000213623047,100.51000213623047,100.61000061035156,100.05000305175781,100.22000122070312,0.0,160.23399353027344,160.23399353027344,160.2310028076172,159.3209991455078,160.2310028076172,0.0,66691.4453125,66691.4453125,68087.2890625,65759.8046875,65958.3515625,37694994180.0
2026-03-31,4647.60009765625,4647.60009765625,4684.10009765625,4508.60009765625,4510.0,4264.0,74.69000244140625,74.69000244140625,75.16999816894531,72.55500030517578,72.55500030517578,98.0,5.587500095367432,5.587500095367432,5.627999782562256,5.483500003814697,5.483500003814697,1807.0,1950.0,1950.0,1950.0,1870.0,1870.0,37.0,101.37999725341797,101.37999725341797,106.86000061035156,99.62000274658203,105.06999969482422,495395.0,118.3499984741211,118.3499984741211,119.2699966430664,111.0,114.7300033569336,69949.0,6528.52001953125,6528.52001953125,6539.0498046875,6395.8798828125,6395.8798828125,6396100000.0,46341.51171875,46341.51171875,46383.3984375,45480.30078125,45541.76171875,639410000.0,21590.630859375,21590.630859375,21642.619140625,21063.380859375,21064.330078125,10645070000.0,51063.71875,51063.71875,52169.01171875,50558.91015625,51382.53125,174500000.0,371.3999938964844,371.3999938964844,379.29998779296875,369.1000061035156,371.29998779296875,25178030.0,22680.0390625,22680.0390625,22850.69921875,22491.509765625,22578.83984375,68687100.0,10176.5,10176.5,10245.7998046875,10118.7001953125,10127.900390625,973401800.0,99.95999908447266,99.95999908447266,100.63999938964844,99.80999755859375,100.58999633789062,0.0,159.84100341796875,159.84100341796875,159.95899963378906,158.89199829101562,159.75399780273438,0.0,68233.3125,68233.3125,68495.2734375,65950.4375,66694.5859375,42997691338.0
2026-04-01,4783.2001953125,4783.2001953125,4789.10009765625,4668.0,4668.39990234375,1637.0,75.86699676513672,75.86699676513672,75.86699676513672,73.9000015258789,74.34500122070312,81.0,5.624000072479248,5.624000072479248,5.631499767303467,5.584000110626221,5.616499900817871,1430.0,1969.300048828125,1969.300048828125,1969.300048828125,1930.5999755859375,1959.0999755859375,43.0,100.12000274658203,100.12000274658203,103.30999755859375,96.5,101.72000122070312,434561.0,101.16000366210938,101.16000366210938,105.9000015258789,98.45999908447266,103.9000015258789,61629.0,6575.31982421875,6575.31982421875,6609.669921875,6554.2900390625,6556.56005859375,5637260000.0,46565.73828125,46565.73828125,46803.359375,46396.12109375,46396.12109375,604140000.0,21840.94921875,21840.94921875,21983.0703125,21723.720703125,21742.7890625,8801740000.0,53739.6796875,53739.6796875,53739.6796875,51902.83984375,51959.46875,165900000.0,389.20001220703125,389.20001220703125,389.20001220703125,381.29998779296875,383.5,19862090.0,23298.890625,23298.890625,23377.650390625,23027.0390625,23326.890625,75354600.0,10364.7998046875,10364.7998046875,10396.599609375,10169.2998046875,10174.900390625,1154225300.0,99.6500015258789,99.6500015258789,99.87999725341797,99.30000305175781,99.79000091552734,0.0,158.57899475097656,158.57899475097656,158.99000549316406,158.2790069580078,158.5679931640625,0.0,68078.5546875,68078.5546875,69230.359375,67555.359375,68232.890625,36465393617.0
2026-04-02,4651.5,4651.5,4784.39990234375,4558.89990234375,4764.89990234375,0.0,72.73500061035156,72.73500061035156,73.71499633789062,69.83499908447266,73.71499633789062,0.0,5.563000202178955,5.563000202178955,5.613999843597412,5.548500061035156,5.548999786376953,0.0,1963.800048828125,1963.800048828125,1963.800048828125,1890.300048828125,1890.300048828125,0.0,111.54000091552734,111.54000091552734,113.97000122070312,97.5,98.91999816894531,0.0,109.02999877929688,109.02999877929688,109.70999908447266,99.0199966430664,100.30000305175781,0.0,6582.68994140625,6582.68994140625,6601.91015625,6474.93994140625,6512.60986328125,4740740000.0,46504.671875,46504.671875,46754.71875,45897.23828125,46469.359375,446710000.0,21879.1796875,21879.1796875,21906.48046875,21371.3203125,21472.51953125,8134780000.0,52463.26953125,52463.26953125,54258.48046875,52273.0703125,54066.828125,163200000.0,383.0,383.0,394.1000061035156,381.79998779296875,392.79998779296875,14557440.0,23168.080078125,23168.080078125,23235.16015625,22677.919921875,22935.23046875,62871800.0,10436.2998046875,10436.2998046875,10465.2001953125,10287.900390625,10366.2998046875,1340450500.0,100.02999877929688,100.02999877929688,100.26000213623047,99.44999694824219,99.54000091552734,0.0,158.68800354003906,158.68800354003906,159.74200439453125,158.6009979248047,158.69900512695312,0.0,66888.5703125,66888.5703125,68633.1484375,65725.2578125,68077.8984375,39323384518.0
2026-04-03,4651.5,4651.5,4784.39990234375,4558.89990234375,4764.89990234375,0.0,72.73500061035156,72.73500061035156,73.71499633789062,69.83499908447266,73.71499633789062,0.0,5.563000202178955,5.563000202178955,5.613999843597412,5.548500061035156,5.548999786376953,0.0,1963.800048828125,1963.800048828125,1963.800048828125,1890.300048828125,1890.300048828125,0.0,111.54000091552734,111.54000091552734,113.97000122070312,97.5,98.91999816894531,0.0,109.02999877929688,109.02999877929688,109.70999908447266,99.0199966430664,100.30000305175781,0.0,6582.68994140625,6582.68994140625,6601.91015625,6474.93994140625,6512.60986328125,4740740000.0,46504.671875,46504.671875,46754.71875,45897.23828125,46469.359375,446710000.0,21879.1796875,21879.1796875,21906.48046875,21371.3203125,21472.51953125,8134780000.0,53123.48828125,53123.48828125,53426.30859375,52925.1015625,53039.3984375,104100000.0,386.6000061035156,386.6000061035156,388.6000061035156,385.0,386.79998779296875,16726160.0,23168.080078125,23168.080078125,23235.16015625,22677.919921875,22935.23046875,62871800.0,10436.2998046875,10436.2998046875,10465.2001953125,10287.900390625,10366.2998046875,1340450500.0,100.02999877929688,100.02999877929688,100.26000213623047,99.44999694824219,99.54000091552734,0.0,159.49099731445312,159.49099731445312,159.69500732421875,159.427001953125,159.45599365234375,0.0,66931.1015625,66931.1015625,67296.234375,66281.5390625,66889.015625,22815543346.0
2026-04-04,4651.5,4651.5,4784.39990234375,4558.89990234375,4764.89990234375,0.0,72.73500061035156,72.73500061035156,73.71499633789062,69.83499908447266,73.71499633789062,0.0,5.563000202178955,5.563000202178955,5.613999843597412,5.548500061035156,5.548999786376953,0.0,1963.800048828125,1963.800048828125,1963.800048828125,1890.300048828125,1890.300048828125,0.0,111.54000091552734,111.54000091552734,113.97000122070312,97.5,98.91999816894531,0.0,109.02999877929688,109.02999877929688,109.70999908447266,99.0199966430664,100.30000305175781,0.0,6582.68994140625,6582.68994140625,6601.91015625,6474.93994140625,6512.60986328125,4740740000.0,46504.671875,46504.671875,46754.71875,45897.23828125,46469.359375,446710000.0,21879.1796875,21879.1796875,21906.48046875,21371.3203125,21472.51953125,8134780000.0,53123.48828125,53123.48828125,53426.30859375,52925.1015625,53039.3984375,104100000.0,386.6000061035156,386.6000061035156,388.6000061035156,385.0,386.79998779296875,16726160.0,23168.080078125,23168.080078125,23235.16015625,22677.919921875,22935.23046875,62871800.0,10436.2998046875,10436.2998046875,10465.2001953125,10287.900390625,10366.2998046875,1340450500.0,100.02999877929688,100.02999877929688,100.26000213623047,99.44999694824219,99.54000091552734,0.0,159.49099731445312,159.49099731445312,159.69500732421875,159.427001953125,159.45599365234375,0.0,67290.515625,67290.515625,67515.015625,66769.640625,66938.6484375,15878814963.0
2026-04-05,4651.5,4651.5,4784.39990234375,4558.89990234375,4764.89990234375,0.0,72.73500061035156,72.73500061035156,73.71499633789062,69.83499908447266,73.71499633789062,0.0,5.563000202178955,5.563000202178955,5.613999843597412,5.548500061035156,5.548999786376953,0.0,1963.800048828125,1963.800048828125,1963.800048828125,1890.300048828125,1890.300048828125,0.0,111.54000091552734,111.54000091552734,113.97000122070312,97.5,98.91999816894531,0.0,109.02999877929688,109.02999877929688,109.70999908447266,99.0199966430664,100.30000305175781,0.0,6582.68994140625,6582.68994140625,6601.91015625,6474.93994140625,6512.60986328125,4740740000.0,46504.671875,46504.671875,46754.71875,45897.23828125,46469.359375,446710000.0,21879.1796875,21879.1796875,21906.48046875,21371.3203125,21472.51953125,8134780000.0,53123.48828125,53123.48828125,53426.30859375,52925.1015625,53039.3984375,104100000.0,386.6000061035156,386.6000061035156,388.6000061035156,385.0,386.79998779296875,16726160.0,23168.080078125,23168.080078125,23235.16015625,22677.919921875,22935.23046875,62871800.0,10436.2998046875,10436.2998046875,10465.2001953125,10287.900390625,10366.2998046875,1340450500.0,100.02999877929688,100.02999877929688,100.26000213623047,99.44999694824219,99.54000091552734,0.0,159.49099731445312,159.49099731445312,159.69500732421875,159.427001953125,159.45599365234375,0.0,68981.8984375,68981.8984375,69087.65625,66610.6328125,67291.1953125,22972648674.0
2026-04-06,4656.7998046875,4656.7998046875,4689.60009765625,4605.0,4656.10009765625,148.0,72.66100311279297,72.66100311279297,72.66100311279297,71.8499984741211,71.8499984741211,1.0,5.583499908447266,5.583499908447266,5.624499797821045,5.567500114440918,5.624499797821045,638.0,1958.199951171875,1958.199951171875,1958.199951171875,1958.199951171875,1958.199951171875,0.0,112.41000366210938,112.41000366210938,115.4800033569336,108.88999938964844,112.95999908447266,271742.0,109.7699966430664,109.7699966430664,111.87000274658203,106.8499984741211,109.19999694824219,27863.0,6611.830078125,6611.830078125,6618.1298828125,6579.72021484375,6587.66015625,3906440000.0,46669.87890625,46669.87890625,46701.1015625,46354.94921875,46472.19921875,339870000.0,21996.33984375,21996.33984375,22052.41015625,21864.5,21939.80078125,7907270000.0,53413.6796875,53413.6796875,54039.33984375,53205.9296875,53205.9296875,102500000.0,386.79998779296875,386.79998779296875,390.5,386.29998779296875,387.20001220703125,7404380.0,23168.080078125,23168.080078125,23235.16015625,22677.919921875,22935.23046875,62871800.0,10436.2998046875,10436.2998046875,10465.2001953125,10287.900390625,10366.2998046875,1340450500.0,99.9800033569336,99.9800033569336,100.29000091552734,99.76000213623047,100.18000030517578,0.0,159.77999877929688,159.77999877929688,159.79299926757812,159.31700134277344,159.75,0.0,68859.828125,68859.828125,70305.421875,68347.078125,68982.9140625,39542143229.0
2026-04-07,4657.10009765625,4657.10009765625,4676.2998046875,4608.0,4624.89990234375,327.0,71.82599639892578,71.82599639892578,71.8949966430664,70.0,71.8949966430664,91.0,5.54449987411499,5.54449987411499,5.567500114440918,5.54449987411499,5.567500114440918,542.0,1929.0999755859375,1929.0999755859375,1943.0999755859375,1929.0999755859375,1940.0,2.0,112.94999694824219,112.94999694824219,117.62999725341797,109.19999694824219,112.62000274658203,429331.0,109.2699966430664,109.2699966430664,111.80000305175781,104.56999969482422,109.58999633789062,65194.0,6616.85009765625,6616.85009765625,6618.259765625,6534.5498046875,6601.93017578125,4555680000.0,46584.4609375,46584.4609375,46744.76171875,46214.76953125,46744.76171875,450740000.0,22017.849609375,22017.849609375,22024.900390625,21611.0,21927.08984375,10796020000.0,53429.55859375,53429.55859375,53916.3515625,53156.94140625,53571.28125,118800000.0,387.79998779296875,387.79998779296875,390.79998779296875,385.3999938964844,388.29998779296875,10961600.0,22921.58984375,22921.58984375,23397.890625,22842.140625,23181.650390625,59120900.0,10348.7998046875,10348.7998046875,10487.7001953125,10330.900390625,10436.2001953125,844673500.0,99.63999938964844,99.63999938964844,100.16000366210938,99.5999984741211,100.01000213623047,0.0,159.68299865722656,159.68299865722656,160.01499938964844,159.47300720214844,159.70599365234375,0.0,71940.703125,71940.703125,72732.4296875,67740.5078125,68859.375,44650511480.0
2026-04-08,4749.5,4749.5,4851.0,4738.7998046875,4760.0,405.0,75.2239990234375,75.2239990234375,77.44999694824219,75.2239990234375,76.16999816894531,34.0,5.759500026702881,5.759500026702881,5.763000011444092,5.758999824523926,5.759500026702881,650.0,2050.60009765625,2050.60009765625,2075.0,1964.800048828125,1974.199951171875,32.0,94.41000366210938,94.41000366210938,109.19000244140625,91.05000305175781,108.73999786376953,599576.0,94.75,94.75,104.0,90.01000213623047,103.4000015258789,82140.0,6782.81005859375,6782.81005859375,6793.5,6740.27978515625,6754.35986328125,5904880000.0,47909.921875,47909.921875,48017.08984375,46978.171875,46978.171875,523710000.0,22634.990234375,22634.990234375,22821.2109375,22501.279296875,22821.2109375,10411670000.0,56308.421875,56308.421875,56424.62890625,54380.01953125,54386.6484375,186700000.0,400.3999938964844,400.3999938964844,403.5,397.6000061035156,403.5,17892030.0,24080.630859375,24080.630859375,24163.91015625,23875.7890625,24021.810546875,93935800.0,10608.900390625,10608.900390625,10687.900390625,10345.900390625,10345.900390625,1387131200.0,99.12999725341797,99.12999725341797,99.18000030517578,98.52999877929688,98.94999694824219,0.0,158.71600341796875,158.71600341796875,158.7469940185547,157.89300537109375,158.6479949951172,0.0,71123.359375,71123.359375,72825.1875,70707.46875,71950.1484375,42444631703.0
2026-04-09,4792.2001953125,4792.2001953125,4799.10009765625,4711.0,4711.0,1277.0,76.2770004272461,76.2770004272461,76.2770004272461,73.77999877929688,73.77999877929688,4.0,5.748000144958496,5.748000144958496,5.748000144958496,5.7270002365112305,5.7270002365112305,2085.0,2096.60009765625,2096.60009765625,2106.89990234375,2004.0,2004.0,13.0,97.87000274658203,97.87000274658203,102.69999694824219,95.25,96.77999877929688,427201.0,95.91999816894531,95.91999816894531,99.5199966430664,94.33999633789062,96.52999877929688,54501.0,6824.66015625,6824.66015625,6835.31005859375,6761.5498046875,6783.68994140625,4912410000.0,48185.80078125,48185.80078125,48323.94921875,47690.26953125,47840.62890625,445240000.0,22822.419921875,22822.419921875,22836.75,22529.2109375,22646.349609375,8662470000.0,55895.3203125,55895.3203125,56406.48828125,55763.05078125,56199.859375,154700000.0,396.70001220703125,396.70001220703125,401.3999938964844,396.1000061035156,400.70001220703125,12475840.0,23806.990234375,23806.990234375,23989.009765625,23673.119140625,23981.220703125,56947100.0,10603.5,10603.5,10643.599609375,10552.900390625,10609.599609375,696338500.0,98.81999969482422,98.81999969482422,99.16000366210938,98.62999725341797,99.05999755859375,0.0,158.64199829101562,158.64199829101562,159.27999877929688,158.63400268554688,158.63400268554688,0.0,71767.828125,71767.828125,73107.265625,70486.359375,71120.5703125,38799581473.0
2026-04-10,4761.89990234375,4761.89990234375,4791.0,4744.89990234375,4745.89990234375,812.0,76.3239974975586,76.3239974975586,76.6500015258789,75.30500030517578,75.30500030517578,175.0,5.870500087738037,5.870500087738037,5.870500087738037,5.770500183105469,5.777500152587891,683.0,2049.10009765625,2049.10009765625,2049.10009765625,2036.0,2036.0,1.0,96.56999969482422,96.56999969482422,100.41999816894531,95.51000213623047,98.2300033569336,314855.0,95.19999694824219,95.19999694824219,98.25,94.23999786376953,96.37999725341797,35012.0,6816.89013671875,6816.89013671875,6845.77001953125,6808.4599609375,6839.240234375,4393220000.0,47916.5703125,47916.5703125,48235.05859375,47856.1796875,48199.390625,477060000.0,22902.890625,22902.890625,23011.76953125,22845.05078125,22913.91015625,8700640000.0,56924.109375,56924.109375,57012.76953125,56251.1796875,56265.76953125,165000000.0,396.5,396.5,399.0,396.1000061035156,398.8999938964844,14727190.0,23803.94921875,23803.94921875,24043.58984375,23767.7109375,23827.5390625,60876600.0,10600.5,10600.5,10657.599609375,10576.0,10603.599609375,1100435500.0,98.6500015258789,98.6500015258789,99.01000213623047,98.54000091552734,98.87000274658203,0.0,159.11199951171875,159.11199951171875,159.36399841308594,159.00900268554688,159.08900451660156,0.0,72979.046875,72979.046875,73440.1171875,71434.828125,71774.3671875,37722595732.0
2026-04-11,4761.89990234375,4761.89990234375,4791.0,4744.89990234375,4745.89990234375,812.0,76.3239974975586,76.3239974975586,76.6500015258789,75.30500030517578,75.30500030517578,175.0,5.870500087738037,5.870500087738037,5.870500087738037,5.770500183105469,5.777500152587891,683.0,2049.10009765625,2049.10009765625,2049.10009765625,2036.0,2036.0,1.0,96.56999969482422,96.56999969482422,100.41999816894531,95.51000213623047,98.2300033569336,314855.0,95.19999694824219,95.19999694824219,98.25,94.23999786376953,96.37999725341797,35012.0,6816.89013671875,6816.89013671875,6845.77001953125,6808.4599609375,6839.240234375,4393220000.0,47916.5703125,47916.5703125,48235.05859375,47856.1796875,48199.390625,477060000.0,22902.890625,22902.890625,23011.76953125,22845.05078125,22913.91015625,8700640000.0,56924.109375,56924.109375,57012.76953125,56251.1796875,56265.76953125,165000000.0,396.5,396.5,399.0,396.1000061035156,398.8999938964844,14727190.0,23803.94921875,23803.94921875,24043.58984375,23767.7109375,23827.5390625,60876600.0,10600.5,10600.5,10657.599609375,10576.0,10603.599609375,1100435500.0,98.6500015258789,98.6500015258789,99.01000213623047,98.54000091552734,98.87000274658203,0.0,159.11199951171875,159.11199951171875,159.36399841308594,159.00900268554688,159.08900451660156,0.0,73054.2734375,73054.2734375,73784.234375,72556.3359375,72976.125,23287073965.0
2026-04-12,4761.89990234375,4761.89990234375,4791.0,4744.89990234375,4745.89990234375,812.0,76.3239974975586,76.3239974975586,76.6500015258789,75.30500030517578,75.30500030517578,175.0,5.870500087738037,5.870500087738037,5.870500087738037,5.770500183105469,5.777500152587891,683.0,2049.10009765625,2049.10009765625,2049.10009765625,2036.0,2036.0,1.0,96.56999969482422,96.56999969482422,100.41999816894531,95.51000213623047,98.2300033569336,314855.0,95.19999694824219,95.19999694824219,98.25,94.23999786376953,96.37999725341797,35012.0,6816.89013671875,6816.89013671875,6845.77001953125,6808.4599609375,6839.240234375,4393220000.0,47916.5703125,47916.5703125,48235.05859375,47856.1796875,48199.390625,477060000.0,22902.890625,22902.890625,23011.76953125,22845.05078125,22913.91015625,8700640000.0,56924.109375,56924.109375,57012.76953125,56251.1796875,56265.76953125,165000000.0,396.5,396.5,399.0,396.1000061035156,398.8999938964844,14727190.0,23803.94921875,23803.94921875,24043.58984375,23767.7109375,23827.5390625,60876600.0,10600.5,10600.5,10657.599609375,10576.0,10603.599609375,1100435500.0,98.6500015258789,98.6500015258789,99.01000213623047,98.54000091552734,98.87000274658203,0.0,159.11199951171875,159.11199951171875,159.36399841308594,159.00900268554688,159.08900451660156,0.0,70753.40625,70753.40625,73154.03125,70540.5703125,73056.046875,29882740487.0
2026-04-13,4742.39990234375,4742.39990234375,4742.39990234375,4704.0,4704.0,32.0,75.52300262451172,75.52300262451172,75.52300262451172,72.79499816894531,72.80000305175781,13.0,5.97599983215332,5.97599983215332,6.0,5.97599983215332,5.97599983215332,401.0,2061.800048828125,2061.800048828125,2061.800048828125,2026.0,2033.0,9.0,99.08000183105469,99.08000183105469,105.62999725341797,97.02999877929688,102.0,344337.0,99.36000061035156,99.36000061035156,103.86000061035156,97.63999938964844,99.70999908447266,50559.0,6886.240234375,6886.240234375,6887.0,6790.02001953125,6806.47021484375,4785840000.0,48218.25,48218.25,48221.37109375,47505.96875,47718.2109375,455850000.0,23183.740234375,23183.740234375,23187.9609375,22795.8203125,22849.23046875,7925320000.0,56502.76953125,56502.76953125,56765.71875,56232.78125,56421.4609375,135300000.0,394.79998779296875,394.79998779296875,397.79998779296875,392.8999938964844,394.5,13770580.0,23742.439453125,23742.439453125,23756.849609375,23482.009765625,23562.189453125,53370100.0,10583.0,10583.0,10607.7001953125,10528.599609375,10601.5,1076503400.0,98.37000274658203,98.37000274658203,99.18000030517578,98.36000061035156,99.05000305175781,0.0,159.67999267578125,159.67999267578125,159.85000610351562,159.51699829101562,159.69700622558594,0.0,74484.640625,74484.640625,74896.3125,70588.5234375,70757.6171875,52278211554.0
2026-04-14,4825.0,4825.0,4841.60009765625,4770.10009765625,4770.10009765625,288.0,79.39099884033203,79.39099884033203,79.58999633789062,76.81500244140625,76.81500244140625,590.0,6.070499897003174,6.070499897003174,6.079500198364258,6.067999839782715,6.07450008392334,485.0,2084.60009765625,2084.60009765625,2091.5,2075.10009765625,2078.300048828125,56.0,91.27999877929688,91.27999877929688,98.0,91.05999755859375,97.98999786376953,315821.0,94.79000091552734,94.79000091552734,99.41000366210938,94.43000030517578,98.41999816894531,40991.0,6967.3798828125,6967.3798828125,6969.419921875,6905.169921875,6910.2001953125,5032380000.0,48535.98828125,48535.98828125,48592.2890625,48192.30078125,48272.03125,527910000.0,23639.080078125,23639.080078125,23639.080078125,23331.5,23331.5,9105660000.0,57877.390625,57877.390625,57979.8203125,57010.1796875,57085.6484375,143700000.0,398.20001220703125,398.20001220703125,400.0,397.1000061035156,400.0,8691770.0,24044.220703125,24044.220703125,24087.30078125,23938.109375,23953.9296875,68252700.0,10609.099609375,10609.099609375,10630.400390625,10569.7998046875,10581.900390625,866212200.0,98.12000274658203,98.12000274658203,98.41000366210938,97.97000122070312,98.37000274658203,0.0,159.21400451660156,159.21400451660156,159.32400512695312,158.60299682617188,159.26199340820312,0.0,74181.609375,74181.609375,76061.7578125,73877.203125,74478.3984375,53540826530.0
2026-04-15,4800.0,4800.0,4843.60009765625,4798.0,4843.60009765625,182.0,79.49099731445312,79.49099731445312,80.3499984741211,79.30000305175781,80.25,473.0,6.072000026702881,6.072000026702881,6.084000110626221,6.070000171661377,6.072999954223633,394.0,2112.89990234375,2112.89990234375,2132.199951171875,2093.10009765625,2126.300048828125,6.0,91.29000091552734,91.29000091552734,93.30000305175781,86.95999908447266,92.0199966430664,240397.0,94.93000030517578,94.93000030517578,96.88999938964844,91.0,95.5199966430664,41928.0,7022.9501953125,7022.9501953125,7026.240234375,6967.1298828125,6978.169921875,5278610000.0,48463.71875,48463.71875,48709.01171875,48281.62109375,48549.140625,529870000.0,24016.01953125,24016.01953125,24026.560546875,23672.259765625,23688.119140625,10206480000.0,58134.23828125,58134.23828125,58585.94921875,58028.75,58265.1796875,161000000.0,399.6000061035156,399.6000061035156,403.0,398.8999938964844,402.3999938964844,14926010.0,24066.69921875,24066.69921875,24127.009765625,23996.80078125,24060.970703125,53562800.0,10559.599609375,10559.599609375,10640.0,10559.599609375,10609.2001953125,808554800.0,98.05999755859375,98.05999755859375,98.29000091552734,98.01000213623047,98.06999969482422,0.0,158.79200744628906,158.79200744628906,159.1529998779297,158.65199279785156,158.76300048828125,0.0,74805.078125,74805.078125,75409.2734375,73549.203125,74182.0234375,38090174312.0
2026-04-16,4785.39990234375,4785.39990234375,4810.89990234375,4785.39990234375,4810.89990234375,805.0,78.60600280761719,78.60600280761719,79.17500305175781,78.60600280761719,79.17500305175781,504.0,6.066500186920166,6.066500186920166,6.067999839782715,6.019999980926514,6.065000057220459,1007.0,2094.10009765625,2094.10009765625,2094.10009765625,2094.10009765625,2094.10009765625,0.0,94.69000244140625,94.69000244140625,95.44000244140625,90.5199966430664,91.47000122070312,194354.0,99.38999938964844,99.38999938964844,99.83999633789062,94.41999816894531,94.91000366210938,36540.0,7041.27978515625,7041.27978515625,7051.22998046875,7008.52001953125,7037.77978515625,5173650000.0,48578.71875,48578.71875,48683.44921875,48337.37890625,48557.8203125,456610000.0,24102.69921875,24102.69921875,24156.1796875,23894.91015625,24062.44921875,9963610000.0,59518.33984375,59518.33984375,59688.1015625,58428.19140625,58479.828125,150300000.0,404.3999938964844,404.3999938964844,405.3999938964844,402.20001220703125,402.29998779296875,17643250.0,24154.470703125,24154.470703125,24259.66015625,24059.169921875,24135.490234375,56596400.0,10590.0,10590.0,10645.900390625,10555.5,10559.599609375,649656900.0,98.22000122070312,98.22000122070312,98.29000091552734,97.83000183105469,98.01000213623047,0.0,158.8090057373047,158.8090057373047,159.28700256347656,158.2779998779297,158.7830047607422,0.0,75152.1328125,75152.1328125,75506.5703125,73346.265625,74810.875,41312783855.0
2026-04-17,4857.60009765625,4857.60009765625,4879.7001953125,4767.2001953125,4771.60009765625,1902.0,81.73799896240234,81.73799896240234,82.83000183105469,81.73799896240234,82.37999725341797,38.0,6.103499889373779,6.103499889373779,6.105500221252441,6.077000141143799,6.101500034332275,842.0,2124.5,2124.5,2124.5,2109.5,2124.5,1.0,83.8499984741211,83.8499984741211,94.04000091552734,80.55999755859375,93.18000030517578,116624.0,90.37999725341797,90.37999725341797,98.97000122070312,86.08000183105469,98.25,85233.0,7126.06005859375,7126.06005859375,7147.52001953125,7074.5498046875,7074.5498046875,6145300000.0,49447.4296875,49447.4296875,49717.98046875,48788.80859375,48788.80859375,585650000.0,24468.48046875,24468.48046875,24519.509765625,24286.470703125,24338.009765625,10159120000.0,58475.8984375,58475.8984375,59381.25,58475.8984375,59255.08984375,140000000.0,399.1000061035156,399.1000061035156,403.1000061035156,399.1000061035156,403.0,15100850.0,24702.240234375,24702.240234375,24792.4609375,24146.580078125,24150.470703125,96842000.0,10667.599609375,10667.599609375,10667.599609375,10548.900390625,10590.400390625,939622000.0,98.0999984741211,98.0999984741211,98.29000091552734,97.62999725341797,98.19000244140625,0.0,159.19500732421875,159.19500732421875,159.51499938964844,157.61199951171875,159.2239990234375,0.0,77126.875,77126.875,78320.6796875,74558.6015625,75164.0390625,54137194839.0
2026-04-18,4857.60009765625,4857.60009765625,4879.7001953125,4767.2001953125,4771.60009765625,1902.0,81.73799896240234,81.73799896240234,82.83000183105469,81.73799896240234,82.37999725341797,38.0,6.103499889373779,6.103499889373779,6.105500221252441,6.077000141143799,6.101500034332275,842.0,2124.5,2124.5,2124.5,2109.5,2124.5,1.0,83.8499984741211,83.8499984741211,94.04000091552734,80.55999755859375,93.18000030517578,116624.0,90.37999725341797,90.37999725341797,98.97000122070312,86.08000183105469,98.25,85233.0,7126.06005859375,7126.06005859375,7147.52001953125,7074.5498046875,7074.5498046875,6145300000.0,49447.4296875,49447.4296875,49717.98046875,48788.80859375,48788.80859375,585650000.0,24468.48046875,24468.48046875,24519.509765625,24286.470703125,24338.009765625,10159120000.0,58475.8984375,58475.8984375,59381.25,58475.8984375,59255.08984375,140000000.0,399.1000061035156,399.1000061035156,403.1000061035156,399.1000061035156,403.0,15100850.0,24702.240234375,24702.240234375,24792.4609375,24146.580078125,24150.470703125,96842000.0,10667.599609375,10667.599609375,10667.599609375,10548.900390625,10590.400390625,939622000.0,98.0999984741211,98.0999984741211,98.29000091552734,97.62999725341797,98.19000244140625,0.0,159.19500732421875,159.19500732421875,159.51499938964844,157.61199951171875,159.2239990234375,0.0,75726.2109375,75726.2109375,77416.703125,75504.9453125,77136.046875,26014416776.0
2026-04-19,4857.60009765625,4857.60009765625,4879.7001953125,4767.2001953125,4771.60009765625,1902.0,81.73799896240234,81.73799896240234,82.83000183105469,81.73799896240234,82.37999725341797,38.0,6.103499889373779,6.103499889373779,6.105500221252441,6.077000141143799,6.101500034332275,842.0,2124.5,2124.5,2124.5,2109.5,2124.5,1.0,83.8499984741211,83.8499984741211,94.04000091552734,80.55999755859375,93.18000030517578,116624.0,90.37999725341797,90.37999725341797,98.97000122070312,86.08000183105469,98.25,85233.0,7126.06005859375,7126.06005859375,7147.52001953125,7074.5498046875,7074.5498046875,6145300000.0,49447.4296875,49447.4296875,49717.98046875,48788.80859375,48788.80859375,585650000.0,24468.48046875,24468.48046875,24519.509765625,24286.470703125,24338.009765625,10159120000.0,58475.8984375,58475.8984375,59381.25,58475.8984375,59255.08984375,140000000.0,399.1000061035156,399.1000061035156,403.1000061035156,399.1000061035156,403.0,15100850.0,24702.240234375,24702.240234375,24792.4609375,24146.580078125,24150.470703125,96842000.0,10667.599609375,10667.599609375,10667.599609375,10548.900390625,10590.400390625,939622000.0,98.0999984741211,98.0999984741211,98.29000091552734,97.62999725341797,98.19000244140625,0.0,159.19500732421875,159.19500732421875,159.51499938964844,157.61199951171875,159.2239990234375,0.0,73856.3515625,73856.3515625,76243.09375,73802.3828125,75723.6953125,30931515195.0
2026-04-20,4806.60009765625,4806.60009765625,4811.0,4770.0,4793.89990234375,724.0,79.95099639892578,79.95099639892578,79.95099639892578,79.50499725341797,79.5250015258789,24.0,6.035999774932861,6.035999774932861,6.054500102996826,5.980000019073486,5.980000019073486,1058.0,2070.699951171875,2070.699951171875,2074.0,2070.699951171875,2074.0,9.0,89.61000061035156,89.61000061035156,91.19999694824219,87.0199966430664,89.0,115578.0,95.4800033569336,95.4800033569336,97.80999755859375,92.7699966430664,96.20999908447266,46389.0,7109.14013671875,7109.14013671875,7122.64990234375,7084.41015625,7117.0498046875,4661130000.0,49442.55859375,49442.55859375,49489.62890625,49245.6015625,49422.37109375,411270000.0,24404.390625,24404.390625,24435.919921875,24221.529296875,24417.529296875,8379940000.0,58824.890625,58824.890625,59169.12890625,58687.9609375,58821.16015625,121500000.0,400.6000061035156,400.6000061035156,402.29998779296875,399.79998779296875,401.5,8808500.0,24417.80078125,24417.80078125,24497.380859375,24290.0,24385.0390625,52076000.0,10609.099609375,10609.099609375,10683.7001953125,10583.2001953125,10668.400390625,923835300.0,98.05000305175781,98.05000305175781,98.4000015258789,98.01000213623047,98.27999877929688,0.0,159.16099548339844,159.16099548339844,159.177001953125,158.55099487304688,159.1529998779297,0.0,75872.5234375,75872.5234375,76575.359375,73775.5703125,73854.25,39674447916.0
2026-04-21,4698.39990234375,4698.39990234375,4705.0,4676.39990234375,4698.39990234375,1197.0,76.41100311279297,76.41100311279297,78.94999694824219,76.41100311279297,78.94999694824219,34.0,6.001500129699707,6.001500129699707,6.001500129699707,5.968500137329102,5.999499797821045,924.0,2024.300048828125,2024.300048828125,2024.300048828125,2024.300048828125,2024.300048828125,74.0,92.12999725341797,92.12999725341797,94.44999694824219,87.76000213623047,87.88999938964844,383596.0,98.4800033569336,98.4800033569336,101.1500015258789,93.87000274658203,93.98999786376953,50039.0,7064.009765625,7064.009765625,7137.27001953125,7050.2001953125,7122.64013671875,5160270000.0,49149.37890625,49149.37890625,49848.69140625,49046.5390625,49688.37109375,476630000.0,24259.9609375,24259.9609375,24537.580078125,24198.990234375,24465.33984375,9309940000.0,59349.171875,59349.171875,59611.91015625,59004.76171875,59031.51171875,129500000.0,399.5,399.5,401.70001220703125,399.3999938964844,401.1000061035156,16652130.0,24270.869140625,24270.869140625,24606.83984375,24247.310546875,24508.19921875,51571500.0,10498.099609375,10498.099609375,10635.0,10487.900390625,10609.400390625,734873800.0,98.41000366210938,98.41000366210938,98.56999969482422,98.05999755859375,98.05999755859375,0.0,158.843994140625,158.843994140625,159.43099975585938,158.80299377441406,158.85400390625,0.0,76352.7734375,76352.7734375,76881.4765625,74852.671875,75872.828125,36453522626.0
2026-04-22,4732.5,4732.5,4754.2001953125,4732.5,4754.2001953125,765.0,77.89299774169922,77.89299774169922,77.89299774169922,76.875,76.875,9.0,6.119999885559082,6.119999885559082,6.119999885559082,6.11299991607666,6.115499973297119,1149.0,2072.60009765625,2072.60009765625,2072.60009765625,2072.60009765625,2072.60009765625,21.0,92.95999908447266,92.95999908447266,93.7300033569336,87.63999938964844,90.0,299675.0,101.91000366210938,101.91000366210938,102.30999755859375,96.54000091552734,98.9000015258789,39837.0,7137.89990234375,7137.89990234375,7138.64013671875,7102.91015625,7102.91015625,4919460000.0,49490.03125,49490.03125,49624.48046875,49271.5,49271.5,426410000.0,24657.5703125,24657.5703125,24660.109375,24421.400390625,24462.310546875,8080930000.0,59585.859375,59585.859375,59708.2109375,59005.48046875,59104.109375,145700000.0,396.8999938964844,396.8999938964844,398.1000061035156,395.5,397.79998779296875,20743070.0,24194.900390625,24194.900390625,24399.5703125,24151.890625,24373.41015625,62517200.0,10476.5,10476.5,10523.2001953125,10468.0,10497.900390625,842843100.0,98.58999633789062,98.58999633789062,98.63999938964844,98.20999908447266,98.4000015258789,0.0,159.3730010986328,159.3730010986328,159.50399780273438,159.10400390625,159.33799743652344,0.0,78203.1015625,78203.1015625,79468.0,76159.578125,76354.21875,48336654537.0
2026-04-23,4705.10009765625,4705.10009765625,4732.39990234375,4705.10009765625,4711.5,292.0,75.46499633789062,75.46499633789062,76.32499694824219,75.46499633789062,76.30500030517578,21.0,6.075500011444092,6.075500011444092,6.075500011444092,6.020999908447266,6.0229997634887695,957.0,2022.5999755859375,2022.5999755859375,2022.5999755859375,2003.0,2003.0,11.0,95.8499984741211,95.8499984741211,98.38999938964844,92.30000305175781,92.9000015258789,365210.0,105.06999969482422,105.06999969482422,107.36000061035156,101.27999877929688,101.58000183105469,54489.0,7108.39990234375,7108.39990234375,7147.77978515625,7046.5498046875,7118.7998046875,5307260000.0,49310.3203125,49310.3203125,49522.94140625,48861.30859375,49284.8515625,455470000.0,24438.5,24438.5,24664.869140625,24209.740234375,24553.75,7956600000.0,59140.23046875,59140.23046875,60013.98046875,58621.48046875,59758.640625,165300000.0,393.6000061035156,393.6000061035156,397.6000061035156,390.29998779296875,396.70001220703125,21774440.0,24155.44921875,24155.44921875,24204.470703125,23991.779296875,24076.69921875,61724000.0,10457.0,10457.0,10477.2001953125,10361.5,10476.7998046875,799001700.0,98.80000305175781,98.80000305175781,98.94000244140625,98.52999877929688,98.62000274658203,0.0,159.48800659179688,159.48800659179688,159.7760009765625,159.29800415039062,159.49400329589844,0.0,78268.953125,78268.953125,78676.9375,77014.453125,78203.875,40354900916.0
2026-04-24,4722.2998046875,4722.2998046875,4722.2998046875,4657.5,4695.0,45.0,76.38300323486328,76.38300323486328,76.38300323486328,76.38300323486328,76.38300323486328,31.0,6.023499965667725,6.023499965667725,6.023499965667725,5.980000019073486,5.980000019073486,788.0,2015.0,2015.0,2015.0,2015.0,2015.0,4.0,94.4000015258789,94.4000015258789,97.8499984741211,92.68000030517578,96.62000274658203,330280.0,105.33000183105469,105.33000183105469,107.45999908447266,103.4000015258789,106.27999877929688,52646.0,7165.080078125,7165.080078125,7168.58984375,7112.81982421875,7136.47998046875,4608830000.0,49230.7109375,49230.7109375,49393.33984375,49085.75,49320.2890625,536950000.0,24836.599609375,24836.599609375,24854.0390625,24524.369140625,24616.560546875,10203070000.0,59716.1796875,59716.1796875,59763.6796875,59225.37109375,59407.44140625,141400000.0,393.70001220703125,393.70001220703125,395.8999938964844,392.5,395.70001220703125,9457590.0,24128.98046875,24128.98046875,24330.619140625,23998.0703125,24217.69921875,65318300.0,10379.099609375,10379.099609375,10462.5,10365.900390625,10457.7001953125,649201500.0,98.51000213623047,98.51000213623047,98.91999816894531,98.48999786376953,98.81999969482422,0.0,159.7469940185547,159.7469940185547,159.83700561523438,159.33599853515625,159.74200439453125,0.0,77455.3125,77455.3125,78554.09375,77318.4453125,78263.8203125,32784213526.0
2026-04-25,4722.2998046875,4722.2998046875,4722.2998046875,4657.5,4695.0,45.0,76.38300323486328,76.38300323486328,76.38300323486328,76.38300323486328,76.38300323486328,31.0,6.023499965667725,6.023499965667725,6.023499965667725,5.980000019073486,5.980000019073486,788.0,2015.0,2015.0,2015.0,2015.0,2015.0,4.0,94.4000015258789,94.4000015258789,97.8499984741211,92.68000030517578,96.62000274658203,330280.0,105.33000183105469,105.33000183105469,107.45999908447266,103.4000015258789,106.27999877929688,52646.0,7165.080078125,7165.080078125,7168.58984375,7112.81982421875,7136.47998046875,4608830000.0,49230.7109375,49230.7109375,49393.33984375,49085.75,49320.2890625,536950000.0,24836.599609375,24836.599609375,24854.0390625,24524.369140625,24616.560546875,10203070000.0,59716.1796875,59716.1796875,59763.6796875,59225.37109375,59407.44140625,141400000.0,393.70001220703125,393.70001220703125,395.8999938964844,392.5,395.70001220703125,9457590.0,24128.98046875,24128.98046875,24330.619140625,23998.0703125,24217.69921875,65318300.0,10379.099609375,10379.099609375,10462.5,10365.900390625,10457.7001953125,649201500.0,98.51000213623047,98.51000213623047,98.91999816894531,98.48999786376953,98.81999969482422,0.0,159.7469940185547,159.7469940185547,159.83700561523438,159.33599853515625,159.74200439453125,0.0,77612.015625,77612.015625,77882.640625,77184.6640625,77457.2109375,16702933134.0
2026-04-26,4722.2998046875,4722.2998046875,4722.2998046875,4657.5,4695.0,45.0,76.38300323486328,76.38300323486328,76.38300323486328,76.38300323486328,76.38300323486328,31.0,6.023499965667725,6.023499965667725,6.023499965667725,5.980000019073486,5.980000019073486,788.0,2015.0,2015.0,2015.0,2015.0,2015.0,4.0,94.4000015258789,94.4000015258789,97.8499984741211,92.68000030517578,96.62000274658203,330280.0,105.33000183105469,105.33000183105469,107.45999908447266,103.4000015258789,106.27999877929688,52646.0,7165.080078125,7165.080078125,7168.58984375,7112.81982421875,7136.47998046875,4608830000.0,49230.7109375,49230.7109375,49393.33984375,49085.75,49320.2890625,536950000.0,24836.599609375,24836.599609375,24854.0390625,24524.369140625,24616.560546875,10203070000.0,59716.1796875,59716.1796875,59763.6796875,59225.37109375,59407.44140625,141400000.0,393.70001220703125,393.70001220703125,395.8999938964844,392.5,395.70001220703125,9457590.0,24128.98046875,24128.98046875,24330.619140625,23998.0703125,24217.69921875,65318300.0,10379.099609375,10379.099609375,10462.5,10365.900390625,10457.7001953125,649201500.0,98.51000213623047,98.51000213623047,98.91999816894531,98.48999786376953,98.81999969482422,0.0,159.7469940185547,159.7469940185547,159.83700561523438,159.33599853515625,159.74200439453125,0.0,78657.5390625,78657.5390625,78923.5625,77334.890625,77613.1171875,21482934750.0
2026-04-27,4675.39990234375,4675.39990234375,4711.10009765625,4675.39990234375,4707.60009765625,538.0,75.00299835205078,75.00299835205078,75.33499908447266,74.75499725341797,75.26499938964844,7.0,6.01800012588501,6.01800012588501,6.021999835968018,6.01800012588501,6.021999835968018,914.0,1981.0999755859375,1981.0999755859375,2011.0,1981.0999755859375,2008.300048828125,71.0,96.37000274658203,96.37000274658203,97.66999816894531,94.58999633789062,95.5999984741211,219055.0,108.2300033569336,108.2300033569336,109.79000091552734,105.8499984741211,106.5,29439.0,7173.91015625,7173.91015625,7178.740234375,7146.72021484375,7152.72021484375,4783750000.0,49167.7890625,49167.7890625,49353.69140625,49029.46875,49112.19921875,514570000.0,24887.099609375,24887.099609375,24899.369140625,24694.8203125,24799.640625,8126500000.0,60537.359375,60537.359375,60903.94921875,59608.62890625,59880.7109375,148900000.0,395.8999938964844,395.8999938964844,397.8999938964844,391.0,394.29998779296875,35268650.0,24083.529296875,24083.529296875,24382.3203125,24049.439453125,24196.4296875,49745100.0,10321.099609375,10321.099609375,10410.7998046875,10318.2998046875,10378.5,939012800.0,98.4800033569336,98.4800033569336,99.33999633789062,98.20999908447266,99.33000183105469,0.0,159.5760040283203,159.5760040283203,159.5749969482422,159.08999633789062,159.5749969482422,0.0,77366.625,77366.625,79488.171875,76481.34375,78661.015625,38135631927.0
2026-04-28,4591.5,4591.5,4680.89990234375,4591.5,4680.89990234375,2660.0,73.20500183105469,73.20500183105469,73.20500183105469,73.20500183105469,73.20500183105469,28613.0,5.9145002365112305,5.9145002365112305,5.9145002365112305,5.9145002365112305,5.9145002365112305,23966.0,1942.300048828125,1942.300048828125,1942.300048828125,1942.300048828125,1942.300048828125,400.0,99.93000030517578,99.93000030517578,101.8499984741211,96.23999786376953,96.66999816894531,281078.0,111.26000213623047,111.26000213623047,112.69000244140625,107.91999816894531,108.30000305175781,23451.0,7138.7998046875,7138.7998046875,7152.52001953125,7115.169921875,7133.740234375,4900650000.0,49141.9296875,49141.9296875,49381.328125,49077.75,49276.80078125,508210000.0,24663.80078125,24663.80078125,24724.69921875,24524.23046875,24609.5703125,7441950000.0,59917.4609375,59917.4609375,60634.66015625,59701.83984375,60531.78125,174500000.0,400.0,400.0,400.0,396.5,397.79998779296875,18269570.0,24018.259765625,24018.259765625,24153.990234375,23897.240234375,24067.91015625,56781800.0,10332.7998046875,10332.7998046875,10381.900390625,10288.7001953125,10321.7998046875,931577500.0,98.62000274658203,98.62000274658203,98.87000274658203,98.43000030517578,98.47000122070312,0.0,159.35699462890625,159.35699462890625,159.78399658203125,158.97000122070312,159.35899353027344,0.0,76350.671875,76350.671875,77483.8671875,75673.6015625,77368.1171875,32056900880.0
2026-04-29,4545.2001953125,4545.2001953125,4601.60009765625,4515.7001953125,4598.60009765625,507.0,71.56900024414062,71.56900024414062,73.81500244140625,70.88500213623047,72.98500061035156,4128.0,5.878499984741211,5.878499984741211,5.964000225067139,5.862500190734863,5.923500061035156,4555.0,1885.300048828125,1885.300048828125,1933.0,1876.0,1929.9000244140625,70.0,106.87999725341797,106.87999725341797,108.5999984741211,98.41999816894531,99.70999908447266,318841.0,118.02999877929688,118.02999877929688,120.30000305175781,110.20999908447266,111.01000213623047,18031.0,7135.9501953125,7135.9501953125,7145.6298828125,7107.85986328125,7131.60986328125,5123100000.0,48861.80859375,48861.80859375,49163.78125,48708.5703125,49163.78125,453280000.0,24673.240234375,24673.240234375,24724.109375,24532.69921875,24606.529296875,8147470000.0,59917.4609375,59917.4609375,60634.66015625,59701.83984375,60531.78125,174500000.0,400.0,400.0,400.0,396.5,397.79998779296875,18269570.0,23954.560546875,23954.560546875,24110.0,23880.51953125,24072.900390625,65994600.0,10213.099609375,10213.099609375,10338.2998046875,10188.7001953125,10332.900390625,947569000.0,98.91999816894531,98.91999816894531,99.05000305175781,98.56999969482422,98.61000061035156,0.0,159.552001953125,159.552001953125,160.28799438476562,159.52099609375,159.5449981689453,0.0,75776.1328125,75776.1328125,77884.96875,74958.5703125,76350.6875,41460907886.0
2026-04-30,4614.7001953125,4614.7001953125,4636.7001953125,4561.89990234375,4561.89990234375,77.0,73.53399658203125,73.53399658203125,73.8499984741211,71.38500213623047,71.38500213623047,498.0,5.926000118255615,5.926000118255615,5.978000164031982,5.892000198364258,5.9029998779296875,1622.0,1979.0,1979.0,1979.0,1891.9000244140625,1891.9000244140625,54.0,105.06999969482422,105.06999969482422,110.93000030517578,103.33999633789062,109.06999969482422,341994.0,114.01000213623047,114.01000213623047,126.0999984741211,113.0,119.9800033569336,58572.0,7209.009765625,7209.009765625,7219.830078125,7126.14990234375,7161.75,5723790000.0,49652.140625,49652.140625,49753.26171875,48762.9296875,48762.9296875,733120000.0,24892.310546875,24892.310546875,24935.599609375,24491.830078125,24859.939453125,8139190000.0,59284.921875,59284.921875,59560.5703125,58928.19921875,59484.7109375,201600000.0,394.1000061035156,394.1000061035156,396.0,392.29998779296875,396.0,17418510.0,24292.380859375,24292.380859375,24293.109375,23715.7109375,23715.7109375,76834200.0,10378.7998046875,10378.7998046875,10387.599609375,10205.2001953125,10213.2998046875,1148625600.0,98.08000183105469,98.08000183105469,99.08999633789062,98.01000213623047,98.8499984741211,0.0,160.1840057373047,160.1840057373047,160.70199584960938,155.55099487304688,160.1929931640625,0.0,76304.3203125,76304.3203125,76611.484375,75318.984375,75778.6328125,29497862305.0
2026-05-01,4629.89990234375,4629.89990234375,4636.7001953125,4581.7001953125,4636.7001953125,113.0,75.95099639892578,75.95099639892578,76.87999725341797,73.11000061035156,74.41999816894531,598.0,5.932000160217285,5.932000160217285,5.935999870300293,5.9120001792907715,5.933499813079834,1399.0,1996.5999755859375,1996.5999755859375,1996.5999755859375,1996.5999755859375,1996.5999755859375,7.0,101.94000244140625,101.94000244140625,106.6500015258789,99.30000305175781,105.13999938964844,268707.0,108.16999816894531,108.16999816894531,112.43000030517578,106.2699966430664,111.01000213623047,40576.0,7230.1201171875,7230.1201171875,7272.52001953125,7229.31982421875,7234.5400390625,4847390000.0,49499.26953125,49499.26953125,49988.55859375,49496.46875,49832.5703125,465300000.0,25114.439453125,25114.439453125,25223.119140625,24967.08984375,24977.7890625,7534290000.0,59513.12109375,59513.12109375,59706.69921875,59263.5,59379.12109375,150700000.0,394.6000061035156,394.6000061035156,396.5,391.20001220703125,394.20001220703125,13476730.0,24292.380859375,24292.380859375,24293.109375,23715.7109375,23715.7109375,76834200.0,10363.900390625,10363.900390625,10378.5,10294.2001953125,10378.400390625,857577100.0,98.20999908447266,98.20999908447266,98.23999786376953,97.72000122070312,98.12999725341797,0.0,156.97799682617188,156.97799682617188,157.3090057373047,155.51600646972656,156.99400329589844,0.0,78179.0,78179.0,78894.9765625,76294.6953125,76305.0546875,39164328894.0
2026-05-02,4629.89990234375,4629.89990234375,4636.7001953125,4581.7001953125,4636.7001953125,113.0,75.95099639892578,75.95099639892578,76.87999725341797,73.11000061035156,74.41999816894531,598.0,5.932000160217285,5.932000160217285,5.935999870300293,5.9120001792907715,5.933499813079834,1399.0,1996.5999755859375,1996.5999755859375,1996.5999755859375,1996.5999755859375,1996.5999755859375,7.0,101.94000244140625,101.94000244140625,106.6500015258789,99.30000305175781,105.13999938964844,268707.0,108.16999816894531,108.16999816894531,112.43000030517578,106.2699966430664,111.01000213623047,40576.0,7230.1201171875,7230.1201171875,7272.52001953125,7229.31982421875,7234.5400390625,4847390000.0,49499.26953125,49499.26953125,49988.55859375,49496.46875,49832.5703125,465300000.0,25114.439453125,25114.439453125,25223.119140625,24967.08984375,24977.7890625,7534290000.0,59513.12109375,59513.12109375,59706.69921875,59263.5,59379.12109375,150700000.0,394.6000061035156,394.6000061035156,396.5,391.20001220703125,394.20001220703125,13476730.0,24292.380859375,24292.380859375,24293.109375,23715.7109375,23715.7109375,76834200.0,10363.900390625,10363.900390625,10378.5,10294.2001953125,10378.400390625,857577100.0,98.20999908447266,98.20999908447266,98.23999786376953,97.72000122070312,98.12999725341797,0.0,156.97799682617188,156.97799682617188,157.3090057373047,155.51600646972656,156.99400329589844,0.0,78657.25,78657.25,79119.7890625,78031.9609375,78177.75,16761531851.0
2026-05-03,4629.89990234375,4629.89990234375,4636.7001953125,4581.7001953125,4636.7001953125,113.0,75.95099639892578,75.95099639892578,76.87999725341797,73.11000061035156,74.41999816894531,598.0,5.932000160217285,5.932000160217285,5.935999870300293,5.9120001792907715,5.933499813079834,1399.0,1996.5999755859375,1996.5999755859375,1996.5999755859375,1996.5999755859375,1996.5999755859375,7.0,101.94000244140625,101.94000244140625,106.6500015258789,99.30000305175781,105.13999938964844,268707.0,108.16999816894531,108.16999816894531,112.43000030517578,106.2699966430664,111.01000213623047,40576.0,7230.1201171875,7230.1201171875,7272.52001953125,7229.31982421875,7234.5400390625,4847390000.0,49499.26953125,49499.26953125,49988.55859375,49496.46875,49832.5703125,465300000.0,25114.439453125,25114.439453125,25223.119140625,24967.08984375,24977.7890625,7534290000.0,59513.12109375,59513.12109375,59706.69921875,59263.5,59379.12109375,150700000.0,394.6000061035156,394.6000061035156,396.5,391.20001220703125,394.20001220703125,13476730.0,24292.380859375,24292.380859375,24293.109375,23715.7109375,23715.7109375,76834200.0,10363.900390625,10363.900390625,10378.5,10294.2001953125,10378.400390625,857577100.0,98.20999908447266,98.20999908447266,98.23999786376953,97.72000122070312,98.12999725341797,0.0,156.97799682617188,156.97799682617188,157.3090057373047,155.51600646972656,156.99400329589844,0.0,78538.2265625,78538.2265625,79402.359375,78073.078125,78656.7265625,20544392639.0
2026-05-04,4519.5,4519.5,4581.2001953125,4512.7001953125,4581.2001953125,20.0,73.0719985961914,73.0719985961914,75.4000015258789,72.5,75.4000015258789,591.0,5.795000076293945,5.795000076293945,5.89900016784668,5.789999961853027,5.807000160217285,827.0,1946.9000244140625,1946.9000244140625,1946.9000244140625,1946.9000244140625,1946.9000244140625,7.0,106.41999816894531,106.41999816894531,107.45999908447266,99.11000061035156,99.7300033569336,342843.0,114.44000244140625,114.44000244140625,115.25,105.66000366210938,107.12999725341797,67567.0,7200.75,7200.75,7244.5400390625,7174.1201171875,7228.3798828125,5215480000.0,48941.8984375,48941.8984375,49441.4296875,48913.05859375,49416.66015625,439460000.0,25067.80078125,25067.80078125,25210.470703125,24913.119140625,25112.1796875,7849180000.0,59513.12109375,59513.12109375,59706.69921875,59263.5,59379.12109375,150700000.0,394.6000061035156,394.6000061035156,396.5,391.20001220703125,394.20001220703125,13476730.0,23991.26953125,23991.26953125,24406.640625,23974.740234375,24274.5,68242300.0,10363.900390625,10363.900390625,10378.5,10294.2001953125,10378.400390625,857577100.0,98.47000122070312,98.47000122070312,98.54000091552734,97.97000122070312,98.05000305175781,0.0,156.8459930419922,156.8459930419922,157.27699279785156,155.81500244140625,156.89999389648438,0.0,79827.90625,79827.90625,80742.359375,78217.9609375,78540.2890625,54325085296.0
2026-05-05,4555.7998046875,4555.7998046875,4580.5,4547.60009765625,4547.60009765625,426.0,73.10800170898438,73.10800170898438,73.94499969482422,72.66999816894531,72.66999816894531,194.0,5.942999839782715,5.942999839782715,5.9679999351501465,5.819499969482422,5.820499897003174,640.0,1960.699951171875,1960.699951171875,1960.699951171875,1960.699951171875,1960.699951171875,0.0,102.2699966430664,102.2699966430664,105.4800033569336,101.08000183105469,104.93000030517578,241150.0,109.87000274658203,109.87000274658203,114.44999694824219,109.5999984741211,113.81999969482422,39713.0,7259.22021484375,7259.22021484375,7273.259765625,7233.6201171875,7233.6201171875,5279760000.0,49298.25,49298.25,49365.21875,49009.109375,49037.12109375,395600000.0,25326.130859375,25326.130859375,25361.05078125,25217.16015625,25258.880859375,8090030000.0,59513.12109375,59513.12109375,59706.69921875,59263.5,59379.12109375,150700000.0,394.6000061035156,394.6000061035156,396.5,391.20001220703125,394.20001220703125,13476730.0,24401.69921875,24401.69921875,24403.560546875,23988.919921875,24014.650390625,67678500.0,10219.099609375,10219.099609375,10365.400390625,10164.2998046875,10365.400390625,1130541900.0,98.4800033569336,98.4800033569336,98.58000183105469,98.30999755859375,98.47000122070312,0.0,157.19400024414062,157.19400024414062,157.8350067138672,157.12100219726562,157.2050018310547,0.0,80927.0546875,80927.0546875,81751.453125,79787.578125,79823.53125,39700107376.0
2026-05-06,4681.89990234375,4681.89990234375,4712.60009765625,4663.60009765625,4663.60009765625,212.0,76.81099700927734,76.81099700927734,77.83499908447266,73.7750015258789,73.88999938964844,235.0,6.136499881744385,6.136499881744385,6.1554999351501465,5.9604997634887695,5.9604997634887695,1278.0,2048.699951171875,2048.699951171875,2058.10009765625,2048.699951171875,2058.10009765625,28.0,95.08000183105469,95.08000183105469,102.69999694824219,88.66000366210938,102.69999694824219,423491.0,101.2699966430664,101.2699966430664,110.44999694824219,96.7300033569336,110.44999694824219,61814.0,7365.1201171875,7365.1201171875,7369.22021484375,7294.14013671875,7294.14013671875,6579640000.0,49910.58984375,49910.58984375,50011.53125,49442.19140625,49442.19140625,552640000.0,25838.939453125,25838.939453125,25850.189453125,25464.439453125,25495.169921875,8864150000.0,59513.12109375,59513.12109375,59706.69921875,59263.5,59379.12109375,150700000.0,394.6000061035156,394.6000061035156,396.5,391.20001220703125,394.20001220703125,13476730.0,24918.689453125,24918.689453125,25152.509765625,24634.759765625,24636.16015625,95396000.0,10438.7001953125,10438.7001953125,10488.2001953125,10218.7998046875,10218.7998046875,1075796500.0,98.0199966430664,98.0199966430664,98.33999633789062,97.62999725341797,98.30999755859375,0.0,157.677001953125,157.677001953125,157.88900756835938,155.0469970703125,157.6649932861328,0.0,81427.53125,81427.53125,82792.2109375,80751.0234375,80930.734375,41751540000.0
2026-05-07,4699.7998046875,4699.7998046875,4736.2001953125,4699.7998046875,4704.7998046875,254.0,79.70099639892578,79.70099639892578,82.17500305175781,77.87000274658203,77.87000274658203,301.0,6.127500057220459,6.127500057220459,6.1875,6.110000133514404,6.145999908447266,738.0,2048.10009765625,2048.10009765625,2068.199951171875,2048.10009765625,2068.199951171875,14.0,94.80999755859375,94.80999755859375,97.98999786376953,89.8499984741211,96.30000305175781,392091.0,100.05999755859375,100.05999755859375,103.41000366210938,96.06999969482422,101.52999877929688,62847.0,7337.10986328125,7337.10986328125,7385.02001953125,7321.25,7376.77978515625,6237040000.0,49596.96875,49596.96875,50130.19921875,49487.96875,50002.390625,482010000.0,25806.19921875,25806.19921875,26036.380859375,25713.650390625,25881.30078125,9118880000.0,62833.83984375,62833.83984375,63091.140625,60213.01953125,60241.30859375,230800000.0,407.20001220703125,407.20001220703125,409.6000061035156,402.5,404.1000061035156,25211910.0,24663.609375,24663.609375,25021.01953125,24650.990234375,24940.359375,70027300.0,10277.0,10277.0,10440.599609375,10277.0,10438.599609375,1003984800.0,98.25,98.25,98.27999877929688,97.81999969482422,98.02999877929688,0.0,156.50799560546875,156.50799560546875,156.51100158691406,156.03599548339844,156.51100158691406,0.0,80009.9921875,80009.9921875,81684.953125,79522.65625,81428.8515625,36931193154.0
2026-05-08,4720.39990234375,4720.39990234375,4724.7998046875,4713.60009765625,4714.39990234375,120.0,80.3949966430664,80.3949966430664,81.5999984741211,80.05999755859375,80.81500244140625,14.0,6.249000072479248,6.249000072479248,6.257999897003174,6.052499771118164,6.052499771118164,661.0,2047.199951171875,2047.199951171875,2047.199951171875,2042.0,2042.0,43.0,95.41999816894531,95.41999816894531,98.63999938964844,93.81999969482422,98.25,243423.0,101.29000091552734,101.29000091552734,103.95999908447266,99.54000091552734,103.55999755859375,34316.0,7398.93017578125,7398.93017578125,7401.5,7362.97021484375,7362.97021484375,5302740000.0,49609.16015625,49609.16015625,49830.69921875,49486.9609375,49581.08984375,456510000.0,26247.080078125,26247.080078125,26248.619140625,25944.779296875,25958.119140625,9577150000.0,62713.6484375,62713.6484375,62724.359375,62137.94921875,62654.01171875,213500000.0,405.8999938964844,405.8999938964844,406.20001220703125,402.8999938964844,405.5,12794980.0,24338.630859375,24338.630859375,24513.51953125,24289.720703125,24447.650390625,60390000.0,10233.099609375,10233.099609375,10278.7001953125,10185.0,10277.400390625,747839300.0,97.83999633789062,97.83999633789062,98.27999877929688,97.83000183105469,98.25,0.0,156.82899475097656,156.82899475097656,156.97300720214844,156.4459991455078,156.83799743652344,0.0,80186.765625,80186.765625,80447.265625,79205.515625,80009.625,33789351540.0
2026-05-09,4720.39990234375,4720.39990234375,4724.7998046875,4713.60009765625,4714.39990234375,120.0,80.3949966430664,80.3949966430664,81.5999984741211,80.05999755859375,80.81500244140625,14.0,6.249000072479248,6.249000072479248,6.257999897003174,6.052499771118164,6.052499771118164,661.0,2047.199951171875,2047.199951171875,2047.199951171875,2042.0,2042.0,43.0,95.41999816894531,95.41999816894531,98.63999938964844,93.81999969482422,98.25,243423.0,101.29000091552734,101.29000091552734,103.95999908447266,99.54000091552734,103.55999755859375,34316.0,7398.93017578125,7398.93017578125,7401.5,7362.97021484375,7362.97021484375,5302740000.0,49609.16015625,49609.16015625,49830.69921875,49486.9609375,49581.08984375,456510000.0,26247.080078125,26247.080078125,26248.619140625,25944.779296875,25958.119140625,9577150000.0,62713.6484375,62713.6484375,62724.359375,62137.94921875,62654.01171875,213500000.0,405.8999938964844,405.8999938964844,406.20001220703125,402.8999938964844,405.5,12794980.0,24338.630859375,24338.630859375,24513.51953125,24289.720703125,24447.650390625,60390000.0,10233.099609375,10233.099609375,10278.7001953125,10185.0,10277.400390625,747839300.0,97.83999633789062,97.83999633789062,98.27999877929688,97.83000183105469,98.25,0.0,156.82899475097656,156.82899475097656,156.97300720214844,156.4459991455078,156.83799743652344,0.0,80664.3671875,80664.3671875,81030.0625,80119.9296875,80187.7421875,18102086996.0
2026-05-10,4720.39990234375,4720.39990234375,4724.7998046875,4713.60009765625,4714.39990234375,120.0,80.3949966430664,80.3949966430664,81.5999984741211,80.05999755859375,80.81500244140625,14.0,6.249000072479248,6.249000072479248,6.257999897003174,6.052499771118164,6.052499771118164,661.0,2047.199951171875,2047.199951171875,2047.199951171875,2042.0,2042.0,43.0,95.41999816894531,95.41999816894531,98.63999938964844,93.81999969482422,98.25,243423.0,101.29000091552734,101.29000091552734,103.95999908447266,99.54000091552734,103.55999755859375,34316.0,7398.93017578125,7398.93017578125,7401.5,7362.97021484375,7362.97021484375,5302740000.0,49609.16015625,49609.16015625,49830.69921875,49486.9609375,49581.08984375,456510000.0,26247.080078125,26247.080078125,26248.619140625,25944.779296875,25958.119140625,9577150000.0,62713.6484375,62713.6484375,62724.359375,62137.94921875,62654.01171875,213500000.0,405.8999938964844,405.8999938964844,406.20001220703125,402.8999938964844,405.5,12794980.0,24338.630859375,24338.630859375,24513.51953125,24289.720703125,24447.650390625,60390000.0,10233.099609375,10233.099609375,10278.7001953125,10185.0,10277.400390625,747839300.0,97.83999633789062,97.83999633789062,98.27999877929688,97.83000183105469,98.25,0.0,156.82899475097656,156.82899475097656,156.97300720214844,156.4459991455078,156.83799743652344,0.0,82138.9296875,82138.9296875,82430.171875,80274.1328125,80665.609375,26965971077.0
2026-05-11,4718.7001953125,4718.7001953125,4729.5,4718.7001953125,4729.5,36.0,85.48500061035156,85.48500061035156,86.25,85.0,85.6050033569336,408.0,6.41349983215332,6.41349983215332,6.447999954223633,6.257999897003174,6.257999897003174,609.0,2115.5,2115.5,2115.5,2115.5,2115.5,169.0,98.06999969482422,98.06999969482422,100.37000274658203,96.12999725341797,98.19000244140625,256251.0,104.20999908447266,104.20999908447266,106.0,102.81999969482422,104.0,35359.0,7412.83984375,7412.83984375,7428.97021484375,7384.2001953125,7385.31005859375,5821910000.0,49704.46875,49704.46875,49771.23828125,49475.78125,49549.0703125,493230000.0,26274.130859375,26274.130859375,26359.310546875,26129.830078125,26135.630859375,11989910000.0,62417.87890625,62417.87890625,63385.0390625,62380.62109375,63203.44140625,202300000.0,407.1000061035156,407.1000061035156,410.0,405.79998779296875,407.1000061035156,9307430.0,24350.279296875,24350.279296875,24362.80078125,24202.330078125,24333.310546875,62653300.0,10269.400390625,10269.400390625,10286.599609375,10226.5,10233.599609375,1001278500.0,97.94000244140625,97.94000244140625,98.1500015258789,97.8499984741211,98.04000091552734,0.0,156.85800170898438,156.85800170898438,157.16900634765625,156.85499572753906,156.88900756835938,0.0,81728.296875,81728.296875,82326.234375,80451.421875,82139.046875,32409774919.0
2026-05-12,4677.60009765625,4677.60009765625,4765.2001953125,4677.60009765625,4762.2001953125,93.0,85.12999725341797,85.12999725341797,86.91000366210938,83.75,86.49500274658203,418.0,6.485000133514404,6.485000133514404,6.60099983215332,6.434999942779541,6.434999942779541,782.0,2110.0,2110.0,2110.0,2110.0,2110.0,0.0,102.18000030517578,102.18000030517578,102.72000122070312,98.0,98.38999938964844,231747.0,107.7699966430664,107.7699966430664,108.41999816894531,104.11000061035156,104.5,30738.0,7400.9599609375,7400.9599609375,7409.56982421875,7338.5400390625,7390.6298828125,5624790000.0,49760.55859375,49760.55859375,49823.94140625,49307.66015625,49739.62109375,498360000.0,26088.19921875,26088.19921875,26190.48046875,25739.220703125,26087.009765625,9631840000.0,62742.5703125,62742.5703125,63218.51171875,62158.4296875,62618.71875,189200000.0,410.29998779296875,410.29998779296875,412.70001220703125,406.79998779296875,410.3999938964844,9041680.0,23954.9296875,23954.9296875,24210.740234375,23920.69921875,24048.25,65296100.0,10265.2998046875,10265.2998046875,10271.2001953125,10152.099609375,10271.2001953125,1448117500.0,98.29000091552734,98.29000091552734,98.45999908447266,97.94999694824219,97.95999908447266,0.0,157.2310028076172,157.2310028076172,157.74600219726562,156.8090057373047,157.27000427246094,0.0,80477.4921875,80477.4921875,81753.03125,79832.1015625,81725.3515625,32186688600.0
2026-05-13,4697.7001953125,4697.7001953125,4722.7001953125,4679.5,4722.7001953125,93.0,88.88800048828125,88.88800048828125,88.88800048828125,86.93000030517578,86.93000030517578,418.0,6.635499954223633,6.635499954223633,6.644999980926514,6.5960001945495605,6.5960001945495605,782.0,2187.10009765625,2187.10009765625,2197.60009765625,2133.199951171875,2133.199951171875,0.0,101.0199966430664,101.0199966430664,103.66999816894531,100.55999755859375,102.16000366210938,231747.0,105.62999725341797,105.62999725341797,108.30999755859375,105.30999755859375,107.73999786376953,30738.0,7444.25,7444.25,7460.0400390625,7375.1298828125,7409.1201171875,5716600000.0,49693.19921875,49693.19921875,49747.609375,49451.0,49674.578125,485990000.0,26402.33984375,26402.33984375,26474.1796875,25990.16015625,26147.650390625,9734720000.0,63272.109375,63272.109375,63347.91015625,62318.87109375,62398.01953125,181000000.0,415.70001220703125,415.70001220703125,416.3999938964844,409.79998779296875,410.0,17206170.0,24136.810546875,24136.810546875,24226.169921875,24002.4609375,24129.5703125,63497600.0,10325.400390625,10325.400390625,10360.5,10240.400390625,10264.900390625,747664500.0,98.4800033569336,98.4800033569336,98.5999984741211,98.26000213623047,98.30999755859375,0.0,157.67100524902344,157.67100524902344,157.89100646972656,157.57899475097656,157.6750030517578,0.0,79277.1171875,79277.1171875,81276.671875,78725.5078125,80476.7890625,34075428359.0
2026-05-14,4655.2001953125,4655.2001953125,4670.10009765625,4651.0,4654.5,5015.0,84.05999755859375,84.05999755859375,84.37999725341797,83.31500244140625,84.0,1909.0,6.58050012588501,6.58050012588501,6.586999893188477,6.567999839782715,6.579999923706055,547.0,2074.5,2074.5,2082.5,2065.5,2069.89990234375,264.0,101.86000061035156,101.86000061035156,102.06999969482422,101.4800033569336,102.05999755859375,1041.0,106.4800033569336,106.4800033569336,106.62000274658203,106.05000305175781,106.56999969482422,141.0,7501.240234375,7501.240234375,7517.1201171875,7454.39990234375,7454.39990234375,3015467000.0,50063.4609375,50063.4609375,50200.5390625,49843.578125,49843.578125,515361436.0,26635.22265625,26635.22265625,26707.140625,26423.20703125,26425.46875,9002885000.0,63272.109375,63272.109375,63347.91015625,62318.87109375,62398.01953125,181000000.0,411.20001220703125,411.20001220703125,416.6000061035156,411.20001220703125,416.5,16840080.0,24136.810546875,24136.810546875,24492.94921875,24329.740234375,24366.419921875,0.0,10325.400390625,10325.400390625,10375.4296875,10310.16015625,10325.169921875,0.0,98.9540023803711,98.9540023803711,98.9540023803711,98.9229965209961,98.92900085449219,0.0,157.8509979248047,157.8509979248047,158.18299865722656,157.60899353027344,157.8470001220703,0.0,79277.1171875,79277.1171875,81276.671875,78725.5078125,80476.7890625,34075428359.0
2026-05-15,4655.2001953125,4655.2001953125,4670.10009765625,4651.0,4654.5,5015.0,84.05999755859375,84.05999755859375,84.37999725341797,83.31500244140625,84.0,1909.0,6.58050012588501,6.58050012588501,6.586999893188477,6.567999839782715,6.579999923706055,547.0,2074.5,2074.5,2082.5,2065.5,2069.89990234375,264.0,101.86000061035156,101.86000061035156,102.06999969482422,101.4800033569336,102.05999755859375,1041.0,106.4800033569336,106.4800033569336,106.62000274658203,106.05000305175781,106.56999969482422,141.0,7501.240234375,7501.240234375,7517.1201171875,7454.39990234375,7454.39990234375,3015467000.0,50063.4609375,50063.4609375,50200.5390625,49843.578125,49843.578125,515361436.0,26635.22265625,26635.22265625,26707.140625,26423.20703125,26425.46875,9002885000.0,63272.109375,63272.109375,63347.91015625,62318.87109375,62398.01953125,181000000.0,411.20001220703125,411.20001220703125,416.6000061035156,411.20001220703125,416.5,16840080.0,24136.810546875,24136.810546875,24492.94921875,24329.740234375,24366.419921875,0.0,10325.400390625,10325.400390625,10375.4296875,10310.16015625,10325.169921875,0.0,98.9540023803711,98.9540023803711,98.9540023803711,98.9229965209961,98.92900085449219,0.0,158.3800048828125,158.3800048828125,158.44000244140625,158.27499389648438,158.34800720214844,0.0,81278.796875,81278.796875,81170.5,81069.5390625,81069.5390625,43384754176.0
